{"type": "FeatureCollection", "features": [{"type": "Feature", "geometry": {"type": "Point", "coordinates": [-94.21951543444777, 36.344804575822344]}, "properties": {"NAME": "Bentonville Muni/Louise M Thaden Fld", "IDENT": "VBT", "TYPE_CODE": "AD", "SERVCITY": "BENTONVILLE", "ELEVATION": 1297.9, "LATITUDE": "36-20-41.2730N", "LONGITUDE": "094-13-10.2300W"}}, {"type": "Feature", "geometry": {"type": "Point", "coordinates": [-93.62454722385685, 36.381348500505645]}, "properties": {"NAME": "Carroll County", "IDENT": "4M1", "TYPE_CODE": "AD", "SERVCITY": "BERRYVILLE", "ELEVATION": 1205.6000000000001, "LATITUDE": "36-22-52.8310N", "LONGITUDE": "093-37-28.3450W"}}, {"type": "Feature", "geometry": {"type": "Point", "coordinates": [-94.19660709020633, 36.2779148418212]}, "properties": {"NAME": "Elder Airstrip", "IDENT": "6AR1", "TYPE_CODE": "AD", "SERVCITY": "CAVE SPRINGS", "ELEVATION": 1300, "LATITUDE": "36-16-40.4700N", "LONGITUDE": "094-11-47.7600W"}}, {"type": "Feature", "geometry": {"type": "Point", "coordinates": [-93.75871246430629, 35.39286192320534]}, "properties": {"NAME": "Winfield Airpark", "IDENT": "54AR", "TYPE_CODE": "AD", "SERVCITY": "ALTUS", "ELEVATION": 390, "LATITUDE": "35-23-34.2800N", "LONGITUDE": "093-45-31.3400W"}}, {"type": "Feature", "geometry": {"type": "Point", "coordinates": [-93.86339647483642, 35.14953264968783]}, "properties": {"NAME": "Booneville Muni", "IDENT": "4M2", "TYPE_CODE": "AD", "SERVCITY": "BOONEVILLE", "ELEVATION": 467.8, "LATITUDE": "35-08-58.2948N", "LONGITUDE": "093-51-48.2024W"}}, {"type": "Feature", "geometry": {"type": "Point", "coordinates": [-93.695562524554, 36.42972878377188]}, "properties": {"NAME": "Silver Wings Fld", "IDENT": "55AR", "TYPE_CODE": "AD", "SERVCITY": "EUREKA SPRINGS", "ELEVATION": 1571, "LATITUDE": "36-25-47.0000N", "LONGITUDE": "093-41-44.0000W"}}, {"type": "Feature", "geometry": {"type": "Point", "coordinates": [-93.69931252568837, 36.43145100589715]}, "properties": {"NAME": "Hammer Fld", "IDENT": "7AR0", "TYPE_CODE": "AD", "SERVCITY": "EUREKA SPRINGS", "ELEVATION": 1600, "LATITUDE": "36-25-53.2000N", "LONGITUDE": "093-41-57.5000W"}}, {"type": "Feature", "geometry": {"type": "Point", "coordinates": [-93.83167366527096, 36.34417320629369]}, "properties": {"NAME": "Buck Mountain", "IDENT": "18AR", "TYPE_CODE": "AD", "SERVCITY": "EUREKA SPRINGS", "ELEVATION": 1450, "LATITUDE": "36-20-39.0000N", "LONGITUDE": "093-49-54.0000W"}}, {"type": "Feature", "geometry": {"type": "Point", "coordinates": [-94.17007039538436, 36.00510201634739]}, "properties": {"NAME": "Drake Fld", "IDENT": "FYV", "TYPE_CODE": "AD", "SERVCITY": "FAYETTEVILLE", "ELEVATION": 1252, "LATITUDE": "36-00-18.3440N", "LONGITUDE": "094-10-12.2280W"}}, {"type": "Feature", "geometry": {"type": "Point", "coordinates": [-94.3077726759603, 36.28158567087165]}, "properties": {"NAME": "Northwest Arkansas Ntl", "IDENT": "XNA", "TYPE_CODE": "AD", "SERVCITY": "FAYETTEVILLE/SPRINGDALE/ROGERS", "ELEVATION": 1288.2, "LATITUDE": "36-16-53.6850N", "LONGITUDE": "094-18-27.9560W"}}, {"type": "Feature", "geometry": {"type": "Point", "coordinates": [-94.30750710580652, 36.09778424842496]}, "properties": {"NAME": "Wedington Woods", "IDENT": "67AR", "TYPE_CODE": "AD", "SERVCITY": "FAYETTEVILLE", "ELEVATION": 1090, "LATITUDE": "36-05-52.0000N", "LONGITUDE": "094-18-27.0000W"}}, {"type": "Feature", "geometry": {"type": "Point", "coordinates": [-94.36611595399923, 35.33665327154286]}, "properties": {"NAME": "Fort Smith Rgnl", "IDENT": "FSM", "TYPE_CODE": "AD", "SERVCITY": "FORT SMITH", "ELEVATION": 469, "LATITUDE": "35-20-11.9290N", "LONGITUDE": "094-21-57.9920W"}}, {"type": "Feature", "geometry": {"type": "Point", "coordinates": [-93.91262646758132, 36.39272321106576]}, "properties": {"NAME": "Lost Bridge Village", "IDENT": "40AR", "TYPE_CODE": "AD", "SERVCITY": "GARFIELD", "ELEVATION": 1440, "LATITUDE": "36-23-33.7800N", "LONGITUDE": "093-54-45.4300W"}}, {"type": "Feature", "geometry": {"type": "Point", "coordinates": [-94.58472941660096, 36.29945093706417]}, "properties": {"NAME": "Cherokee Strip", "IDENT": "1AR5", "TYPE_CODE": "AD", "SERVCITY": "GENTRY", "ELEVATION": 1194, "LATITUDE": "36-17-58.0000N", "LONGITUDE": "094-35-05.0000W"}}, {"type": "Feature", "geometry": {"type": "Point", "coordinates": [-94.4388960539543, 36.41389541018782]}, "properties": {"NAME": "Gravette Fld", "IDENT": "AR09", "TYPE_CODE": "AD", "SERVCITY": "GRAVETTE", "ELEVATION": 1200, "LATITUDE": "36-24-50.0000N", "LONGITUDE": "094-26-20.0000W"}}, {"type": "Feature", "geometry": {"type": "Point", "coordinates": [-93.65891049194238, 33.71998719241317]}, "properties": {"NAME": "Hope Muni", "IDENT": "M18", "TYPE_CODE": "AD", "SERVCITY": "HOPE", "ELEVATION": 359.2, "LATITUDE": "33-43-11.9321N", "LONGITUDE": "093-39-32.0534W"}}, {"type": "Feature", "geometry": {"type": "Point", "coordinates": [-93.52943095485581, 34.52908732583506]}, "properties": {"NAME": "Bearce", "IDENT": "7M3", "TYPE_CODE": "AD", "SERVCITY": "MOUNT IDA", "ELEVATION": 644.4, "LATITUDE": "34-31-44.6920N", "LONGITUDE": "093-31-45.9270W"}}, {"type": "Feature", "geometry": {"type": "Point", "coordinates": [-93.69650680509149, 34.11695057236721]}, "properties": {"NAME": "Mount Moriah Fld", "IDENT": "02AR", "TYPE_CODE": "AD", "SERVCITY": "MURFREESBORO", "ELEVATION": 400, "LATITUDE": "34-07-01.0000N", "LONGITUDE": "093-41-47.4000W"}}, {"type": "Feature", "geometry": {"type": "Point", "coordinates": [-93.83809016778574, 33.99720054304189]}, "properties": {"NAME": "Howard County", "IDENT": "M77", "TYPE_CODE": "AD", "SERVCITY": "NASHVILLE", "ELEVATION": 553.1, "LATITUDE": "33-59-49.9000N", "LONGITUDE": "093-50-17.1000W"}}, {"type": "Feature", "geometry": {"type": "Point", "coordinates": [-94.10697929570888, 36.37242319754071]}, "properties": {"NAME": "Rogers Exec - Carter Fld", "IDENT": "ROG", "TYPE_CODE": "AD", "SERVCITY": "ROGERS", "ELEVATION": 1358.8, "LATITUDE": "36-22-20.7000N", "LONGITUDE": "094-06-25.1000W"}}, {"type": "Feature", "geometry": {"type": "Point", "coordinates": [-94.09028484082748, 36.288895405184064]}, "properties": {"NAME": "Ozark Aerodrome", "IDENT": "AR11", "TYPE_CODE": "AD", "SERVCITY": "ROGERS", "ELEVATION": 1270, "LATITUDE": "36-17-20.0000N", "LONGITUDE": "094-05-25.0000W"}}, {"type": "Feature", "geometry": {"type": "Point", "coordinates": [-94.44484049405321, 36.343617619170516]}, "properties": {"NAME": "Crystal Lake", "IDENT": "5M5", "TYPE_CODE": "AD", "SERVCITY": "DECATUR", "ELEVATION": 1177.8, "LATITUDE": "36-20-37.0000N", "LONGITUDE": "094-26-41.4000W"}}, {"type": "Feature", "geometry": {"type": "Point", "coordinates": [-94.39936809662157, 34.04700608348611]}, "properties": {"NAME": "J Lynn Helms Sevier County", "IDENT": "DEQ", "TYPE_CODE": "AD", "SERVCITY": "DE QUEEN", "ELEVATION": 354.8, "LATITUDE": "34-02-49.2000N", "LONGITUDE": "094-23-57.7000W"}}, {"type": "Feature", "geometry": {"type": "Point", "coordinates": [-94.22521646742186, 35.27509798988759]}, "properties": {"NAME": "Arrowhead Assault Strip", "IDENT": "AZU", "TYPE_CODE": "AD", "SERVCITY": "FORT CHAFFEE", "ELEVATION": 785, "LATITUDE": "35-16-30.3300N", "LONGITUDE": "094-13-30.7540W"}}, {"type": "Feature", "geometry": {"type": "Point", "coordinates": [-93.75476167953872, 36.07823316140755]}, "properties": {"NAME": "Huntsville Muni", "IDENT": "H34", "TYPE_CODE": "AD", "SERVCITY": "HUNTSVILLE", "ELEVATION": 1747.9, "LATITUDE": "36-04-41.6160N", "LONGITUDE": "093-45-17.1170W"}}, {"type": "Feature", "geometry": {"type": "Point", "coordinates": [-93.57025690252468, 36.00063982223145]}, "properties": {"NAME": "Ozark Skies Airpark", "IDENT": "05AR", "TYPE_CODE": "AD", "SERVCITY": "KINGSTON", "ELEVATION": 1900, "LATITUDE": "36-00-02.2800N", "LONGITUDE": "093-34-12.9000W"}}, {"type": "Feature", "geometry": {"type": "Point", "coordinates": [-94.0321514865517, 36.22591539662279]}, "properties": {"NAME": "Circle S Farms", "IDENT": "AR91", "TYPE_CODE": "AD", "SERVCITY": "LOWELL", "ELEVATION": 1200, "LATITUDE": "36-13-33.2720N", "LONGITUDE": "094-01-55.7200W"}}, {"type": "Feature", "geometry": {"type": "Point", "coordinates": [-94.16542374791946, 36.26474539699725]}, "properties": {"NAME": "Taylor Fld", "IDENT": "3AR7", "TYPE_CODE": "AD", "SERVCITY": "LOWELL", "ELEVATION": 1315, "LATITUDE": "36-15-53.0600N", "LONGITUDE": "094-09-55.5000W"}}, {"type": "Feature", "geometry": {"type": "Point", "coordinates": [-94.20242343883363, 34.54551793710503]}, "properties": {"NAME": "Mena Intermountain Muni", "IDENT": "MEZ", "TYPE_CODE": "AD", "SERVCITY": "MENA", "ELEVATION": 1079.9, "LATITUDE": "34-32-43.8423N", "LONGITUDE": "094-12-08.6993W"}}, {"type": "Feature", "geometry": {"type": "Point", "coordinates": [-93.83931443817248, 35.51070221829333]}, "properties": {"NAME": "Ozark/Franklin County", "IDENT": "7M5", "TYPE_CODE": "AD", "SERVCITY": "OZARK", "ELEVATION": 648, "LATITUDE": "35-30-38.5050N", "LONGITUDE": "093-50-21.5070W"}}, {"type": "Feature", "geometry": {"type": "Point", "coordinates": [-93.68162077015718, 35.29912163135592]}, "properties": {"NAME": "Paris Muni", "IDENT": "7M6", "TYPE_CODE": "AD", "SERVCITY": "PARIS /SUBIACO/", "ELEVATION": 430, "LATITUDE": "35-17-56.8150N", "LONGITUDE": "093-40-53.8100W"}}, {"type": "Feature", "geometry": {"type": "Point", "coordinates": [-94.49000716126915, 36.1918675893668]}, "properties": {"NAME": "Smith Fld", "IDENT": "SLG", "TYPE_CODE": "AD", "SERVCITY": "SILOAM SPRINGS", "ELEVATION": 1191.4, "LATITUDE": "36-11-30.7000N", "LONGITUDE": "094-29-24.0000W"}}, {"type": "Feature", "geometry": {"type": "Point", "coordinates": [-94.46822103891537, 36.118834244190566]}, "properties": {"NAME": "Williams Fld", "IDENT": "38AR", "TYPE_CODE": "AD", "SERVCITY": "SILOAM SPRINGS", "ELEVATION": 1150, "LATITUDE": "36-07-07.7800N", "LONGITUDE": "094-28-05.5700W"}}, {"type": "Feature", "geometry": {"type": "Point", "coordinates": [-94.11925706190057, 36.176395383210114]}, "properties": {"NAME": "Springdale Muni", "IDENT": "ASG", "TYPE_CODE": "AD", "SERVCITY": "SPRINGDALE", "ELEVATION": 1352.5, "LATITUDE": "36-10-35.0000N", "LONGITUDE": "094-07-09.3000W"}}, {"type": "Feature", "geometry": {"type": "Point", "coordinates": [-93.99103739696537, 33.45372237635345]}, "properties": {"NAME": "Texarkana Rgnl-Webb Fld", "IDENT": "TXK", "TYPE_CODE": "AD", "SERVCITY": "TEXARKANA", "ELEVATION": 389.7, "LATITUDE": "33-27-13.3790N", "LONGITUDE": "093-59-27.7100W"}}, {"type": "Feature", "geometry": {"type": "Point", "coordinates": [-94.01352851750539, 33.51262960880493]}, "properties": {"NAME": "Flying W", "IDENT": "AR44", "TYPE_CODE": "AD", "SERVCITY": "TEXARKANA", "ELEVATION": 265, "LATITUDE": "33-30-45.4450N", "LONGITUDE": "094-00-48.6780W"}}, {"type": "Feature", "geometry": {"type": "Point", "coordinates": [-94.10889585371167, 34.87600625376603]}, "properties": {"NAME": "Waldron Muni", "IDENT": "M27", "TYPE_CODE": "AD", "SERVCITY": "WALDRON", "ELEVATION": 705, "LATITUDE": "34-52-33.6000N", "LONGITUDE": "094-06-32.0000W"}}, {"type": "Feature", "geometry": {"type": "Point", "coordinates": [-93.84575697132207, 35.938973686271865]}, "properties": {"NAME": "Lollars Creek Farm", "IDENT": "AR27", "TYPE_CODE": "AD", "SERVCITY": "WESLEY", "ELEVATION": 1430, "LATITUDE": "35-56-20.2820N", "LONGITUDE": "093-50-44.7000W"}}, {"type": "Feature", "geometry": {"type": "Point", "coordinates": [-93.66263447654808, 32.5019391471461]}, "properties": {"NAME": "Barksdale AFB", "IDENT": "BAD", "TYPE_CODE": "AD", "SERVCITY": "BOSSIER CITY", "ELEVATION": 165.20000000000002, "LATITUDE": "32-30-06.9600N", "LONGITUDE": "093-39-45.4600W"}}, {"type": "Feature", "geometry": {"type": "Point", "coordinates": [-93.87349287909998, 32.749325298501184]}, "properties": {"NAME": "Belcher Airpatch", "IDENT": "0LA3", "TYPE_CODE": "AD", "SERVCITY": "BELCHER", "ELEVATION": 280, "LATITUDE": "32-44-57.5500N", "LONGITUDE": "093-52-24.5500W"}}, {"type": "Feature", "geometry": {"type": "Point", "coordinates": [-93.79990394780033, 32.344605777317476]}, "properties": {"NAME": "Bluebird Hill", "IDENT": "5F5", "TYPE_CODE": "AD", "SERVCITY": "KEITHVILLE", "ELEVATION": 180, "LATITUDE": "32-20-40.5600N", "LONGITUDE": "093-47-59.6300W"}}, {"type": "Feature", "geometry": {"type": "Point", "coordinates": [-93.81824311964567, 32.34516244369124]}, "properties": {"NAME": "Old Hickory Ranch", "IDENT": "56LA", "TYPE_CODE": "AD", "SERVCITY": "KEITHVILLE", "ELEVATION": 180, "LATITUDE": "32-20-42.5640N", "LONGITUDE": "093-49-05.6510W"}}, {"type": "Feature", "geometry": {"type": "Point", "coordinates": [-93.7656178128267, 32.072783502427285]}, "properties": {"NAME": "C E 'Rusty' Williams", "IDENT": "3F3", "TYPE_CODE": "AD", "SERVCITY": "MANSFIELD", "ELEVATION": 324.3, "LATITUDE": "32-04-22.0000N", "LONGITUDE": "093-45-56.2000W"}}, {"type": "Feature", "geometry": {"type": "Point", "coordinates": [-93.83768565281454, 32.8376461513891]}, "properties": {"NAME": "Gilliam", "IDENT": "LA54", "TYPE_CODE": "AD", "SERVCITY": "GILLIAM", "ELEVATION": 194, "LATITUDE": "32-50-15.5050N", "LONGITUDE": "093-50-15.6440W"}}, {"type": "Feature", "geometry": {"type": "Point", "coordinates": [-93.70742193580229, 31.531351450677064]}, "properties": {"NAME": "Ammons", "IDENT": "5LS9", "TYPE_CODE": "AD", "SERVCITY": "ZWOLLE", "ELEVATION": 218, "LATITUDE": "31-31-52.8450N", "LONGITUDE": "093-42-26.6950W"}}, {"type": "Feature", "geometry": {"type": "Point", "coordinates": [-93.95654845934314, 32.79142252636102]}, "properties": {"NAME": "Thackers", "IDENT": "LA11", "TYPE_CODE": "AD", "SERVCITY": "OIL CITY", "ELEVATION": 202, "LATITUDE": "32-47-29.1000N", "LONGITUDE": "093-57-23.5500W"}}, {"type": "Feature", "geometry": {"type": "Point", "coordinates": [-93.82604673837248, 32.44652107452197]}, "properties": {"NAME": "Shreveport Rgnl", "IDENT": "SHV", "TYPE_CODE": "AD", "SERVCITY": "SHREVEPORT", "ELEVATION": 257.6, "LATITUDE": "32-26-47.4550N", "LONGITUDE": "093-49-33.7440W"}}, {"type": "Feature", "geometry": {"type": "Point", "coordinates": [-93.63654001341934, 32.30047244206829]}, "properties": {"NAME": "Ellerbe Fld", "IDENT": "1LA4", "TYPE_CODE": "AD", "SERVCITY": "SHREVEPORT", "ELEVATION": 200, "LATITUDE": "32-18-01.6800N", "LONGITUDE": "093-38-11.5200W"}}, {"type": "Feature", "geometry": {"type": "Point", "coordinates": [-93.74384255510239, 32.540827762572206]}, "properties": {"NAME": "Shreveport Downtown", "IDENT": "DTN", "TYPE_CODE": "AD", "SERVCITY": "SHREVEPORT", "ELEVATION": 179.5, "LATITUDE": "32-32-26.9590N", "LONGITUDE": "093-44-37.8090W"}}, {"type": "Feature", "geometry": {"type": "Point", "coordinates": [-94.01016042148265, 32.861339203881286]}, "properties": {"NAME": "Vivian", "IDENT": "3F4", "TYPE_CODE": "AD", "SERVCITY": "VIVIAN", "ELEVATION": 260, "LATITUDE": "32-51-40.8000N", "LONGITUDE": "094-00-36.5530W"}}, {"type": "Feature", "geometry": {"type": "Point", "coordinates": [-105.99114859939485, 32.83942199724712]}, "properties": {"NAME": "Alamogordo-White Sands Rgnl", "IDENT": "ALM", "TYPE_CODE": "AD", "SERVCITY": "ALAMOGORDO", "ELEVATION": 4199.9, "LATITUDE": "32-50-21.9000N", "LONGITUDE": "105-59-28.1000W"}}, {"type": "Feature", "geometry": {"type": "Point", "coordinates": [-105.68745962977717, 32.63407475547042]}, "properties": {"NAME": "Timberon", "IDENT": "E02", "TYPE_CODE": "AD", "SERVCITY": "ALAMOGORDO", "ELEVATION": 6963, "LATITUDE": "32-38-02.6500N", "LONGITUDE": "105-41-14.8200W"}}, {"type": "Feature", "geometry": {"type": "Point", "coordinates": [-104.46759270414366, 32.851949848376115]}, "properties": {"NAME": "Artesia Muni", "IDENT": "ATS", "TYPE_CODE": "AD", "SERVCITY": "ARTESIA", "ELEVATION": 3544.5, "LATITUDE": "32-51-07.0000N", "LONGITUDE": "104-28-03.3000W"}}, {"type": "Feature", "geometry": {"type": "Point", "coordinates": [-104.54028717599387, 33.00861653779616]}, "properties": {"NAME": "Champion Ranch", "IDENT": "01NM", "TYPE_CODE": "AD", "SERVCITY": "ARTESIA", "ELEVATION": 3630, "LATITUDE": "33-00-31.0000N", "LONGITUDE": "104-32-25.0000W"}}, {"type": "Feature", "geometry": {"type": "Point", "coordinates": [-104.38135990290684, 32.7801187295134]}, "properties": {"NAME": "2 X 4 Ranch", "IDENT": "NM47", "TYPE_CODE": "AD", "SERVCITY": "ARTESIA", "ELEVATION": 3360, "LATITUDE": "32-46-48.4080N", "LONGITUDE": "104-22-52.8620W"}}, {"type": "Feature", "geometry": {"type": "Point", "coordinates": [-104.08387198435078, 35.54755058036224]}, "properties": {"NAME": "Bell Ranch Headquarters", "IDENT": "NM33", "TYPE_CODE": "AD", "SERVCITY": "BELL RANCH", "ELEVATION": 4400, "LATITUDE": "35-32-51.1610N", "LONGITUDE": "104-05-01.9050W"}}, {"type": "Feature", "geometry": {"type": "Point", "coordinates": [-104.06224560331898, 35.7021100507487]}, "properties": {"NAME": "Bell Ranch Waggoner", "IDENT": "NM32", "TYPE_CODE": "AD", "SERVCITY": "BELL RANCH", "ELEVATION": 4725, "LATITUDE": "35-42-07.5750N", "LONGITUDE": "104-03-44.0500W"}}, {"type": "Feature", "geometry": {"type": "Point", "coordinates": [-105.37554851149791, 33.54453269513481]}, "properties": {"NAME": "G Bar F Ranch", "IDENT": "NM84", "TYPE_CODE": "AD", "SERVCITY": "CAPITAN", "ELEVATION": 6505, "LATITUDE": "33-32-40.2980N", "LONGITUDE": "105-22-31.9400W"}}, {"type": "Feature", "geometry": {"type": "Point", "coordinates": [-104.18051782467933, 35.36784471382362]}, "properties": {"NAME": "Conchas Lake", "IDENT": "E89", "TYPE_CODE": "AD", "SERVCITY": "CONCHAS DAM", "ELEVATION": 4232.3, "LATITUDE": "35-22-04.2200N", "LONGITUDE": "104-10-49.8300W"}}, {"type": "Feature", "geometry": {"type": "Point", "coordinates": [-105.16417628997436, 34.19917225499642]}, "properties": {"NAME": "High Desert Ranch", "IDENT": "2NM9", "TYPE_CODE": "AD", "SERVCITY": "CORONA", "ELEVATION": 5575, "LATITUDE": "34-11-57.0000N", "LONGITUDE": "105-09-51.0000W"}}, {"type": "Feature", "geometry": {"type": "Point", "coordinates": [-106.04528750675014, 32.935283121007224]}, "properties": {"NAME": "Mesa Verde Ranch Strip", "IDENT": "7NM1", "TYPE_CODE": "AD", "SERVCITY": "ALAMOGORDO", "ELEVATION": 4237, "LATITUDE": "32-56-07.0000N", "LONGITUDE": "106-02-43.0000W"}}, {"type": "Feature", "geometry": {"type": "Point", "coordinates": [-106.10855140405694, 32.85186365964338]}, "properties": {"NAME": "Holloman AFB", "IDENT": "HMN", "TYPE_CODE": "AD", "SERVCITY": "ALAMOGORDO", "ELEVATION": 4092.6, "LATITUDE": "32-51-06.6900N", "LONGITUDE": "106-06-30.7500W"}}, {"type": "Feature", "geometry": {"type": "Point", "coordinates": [-103.81270389381946, 35.87944620349203]}, "properties": {"NAME": "Tequesquite Ranch", "IDENT": "NM10", "TYPE_CODE": "AD", "SERVCITY": "ALBERT", "ELEVATION": 4516, "LATITUDE": "35-52-45.9850N", "LONGITUDE": "103-48-45.7000W"}}, {"type": "Feature", "geometry": {"type": "Point", "coordinates": [-106.60827217621346, 35.03893719617738]}, "properties": {"NAME": "Albuquerque Intl Sunport", "IDENT": "ABQ", "TYPE_CODE": "AD", "SERVCITY": "ALBUQUERQUE", "ELEVATION": 5354.900000000001, "LATITUDE": "35-02-20.1536N", "LONGITUDE": "106-36-29.7438W"}}, {"type": "Feature", "geometry": {"type": "Point", "coordinates": [-105.28991483500178, 36.422006201097666]}, "properties": {"NAME": "Angel Fire", "IDENT": "AXX", "TYPE_CODE": "AD", "SERVCITY": "ANGEL FIRE", "ELEVATION": 8379.5, "LATITUDE": "36-25-19.2010N", "LONGITUDE": "105-17-23.6580W"}}, {"type": "Feature", "geometry": {"type": "Point", "coordinates": [-104.26337040280255, 32.33744977201288]}, "properties": {"NAME": "Cavern City Air Trml", "IDENT": "CNM", "TYPE_CODE": "AD", "SERVCITY": "CARLSBAD", "ELEVATION": 3294.6, "LATITUDE": "32-20-14.8000N", "LONGITUDE": "104-15-48.1000W"}}, {"type": "Feature", "geometry": {"type": "Point", "coordinates": [-104.42635934531143, 32.59873008626745]}, "properties": {"NAME": "Seven Rivers", "IDENT": "62NM", "TYPE_CODE": "AD", "SERVCITY": "CARLSBAD", "ELEVATION": 3360, "LATITUDE": "32-35-55.4090N", "LONGITUDE": "104-25-34.8600W"}}, {"type": "Feature", "geometry": {"type": "Point", "coordinates": [-105.89622974560476, 33.64890824166579]}, "properties": {"NAME": "Carrizozo Muni", "IDENT": "F37", "TYPE_CODE": "AD", "SERVCITY": "CARRIZOZO", "ELEVATION": 5372.900000000001, "LATITUDE": "33-38-56.0500N", "LONGITUDE": "105-53-46.3920W"}}, {"type": "Feature", "geometry": {"type": "Point", "coordinates": [-106.11917677114951, 34.088684688139715]}, "properties": {"NAME": "Monte Prieto Ranch", "IDENT": "57NM", "TYPE_CODE": "AD", "SERVCITY": "CLAUNCH", "ELEVATION": 6164, "LATITUDE": "34-05-19.2450N", "LONGITUDE": "106-07-09.0010W"}}, {"type": "Feature", "geometry": {"type": "Point", "coordinates": [-103.14994128886731, 36.44629716291963]}, "properties": {"NAME": "Clayton Muni Airpark", "IDENT": "CAO", "TYPE_CODE": "AD", "SERVCITY": "CLAYTON", "ELEVATION": 4969.8, "LATITUDE": "36-26-46.6480N", "LONGITUDE": "103-08-59.7550W"}}, {"type": "Feature", "geometry": {"type": "Point", "coordinates": [-103.1477869567171, 34.4158390599865]}, "properties": {"NAME": "Aero Tech Inc", "IDENT": "NM42", "TYPE_CODE": "AD", "SERVCITY": "CLOVIS", "ELEVATION": 4250, "LATITUDE": "34-24-57.0000N", "LONGITUDE": "103-08-52.0000W"}}, {"type": "Feature", "geometry": {"type": "Point", "coordinates": [-103.32216068869388, 34.38278021260896]}, "properties": {"NAME": "Cannon AFB", "IDENT": "CVS", "TYPE_CODE": "AD", "SERVCITY": "CLOVIS", "ELEVATION": 4295.3, "LATITUDE": "34-22-57.9882N", "LONGITUDE": "103-19-19.7453W"}}, {"type": "Feature", "geometry": {"type": "Point", "coordinates": [-103.07758919120452, 34.42659598236002]}, "properties": {"NAME": "Clovis Rgnl", "IDENT": "CVN", "TYPE_CODE": "AD", "SERVCITY": "CLOVIS", "ELEVATION": 4215.8, "LATITUDE": "34-25-35.7249N", "LONGITUDE": "103-04-39.2881W"}}, {"type": "Feature", "geometry": {"type": "Point", "coordinates": [-106.16456547205559, 35.094616784139475]}, "properties": {"NAME": "Sandia Airpark Estates East", "IDENT": "1N1", "TYPE_CODE": "AD", "SERVCITY": "EDGEWOOD", "ELEVATION": 6565, "LATITUDE": "35-05-40.6000N", "LONGITUDE": "106-09-52.4000W"}}, {"type": "Feature", "geometry": {"type": "Point", "coordinates": [-106.04542524692079, 36.02612526371572]}, "properties": {"NAME": "Ohkay Owingeh", "IDENT": "E14", "TYPE_CODE": "AD", "SERVCITY": "ESPANOLA", "ELEVATION": 5760.2, "LATITUDE": "36-01-34.0300N", "LONGITUDE": "106-02-43.4950W"}}, {"type": "Feature", "geometry": {"type": "Point", "coordinates": [-106.04141541808306, 34.76339896239513]}, "properties": {"NAME": "Estancia Muni", "IDENT": "E92", "TYPE_CODE": "AD", "SERVCITY": "ESTANCIA", "ELEVATION": 6100, "LATITUDE": "34-45-48.2160N", "LONGITUDE": "106-02-29.0600W"}}, {"type": "Feature", "geometry": {"type": "Point", "coordinates": [-103.60969153132731, 34.72673880950971]}, "properties": {"NAME": "Curtis and Curtis", "IDENT": "65NM", "TYPE_CODE": "AD", "SERVCITY": "FORREST", "ELEVATION": 4691, "LATITUDE": "34-43-36.2390N", "LONGITUDE": "103-36-34.8560W"}}, {"type": "Feature", "geometry": {"type": "Point", "coordinates": [-104.21642787434998, 34.48875698941904]}, "properties": {"NAME": "Fort Sumner Muni", "IDENT": "FSU", "TYPE_CODE": "AD", "SERVCITY": "FORT SUMNER", "ELEVATION": 4164.7, "LATITUDE": "34-29-19.5047N", "LONGITUDE": "104-12-59.1064W"}}, {"type": "Feature", "geometry": {"type": "Point", "coordinates": [-103.21753768579791, 32.68735487882745]}, "properties": {"NAME": "Lea County Rgnl", "IDENT": "HOB", "TYPE_CODE": "AD", "SERVCITY": "HOBBS", "ELEVATION": 3660.7000000000003, "LATITUDE": "32-41-14.4580N", "LONGITUDE": "103-13-03.1030W"}}, {"type": "Feature", "geometry": {"type": "Point", "coordinates": [-103.2088304669056, 32.76678655973327]}, "properties": {"NAME": "Industrial Airpark", "IDENT": "NM83", "TYPE_CODE": "AD", "SERVCITY": "HOBBS", "ELEVATION": 3707, "LATITUDE": "32-46-00.4120N", "LONGITUDE": "103-12-31.7570W"}}, {"type": "Feature", "geometry": {"type": "Point", "coordinates": [-105.12693369826053, 33.028714291088576]}, "properties": {"NAME": "Flying H Ranch", "IDENT": "68NM", "TYPE_CODE": "AD", "SERVCITY": "HOPE", "ELEVATION": 5162, "LATITUDE": "33-01-43.3520N", "LONGITUDE": "105-07-36.9270W"}}, {"type": "Feature", "geometry": {"type": "Point", "coordinates": [-103.15485958155497, 32.131083675372516]}, "properties": {"NAME": "Lea County/Jal", "IDENT": "E26", "TYPE_CODE": "AD", "SERVCITY": "JAL", "ELEVATION": 3118, "LATITUDE": "32-07-51.8820N", "LONGITUDE": "103-09-17.4620W"}}, {"type": "Feature", "geometry": {"type": "Point", "coordinates": [-105.96305387920047, 32.95842590665528]}, "properties": {"NAME": "Otero Mill", "IDENT": "72NM", "TYPE_CODE": "AD", "SERVCITY": "LA LUZ", "ELEVATION": 4603, "LATITUDE": "32-57-30.3140N", "LONGITUDE": "105-57-46.9590W"}}, {"type": "Feature", "geometry": {"type": "Point", "coordinates": [-105.14239862336002, 35.654228037531546]}, "properties": {"NAME": "Las Vegas Muni", "IDENT": "LVS", "TYPE_CODE": "AD", "SERVCITY": "LAS VEGAS", "ELEVATION": 6877.2, "LATITUDE": "35-39-15.2000N", "LONGITUDE": "105-08-32.6000W"}}, {"type": "Feature", "geometry": {"type": "Point", "coordinates": [-104.58167626232539, 35.51278360322978]}, "properties": {"NAME": "San Miguel Ranch", "IDENT": "NM53", "TYPE_CODE": "AD", "SERVCITY": "LAS VEGAS", "ELEVATION": 6300, "LATITUDE": "35-30-46.0000N", "LONGITUDE": "104-34-54.0000W"}}, {"type": "Feature", "geometry": {"type": "Point", "coordinates": [-106.22389877327053, 34.5333389172973]}, "properties": {"NAME": "Mountainair Muni", "IDENT": "M10", "TYPE_CODE": "AD", "SERVCITY": "MOUNTAINAIR", "ELEVATION": 6492, "LATITUDE": "34-32-00.0000N", "LONGITUDE": "106-13-26.0000W"}}, {"type": "Feature", "geometry": {"type": "Point", "coordinates": [-105.1338781534192, 33.17010181370763]}, "properties": {"NAME": "Skeen Ranch", "IDENT": "82NM", "TYPE_CODE": "AD", "SERVCITY": "PICACHO", "ELEVATION": 5524, "LATITUDE": "33-10-12.3470N", "LONGITUDE": "105-08-01.9270W"}}, {"type": "Feature", "geometry": {"type": "Point", "coordinates": [-104.5294124713101, 33.29988297512307]}, "properties": {"NAME": "Roswell Air Center", "IDENT": "ROW", "TYPE_CODE": "AD", "SERVCITY": "ROSWELL", "ELEVATION": 3671, "LATITUDE": "33-17-59.5590N", "LONGITUDE": "104-31-45.8510W"}}, {"type": "Feature", "geometry": {"type": "Point", "coordinates": [-105.61150980966148, 35.295772401436075]}, "properties": {"NAME": "Tierra De Dios", "IDENT": "NM92", "TYPE_CODE": "AD", "SERVCITY": "ROWE", "ELEVATION": 7050, "LATITUDE": "35-17-44.7600N", "LONGITUDE": "105-36-41.4000W"}}, {"type": "Feature", "geometry": {"type": "Point", "coordinates": [-104.1838753727146, 35.93059702342604]}, "properties": {"NAME": "Ray Ranch", "IDENT": "NM17", "TYPE_CODE": "AD", "SERVCITY": "ROY", "ELEVATION": 5850, "LATITUDE": "35-55-50.1280N", "LONGITUDE": "104-11-01.9170W"}}, {"type": "Feature", "geometry": {"type": "Point", "coordinates": [-105.53014854002829, 33.460949896106214]}, "properties": {"NAME": "Sierra Blanca Rgnl", "IDENT": "SRR", "TYPE_CODE": "AD", "SERVCITY": "RUIDOSO", "ELEVATION": 6813.8, "LATITUDE": "33-27-39.4000N", "LONGITUDE": "105-31-48.5000W"}}, {"type": "Feature", "geometry": {"type": "Point", "coordinates": [-106.08942661013656, 35.61711686713625]}, "properties": {"NAME": "Santa Fe Rgnl", "IDENT": "SAF", "TYPE_CODE": "AD", "SERVCITY": "SANTA FE", "ELEVATION": 6348.7, "LATITUDE": "35-37-01.6000N", "LONGITUDE": "106-05-21.9000W"}}, {"type": "Feature", "geometry": {"type": "Point", "coordinates": [-105.67309325694865, 36.451700348791995]}, "properties": {"NAME": "Taos Rgnl", "IDENT": "SKX", "TYPE_CODE": "AD", "SERVCITY": "TAOS", "ELEVATION": 7094.6, "LATITUDE": "36-27-06.1000N", "LONGITUDE": "105-40-23.1000W"}}, {"type": "Feature", "geometry": {"type": "Point", "coordinates": [-103.2784952376876, 33.26081108488415]}, "properties": {"NAME": "Tatum", "IDENT": "18T", "TYPE_CODE": "AD", "SERVCITY": "TATUM", "ELEVATION": 3986, "LATITUDE": "33-15-38.9000N", "LONGITUDE": "103-16-42.5500W"}}, {"type": "Feature", "geometry": {"type": "Point", "coordinates": [-103.60320378774993, 35.18278388303205]}, "properties": {"NAME": "Tucumcari Muni", "IDENT": "TCC", "TYPE_CODE": "AD", "SERVCITY": "TUCUMCARI", "ELEVATION": 4064.9, "LATITUDE": "35-10-58.0010N", "LONGITUDE": "103-36-11.5000W"}}, {"type": "Feature", "geometry": {"type": "Point", "coordinates": [-105.19183160415125, 34.604585928367996]}, "properties": {"NAME": "Vaughn Muni", "IDENT": "N17", "TYPE_CODE": "AD", "SERVCITY": "VAUGHN", "ELEVATION": 5935.900000000001, "LATITUDE": "34-36-16.4890N", "LONGITUDE": "105-11-30.5590W"}}, {"type": "Feature", "geometry": {"type": "Point", "coordinates": [-106.26869611658765, 35.87969189599193]}, "properties": {"NAME": "Los Alamos", "IDENT": "LAM", "TYPE_CODE": "AD", "SERVCITY": "LOS ALAMOS", "ELEVATION": 7170.900000000001, "LATITUDE": "35-52-46.8700N", "LONGITUDE": "106-16-07.2700W"}}, {"type": "Feature", "geometry": {"type": "Point", "coordinates": [-106.52114052480495, 34.775755605233634]}, "properties": {"NAME": "Manzano Mtn Air Ranch", "IDENT": "NM89", "TYPE_CODE": "AD", "SERVCITY": "LOS LUNAS", "ELEVATION": 5630, "LATITUDE": "34-46-32.7000N", "LONGITUDE": "106-31-16.0700W"}}, {"type": "Feature", "geometry": {"type": "Point", "coordinates": [-103.4087869142306, 32.953949915105255]}, "properties": {"NAME": "Lea County/Zip Franklin Meml", "IDENT": "E06", "TYPE_CODE": "AD", "SERVCITY": "LOVINGTON", "ELEVATION": 3979.2000000000003, "LATITUDE": "32-57-14.2000N", "LONGITUDE": "103-24-31.6000W"}}, {"type": "Feature", "geometry": {"type": "Point", "coordinates": [-103.856086869621, 34.77229185882369]}, "properties": {"NAME": "Akin and Akin", "IDENT": "NM73", "TYPE_CODE": "AD", "SERVCITY": "MC ALISTER", "ELEVATION": 4858, "LATITUDE": "34-46-20.2300N", "LONGITUDE": "103-51-21.8790W"}}, {"type": "Feature", "geometry": {"type": "Point", "coordinates": [-106.00003764814548, 34.97817233149017]}, "properties": {"NAME": "Moriarty Muni", "IDENT": "0E0", "TYPE_CODE": "AD", "SERVCITY": "MORIARTY", "ELEVATION": 6204.2, "LATITUDE": "34-58-41.4000N", "LONGITUDE": "106-00-00.1000W"}}, {"type": "Feature", "geometry": {"type": "Point", "coordinates": [-106.16725545864138, 34.92227953581028]}, "properties": {"NAME": "Biplane Ranch", "IDENT": "NM02", "TYPE_CODE": "AD", "SERVCITY": "MORIARTY", "ELEVATION": 6500, "LATITUDE": "34-55-20.1860N", "LONGITUDE": "106-10-02.0840W"}}, {"type": "Feature", "geometry": {"type": "Point", "coordinates": [-103.41034283052171, 34.14548705823359]}, "properties": {"NAME": "Portales Muni", "IDENT": "PRZ", "TYPE_CODE": "AD", "SERVCITY": "PORTALES", "ELEVATION": 4077.8, "LATITUDE": "34-08-43.7330N", "LONGITUDE": "103-24-37.2010W"}}, {"type": "Feature", "geometry": {"type": "Point", "coordinates": [-104.64257331216095, 34.9356778147339]}, "properties": {"NAME": "Santa Rosa Route 66", "IDENT": "SXU", "TYPE_CODE": "AD", "SERVCITY": "SANTA ROSA", "ELEVATION": 4791.400000000001, "LATITUDE": "34-56-08.4195N", "LONGITUDE": "104-38-33.2295W"}}, {"type": "Feature", "geometry": {"type": "Point", "coordinates": [-106.64534603322245, 33.81443600748006]}, "properties": {"NAME": "Stallion AAF", "IDENT": "95E", "TYPE_CODE": "AD", "SERVCITY": "SOCORRO", "ELEVATION": 4925, "LATITUDE": "33-48-51.9500N", "LONGITUDE": "106-38-43.2100W"}}, {"type": "Feature", "geometry": {"type": "Point", "coordinates": [-104.61786106323025, 36.331528170952396]}, "properties": {"NAME": "Springer Muni", "IDENT": "S42", "TYPE_CODE": "AD", "SERVCITY": "SPRINGER", "ELEVATION": 5894, "LATITUDE": "36-19-53.4800N", "LONGITUDE": "104-37-04.2650W"}}, {"type": "Feature", "geometry": {"type": "Point", "coordinates": [-96.60112704612217, 34.728705551937225]}, "properties": {"NAME": "Thomas Ranch", "IDENT": "OK80", "TYPE_CODE": "AD", "SERVCITY": "ADA", "ELEVATION": 811, "LATITUDE": "34-43-43.3180N", "LONGITUDE": "096-36-04.0300W"}}, {"type": "Feature", "geometry": {"type": "Point", "coordinates": [-96.57667426119099, 34.705006104800134]}, "properties": {"NAME": "Valley", "IDENT": "3OK0", "TYPE_CODE": "AD", "SERVCITY": "ADA", "ELEVATION": 780, "LATITUDE": "34-42-18.0000N", "LONGITUDE": "096-34-36.0000W"}}, {"type": "Feature", "geometry": {"type": "Point", "coordinates": [-96.67120737541055, 34.804268090283045]}, "properties": {"NAME": "Ada Rgnl", "IDENT": "ADH", "TYPE_CODE": "AD", "SERVCITY": "ADA", "ELEVATION": 1015.9, "LATITUDE": "34-48-15.3431N", "LONGITUDE": "096-40-16.3191W"}}, {"type": "Feature", "geometry": {"type": "Point", "coordinates": [-99.33848050949248, 34.69881152412996]}, "properties": {"NAME": "Altus/Quartz Mountain Rgnl", "IDENT": "AXS", "TYPE_CODE": "AD", "SERVCITY": "ALTUS", "ELEVATION": 1433.2, "LATITUDE": "34-41-55.7000N", "LONGITUDE": "099-20-18.5000W"}}, {"type": "Feature", "geometry": {"type": "Point", "coordinates": [-99.34481689953596, 34.691740133579735]}, "properties": {"NAME": "Scottys Fld", "IDENT": "OK82", "TYPE_CODE": "AD", "SERVCITY": "ALTUS", "ELEVATION": 1425, "LATITUDE": "34-41-30.2430N", "LONGITUDE": "099-20-41.3110W"}}, {"type": "Feature", "geometry": {"type": "Point", "coordinates": [-99.37120662440242, 34.642019567586004]}, "properties": {"NAME": "The Flying Cowboy", "IDENT": "91OK", "TYPE_CODE": "AD", "SERVCITY": "ALTUS", "ELEVATION": 1365, "LATITUDE": "34-38-31.2490N", "LONGITUDE": "099-22-16.3140W"}}, {"type": "Feature", "geometry": {"type": "Point", "coordinates": [-99.26775910080066, 34.66798124427675]}, "properties": {"NAME": "Altus AFB", "IDENT": "LTS", "TYPE_CODE": "AD", "SERVCITY": "ALTUS", "ELEVATION": 1381.8, "LATITUDE": "34-40-04.7110N", "LONGITUDE": "099-16-03.9030W"}}, {"type": "Feature", "geometry": {"type": "Point", "coordinates": [-96.14806718496999, 34.3983449579667]}, "properties": {"NAME": "Atoka Muni", "IDENT": "AQR", "TYPE_CODE": "AD", "SERVCITY": "ATOKA", "ELEVATION": 590, "LATITUDE": "34-23-54.0200N", "LONGITUDE": "096-08-53.0150W"}}, {"type": "Feature", "geometry": {"type": "Point", "coordinates": [-96.052785372009, 36.489173118056385]}, "properties": {"NAME": "Candy Lake Estate", "IDENT": "98OK", "TYPE_CODE": "AD", "SERVCITY": "AVANT", "ELEVATION": 685, "LATITUDE": "36-29-21.0000N", "LONGITUDE": "096-03-10.0000W"}}, {"type": "Feature", "geometry": {"type": "Point", "coordinates": [-96.02972975545438, 35.793617439587244]}, "properties": {"NAME": "Eagle Creek", "IDENT": "51OK", "TYPE_CODE": "AD", "SERVCITY": "BEGGS", "ELEVATION": 740, "LATITUDE": "35-47-37.0000N", "LONGITUDE": "096-01-47.0000W"}}, {"type": "Feature", "geometry": {"type": "Point", "coordinates": [-97.71084124910074, 35.1683394652699]}, "properties": {"NAME": "Warbonnet", "IDENT": "8OK1", "TYPE_CODE": "AD", "SERVCITY": "BLANCHARD", "ELEVATION": 1335, "LATITUDE": "35-10-06.0000N", "LONGITUDE": "097-42-39.0000W"}}, {"type": "Feature", "geometry": {"type": "Point", "coordinates": [-98.26406360260418, 35.05220052794762]}, "properties": {"NAME": "Anadarko Muni", "IDENT": "F68", "TYPE_CODE": "AD", "SERVCITY": "ANADARKO", "ELEVATION": 1291, "LATITUDE": "35-03-07.9000N", "LONGITUDE": "098-15-50.6000W"}}, {"type": "Feature", "geometry": {"type": "Point", "coordinates": [-95.64987093175131, 34.19357411016753]}, "properties": {"NAME": "Antlers Muni", "IDENT": "80F", "TYPE_CODE": "AD", "SERVCITY": "ANTLERS", "ELEVATION": 576.7, "LATITUDE": "34-11-36.8450N", "LONGITUDE": "095-38-59.5090W"}}, {"type": "Feature", "geometry": {"type": "Point", "coordinates": [-96.91696265279322, 34.3000987926453]}, "properties": {"NAME": "Goddard Ranch", "IDENT": "OK85", "TYPE_CODE": "AD", "SERVCITY": "ARDMORE", "ELEVATION": 858, "LATITUDE": "34-18-00.3340N", "LONGITUDE": "096-55-01.0380W"}}, {"type": "Feature", "geometry": {"type": "Point", "coordinates": [-97.0525743486415, 34.21825599327607]}, "properties": {"NAME": "Bass Aero", "IDENT": "OK17", "TYPE_CODE": "AD", "SERVCITY": "ARDMORE", "ELEVATION": 840, "LATITUDE": "34-13-05.7000N", "LONGITUDE": "097-03-09.2400W"}}, {"type": "Feature", "geometry": {"type": "Point", "coordinates": [-97.20918827943713, 34.2487087694366]}, "properties": {"NAME": "Strader Ranch", "IDENT": "OK62", "TYPE_CODE": "AD", "SERVCITY": "ARDMORE", "ELEVATION": 850, "LATITUDE": "34-14-55.3300N", "LONGITUDE": "097-12-33.0500W"}}, {"type": "Feature", "geometry": {"type": "Point", "coordinates": [-97.23117439255192, 34.19830598120641]}, "properties": {"NAME": "Taliaferro Fld", "IDENT": "OK23", "TYPE_CODE": "AD", "SERVCITY": "ARDMORE", "ELEVATION": 930, "LATITUDE": "34-11-53.8800N", "LONGITUDE": "097-13-52.2000W"}}, {"type": "Feature", "geometry": {"type": "Point", "coordinates": [-97.02060506839445, 34.303879454430984]}, "properties": {"NAME": "Ardmore Muni", "IDENT": "ADM", "TYPE_CODE": "AD", "SERVCITY": "ARDMORE", "ELEVATION": 776.7, "LATITUDE": "34-18-13.9444N", "LONGITUDE": "097-01-14.1506W"}}, {"type": "Feature", "geometry": {"type": "Point", "coordinates": [-97.12267436156442, 34.14697819894096]}, "properties": {"NAME": "Ardmore Downtown Exec", "IDENT": "1F0", "TYPE_CODE": "AD", "SERVCITY": "ARDMORE", "ELEVATION": 844.9, "LATITUDE": "34-08-49.1000N", "LONGITUDE": "097-07-21.6000W"}}, {"type": "Feature", "geometry": {"type": "Point", "coordinates": [-97.81415234303067, 34.576083799590705]}, "properties": {"NAME": "Wolfe Fld", "IDENT": "1OK3", "TYPE_CODE": "AD", "SERVCITY": "BRAY", "ELEVATION": 1194, "LATITUDE": "34-34-33.8800N", "LONGITUDE": "097-48-50.9200W"}}, {"type": "Feature", "geometry": {"type": "Point", "coordinates": [-96.27945593875121, 35.894533833904696]}, "properties": {"NAME": "Neversweat", "IDENT": "1OK0", "TYPE_CODE": "AD", "SERVCITY": "BRISTOW", "ELEVATION": 775, "LATITUDE": "35-53-40.2990N", "LONGITUDE": "096-16-46.0140W"}}, {"type": "Feature", "geometry": {"type": "Point", "coordinates": [-96.42114346853855, 35.80705242208007]}, "properties": {"NAME": "Jones Meml", "IDENT": "3F7", "TYPE_CODE": "AD", "SERVCITY": "BRISTOW", "ELEVATION": 869.6, "LATITUDE": "35-48-25.3660N", "LONGITUDE": "096-25-16.0890W"}}, {"type": "Feature", "geometry": {"type": "Point", "coordinates": [-94.75834041032894, 34.01317272788533]}, "properties": {"NAME": "Broken Bow Muni", "IDENT": "90F", "TYPE_CODE": "AD", "SERVCITY": "BROKEN BOW", "ELEVATION": 404, "LATITUDE": "34-00-47.4000N", "LONGITUDE": "094-45-30.0000W"}}, {"type": "Feature", "geometry": {"type": "Point", "coordinates": [-97.29635633461963, 33.92596981735135]}, "properties": {"NAME": "Higgs", "IDENT": "OK48", "TYPE_CODE": "AD", "SERVCITY": "BURNEYVILLE", "ELEVATION": 690, "LATITUDE": "33-55-33.4700N", "LONGITUDE": "097-17-46.8550W"}}, {"type": "Feature", "geometry": {"type": "Point", "coordinates": [-98.04006025265356, 35.583667021571536]}, "properties": {"NAME": "Harman", "IDENT": "47OK", "TYPE_CODE": "AD", "SERVCITY": "CALUMET", "ELEVATION": 1345, "LATITUDE": "35-35-01.1790N", "LONGITUDE": "098-02-24.1880W"}}, {"type": "Feature", "geometry": {"type": "Point", "coordinates": [-95.62144210232373, 35.1563437334767]}, "properties": {"NAME": "Carlton Landing Fld", "IDENT": "91F", "TYPE_CODE": "AD", "SERVCITY": "CANADIAN", "ELEVATION": 851, "LATITUDE": "35-09-22.8150N", "LONGITUDE": "095-37-17.1650W"}}, {"type": "Feature", "geometry": {"type": "Point", "coordinates": [-98.575231323742, 35.12366074778085]}, "properties": {"NAME": "Carnegie Muni", "IDENT": "86F", "TYPE_CODE": "AD", "SERVCITY": "CARNEGIE", "ELEVATION": 1354, "LATITUDE": "35-07-25.1568N", "LONGITUDE": "098-34-30.8035W"}}, {"type": "Feature", "geometry": {"type": "Point", "coordinates": [-97.66284128662107, 35.818145138074094]}, "properties": {"NAME": "Lockhart Fld", "IDENT": "85OK", "TYPE_CODE": "AD", "SERVCITY": "CASHION", "ELEVATION": 1100, "LATITUDE": "35-49-05.3000N", "LONGITUDE": "097-39-46.2000W"}}, {"type": "Feature", "geometry": {"type": "Point", "coordinates": [-97.57988570945265, 35.80361458384189]}, "properties": {"NAME": "Winding Creek", "IDENT": "56OK", "TYPE_CODE": "AD", "SERVCITY": "CASHION", "ELEVATION": 1050, "LATITUDE": "35-48-12.9900N", "LONGITUDE": "097-34-47.5600W"}}, {"type": "Feature", "geometry": {"type": "Point", "coordinates": [-96.82028550967257, 35.72408960894702]}, "properties": {"NAME": "Chandler Rgnl", "IDENT": "CQB", "TYPE_CODE": "AD", "SERVCITY": "CHANDLER", "ELEVATION": 985.4, "LATITUDE": "35-43-26.7000N", "LONGITUDE": "096-49-13.0000W"}}, {"type": "Feature", "geometry": {"type": "Point", "coordinates": [-98.68214699034282, 34.36886705339903]}, "properties": {"NAME": "Chattanooga Sky Harbor", "IDENT": "92F", "TYPE_CODE": "AD", "SERVCITY": "CHATTANOOGA", "ELEVATION": 1135, "LATITUDE": "34-22-07.9000N", "LONGITUDE": "098-40-55.7000W"}}, {"type": "Feature", "geometry": {"type": "Point", "coordinates": [-99.70302094620519, 35.60324082707128]}, "properties": {"NAME": "Mignon Laird Muni", "IDENT": "93F", "TYPE_CODE": "AD", "SERVCITY": "CHEYENNE", "ELEVATION": 2093.3, "LATITUDE": "35-36-11.6450N", "LONGITUDE": "099-42-10.8450W"}}, {"type": "Feature", "geometry": {"type": "Point", "coordinates": [-96.23310471584796, 34.52949497810728]}, "properties": {"NAME": "City of Coalgate", "IDENT": "08F", "TYPE_CODE": "AD", "SERVCITY": "COALGATE", "ELEVATION": 617, "LATITUDE": "34-31-46.1600N", "LONGITUDE": "096-13-59.1500W"}}, {"type": "Feature", "geometry": {"type": "Point", "coordinates": [-96.25362000825528, 34.66065416820279]}, "properties": {"NAME": "Rock Creek Farm", "IDENT": "0OK4", "TYPE_CODE": "AD", "SERVCITY": "COAL GATE", "ELEVATION": 730, "LATITUDE": "34-39-38.3330N", "LONGITUDE": "096-15-13.0050W"}}, {"type": "Feature", "geometry": {"type": "Point", "coordinates": [-95.89221587280299, 36.33295087582135]}, "properties": {"NAME": "Airman Acres", "IDENT": "OK93", "TYPE_CODE": "AD", "SERVCITY": "COLLINSVILLE", "ELEVATION": 694, "LATITUDE": "36-19-58.6000N", "LONGITUDE": "095-53-31.9500W"}}, {"type": "Feature", "geometry": {"type": "Point", "coordinates": [-95.80322974037924, 36.35458282928712]}, "properties": {"NAME": "Sandridge Airpark Inc", "IDENT": "OK94", "TYPE_CODE": "AD", "SERVCITY": "COLLINSVILLE", "ELEVATION": 690, "LATITUDE": "36-21-16.4750N", "LONGITUDE": "095-48-11.6000W"}}, {"type": "Feature", "geometry": {"type": "Point", "coordinates": [-95.86389086715585, 36.354545326125255]}, "properties": {"NAME": "Ragtime Aerodrome", "IDENT": "09OK", "TYPE_CODE": "AD", "SERVCITY": "COLLINSVILLE", "ELEVATION": 700, "LATITUDE": "36-21-16.3400N", "LONGITUDE": "095-51-49.9800W"}}, {"type": "Feature", "geometry": {"type": "Point", "coordinates": [-95.9049978262518, 36.39732116456431]}, "properties": {"NAME": "Bluestem", "IDENT": "OK58", "TYPE_CODE": "AD", "SERVCITY": "COLLINSVILLE", "ELEVATION": 660, "LATITUDE": "36-23-50.3330N", "LONGITUDE": "095-54-17.9650W"}}, {"type": "Feature", "geometry": {"type": "Point", "coordinates": [-98.010530151898, 34.31414207607185]}, "properties": {"NAME": "Ksa Orchards", "IDENT": "OK11", "TYPE_CODE": "AD", "SERVCITY": "COMANCHE", "ELEVATION": 1080, "LATITUDE": "34-18-50.8900N", "LONGITUDE": "098-00-37.8800W"}}, {"type": "Feature", "geometry": {"type": "Point", "coordinates": [-94.93614613084412, 35.704978589406686]}, "properties": {"NAME": "Tenkiller Lake Airpark", "IDENT": "44M", "TYPE_CODE": "AD", "SERVCITY": "COOKSON", "ELEVATION": 877, "LATITUDE": "35-42-17.9000N", "LONGITUDE": "094-56-10.1000W"}}, {"type": "Feature", "geometry": {"type": "Point", "coordinates": [-94.95000724122154, 35.64778413427842]}, "properties": {"NAME": "Snake Creek Wilderness", "IDENT": "OK06", "TYPE_CODE": "AD", "SERVCITY": "COOKSON", "ELEVATION": 1130, "LATITUDE": "35-38-52.0000N", "LONGITUDE": "094-57-00.0000W"}}, {"type": "Feature", "geometry": {"type": "Point", "coordinates": [-98.75035287747258, 34.883401307861156]}, "properties": {"NAME": "Jennings Ranch", "IDENT": "OL09", "TYPE_CODE": "AD", "SERVCITY": "COOPERTON", "ELEVATION": 1620, "LATITUDE": "34-53-00.2230N", "LONGITUDE": "098-45-01.2410W"}}, {"type": "Feature", "geometry": {"type": "Point", "coordinates": [-98.96772387953457, 35.29630534078348]}, "properties": {"NAME": "Cordell Muni", "IDENT": "F36", "TYPE_CODE": "AD", "SERVCITY": "CORDELL", "ELEVATION": 1589.4, "LATITUDE": "35-17-46.6773N", "LONGITUDE": "098-58-03.7763W"}}, {"type": "Feature", "geometry": {"type": "Point", "coordinates": [-95.5913740974382, 35.93455082011839]}, "properties": {"NAME": "Jantzen", "IDENT": "93OK", "TYPE_CODE": "AD", "SERVCITY": "COWETA", "ELEVATION": 670, "LATITUDE": "35-56-04.3600N", "LONGITUDE": "095-35-28.9200W"}}, {"type": "Feature", "geometry": {"type": "Point", "coordinates": [-96.42166723415015, 34.08899016600327]}, "properties": {"NAME": "Mc Laughlin Farm", "IDENT": "66OK", "TYPE_CODE": "AD", "SERVCITY": "DURANT", "ELEVATION": 695, "LATITUDE": "34-05-20.3430N", "LONGITUDE": "096-25-17.9750W"}}, {"type": "Feature", "geometry": {"type": "Point", "coordinates": [-98.57118425761396, 35.359505011142126]}, "properties": {"NAME": "Lasley Private", "IDENT": "6OK8", "TYPE_CODE": "AD", "SERVCITY": "EAKLY", "ELEVATION": 1630, "LATITUDE": "35-21-34.1960N", "LONGITUDE": "098-34-16.2340W"}}, {"type": "Feature", "geometry": {"type": "Point", "coordinates": [-97.40032427068348, 35.75005875074196]}, "properties": {"NAME": "Myrick", "IDENT": "33OK", "TYPE_CODE": "AD", "SERVCITY": "EDMOND", "ELEVATION": 1195, "LATITUDE": "35-45-00.1890N", "LONGITUDE": "097-24-01.1390W"}}, {"type": "Feature", "geometry": {"type": "Point", "coordinates": [-97.5414387489442, 35.72977901789478]}, "properties": {"NAME": "5b Ranch", "IDENT": "1OK8", "TYPE_CODE": "AD", "SERVCITY": "EDMOND", "ELEVATION": 1085, "LATITUDE": "35-43-47.1820N", "LONGITUDE": "097-32-29.1510W"}}, {"type": "Feature", "geometry": {"type": "Point", "coordinates": [-98.27315247275095, 34.778508813143894]}, "properties": {"NAME": "Elgin's Stony Fld", "IDENT": "OK03", "TYPE_CODE": "AD", "SERVCITY": "ELGIN", "ELEVATION": 1275, "LATITUDE": "34-46-42.6100N", "LONGITUDE": "098-16-23.3200W"}}, {"type": "Feature", "geometry": {"type": "Point", "coordinates": [-99.39428613455402, 35.43078386985558]}, "properties": {"NAME": "Elk City Rgnl Business", "IDENT": "ELK", "TYPE_CODE": "AD", "SERVCITY": "ELK CITY", "ELEVATION": 2012.8, "LATITUDE": "35-25-50.8000N", "LONGITUDE": "099-23-39.4000W"}}, {"type": "Feature", "geometry": {"type": "Point", "coordinates": [-97.40169974471931, 34.65703105619049]}, "properties": {"NAME": "McKey", "IDENT": "0OK1", "TYPE_CODE": "AD", "SERVCITY": "ELMORE CITY", "ELEVATION": 1056, "LATITUDE": "34-39-25.2900N", "LONGITUDE": "097-24-06.0910W"}}, {"type": "Feature", "geometry": {"type": "Point", "coordinates": [-98.00575801347311, 35.472728392932915]}, "properties": {"NAME": "El Reno Rgnl", "IDENT": "RQO", "TYPE_CODE": "AD", "SERVCITY": "EL RENO", "ELEVATION": 1420.4, "LATITUDE": "35-28-21.8000N", "LONGITUDE": "098-00-20.7000W"}}, {"type": "Feature", "geometry": {"type": "Point", "coordinates": [-97.92888855028276, 35.47505895328178]}, "properties": {"NAME": "Baker Airstrip", "IDENT": "8OK2", "TYPE_CODE": "AD", "SERVCITY": "EL RENO", "ELEVATION": 1370, "LATITUDE": "35-28-30.1900N", "LONGITUDE": "097-55-43.9700W"}}, {"type": "Feature", "geometry": {"type": "Point", "coordinates": [-98.04061496856065, 35.50283589641414]}, "properties": {"NAME": "Pellar Farm", "IDENT": "28OK", "TYPE_CODE": "AD", "SERVCITY": "EL RENO", "ELEVATION": 1400, "LATITUDE": "35-30-10.1870N", "LONGITUDE": "098-02-26.1850W"}}, {"type": "Feature", "geometry": {"type": "Point", "coordinates": [-98.40219296868422, 34.649832505963076]}, "properties": {"NAME": "Henry Post AAF (Fort Sill)", "IDENT": "FSI", "TYPE_CODE": "AD", "SERVCITY": "FORT SILL", "ELEVATION": 1188.3, "LATITUDE": "34-38-59.3754N", "LONGITUDE": "098-24-07.8657W"}}, {"type": "Feature", "geometry": {"type": "Point", "coordinates": [-98.98391725796272, 34.35210173073728]}, "properties": {"NAME": "Frederick Rgnl", "IDENT": "FDR", "TYPE_CODE": "AD", "SERVCITY": "FREDERICK", "ELEVATION": 1258, "LATITUDE": "34-21-07.5449N", "LONGITUDE": "098-59-02.0727W"}}, {"type": "Feature", "geometry": {"type": "Point", "coordinates": [-99.77650435374717, 36.295771495694886]}, "properties": {"NAME": "Gage", "IDENT": "GAG", "TYPE_CODE": "AD", "SERVCITY": "GAGE", "ELEVATION": 2223.2000000000003, "LATITUDE": "36-17-44.7550N", "LONGITUDE": "099-46-35.3850W"}}, {"type": "Feature", "geometry": {"type": "Point", "coordinates": [-97.47926063131881, 35.11148946676528]}, "properties": {"NAME": "Paradise Air Haven", "IDENT": "39OK", "TYPE_CODE": "AD", "SERVCITY": "GOLDSBY", "ELEVATION": 1205, "LATITUDE": "35-06-41.3400N", "LONGITUDE": "097-28-45.3100W"}}, {"type": "Feature", "geometry": {"type": "Point", "coordinates": [-97.47040174330188, 35.15507364196639]}, "properties": {"NAME": "David Jay Perry", "IDENT": "1K4", "TYPE_CODE": "AD", "SERVCITY": "GOLDSBY", "ELEVATION": 1168.8, "LATITUDE": "35-09-18.2430N", "LONGITUDE": "097-28-13.4180W"}}, {"type": "Feature", "geometry": {"type": "Point", "coordinates": [-97.45059506846655, 35.117019192180855]}, "properties": {"NAME": "Pacer Fld", "IDENT": "5OK4", "TYPE_CODE": "AD", "SERVCITY": "GOLDSBY", "ELEVATION": 1140, "LATITUDE": "35-07-01.2470N", "LONGITUDE": "097-27-02.1140W"}}, {"type": "Feature", "geometry": {"type": "Point", "coordinates": [-97.48167452088204, 35.11083946652911]}, "properties": {"NAME": "Dick's", "IDENT": "OK02", "TYPE_CODE": "AD", "SERVCITY": "GOLDSBY", "ELEVATION": 1160, "LATITUDE": "35-06-39.0000N", "LONGITUDE": "097-28-54.0000W"}}, {"type": "Feature", "geometry": {"type": "Point", "coordinates": [-98.74201727397282, 34.2375953601575]}, "properties": {"NAME": "Grandfield Muni", "IDENT": "1O1", "TYPE_CODE": "AD", "SERVCITY": "GRANDFIELD", "ELEVATION": 1128, "LATITUDE": "34-14-15.3220N", "LONGITUDE": "098-44-31.2330W"}}, {"type": "Feature", "geometry": {"type": "Point", "coordinates": [-99.9085731498969, 34.705311218655176]}, "properties": {"NAME": "Hollis Muni", "IDENT": "O35", "TYPE_CODE": "AD", "SERVCITY": "HOLLIS", "ELEVATION": 1659.2, "LATITUDE": "34-42-19.0990N", "LONGITUDE": "099-54-30.8330W"}}, {"type": "Feature", "geometry": {"type": "Point", "coordinates": [-96.38722989888416, 36.442756425290106]}, "properties": {"NAME": "Hominy Muni", "IDENT": "H92", "TYPE_CODE": "AD", "SERVCITY": "HOMINY", "ELEVATION": 825, "LATITUDE": "36-26-33.9000N", "LONGITUDE": "096-23-14.0000W"}}, {"type": "Feature", "geometry": {"type": "Point", "coordinates": [-95.54206283827192, 34.03364491817705]}, "properties": {"NAME": "Stan Stamper Muni", "IDENT": "HHW", "TYPE_CODE": "AD", "SERVCITY": "HUGO", "ELEVATION": 572.2, "LATITUDE": "34-02-01.1000N", "LONGITUDE": "095-32-31.4000W"}}, {"type": "Feature", "geometry": {"type": "Point", "coordinates": [-94.8593682079498, 33.90936714762516]}, "properties": {"NAME": "Mc Curtain County Rgnl", "IDENT": "4O4", "TYPE_CODE": "AD", "SERVCITY": "IDABEL", "ELEVATION": 471.6, "LATITUDE": "33-54-33.7000N", "LONGITUDE": "094-51-33.7000W"}}, {"type": "Feature", "geometry": {"type": "Point", "coordinates": [-95.41775601232668, 36.143993366578634]}, "properties": {"NAME": "Buzzards Roost", "IDENT": "O18", "TYPE_CODE": "AD", "SERVCITY": "INOLA", "ELEVATION": 661, "LATITUDE": "36-08-38.3530N", "LONGITUDE": "095-25-03.8950W"}}, {"type": "Feature", "geometry": {"type": "Point", "coordinates": [-95.58028244649843, 36.179353642584104]}, "properties": {"NAME": "Dobie's", "IDENT": "0K6", "TYPE_CODE": "AD", "SERVCITY": "INOLA", "ELEVATION": 610, "LATITUDE": "36-10-45.6500N", "LONGITUDE": "095-34-48.9900W"}}, {"type": "Feature", "geometry": {"type": "Point", "coordinates": [-95.57831828247991, 36.22399309566424]}, "properties": {"NAME": "Gilstrap Fld", "IDENT": "55OK", "TYPE_CODE": "AD", "SERVCITY": "INOLA", "ELEVATION": 575, "LATITUDE": "36-13-26.3520N", "LONGITUDE": "095-34-41.9190W"}}, {"type": "Feature", "geometry": {"type": "Point", "coordinates": [-97.02211887840697, 35.516256228769905]}, "properties": {"NAME": "Jacktown", "IDENT": "OK00", "TYPE_CODE": "AD", "SERVCITY": "JACKTOWN", "ELEVATION": 954, "LATITUDE": "35-30-58.5000N", "LONGITUDE": "097-01-19.6000W"}}, {"type": "Feature", "geometry": {"type": "Point", "coordinates": [-94.9204072861794, 36.33925370511045]}, "properties": {"NAME": "Lewis North", "IDENT": "62OK", "TYPE_CODE": "AD", "SERVCITY": "JAY", "ELEVATION": 960, "LATITUDE": "36-20-21.2900N", "LONGITUDE": "094-55-13.4400W"}}, {"type": "Feature", "geometry": {"type": "Point", "coordinates": [-96.63697938989702, 36.213404149867614]}, "properties": {"NAME": "Crystal", "IDENT": "0OK9", "TYPE_CODE": "AD", "SERVCITY": "JENNINGS", "ELEVATION": 1016, "LATITUDE": "36-12-48.2320N", "LONGITUDE": "096-38-13.0980W"}}, {"type": "Feature", "geometry": {"type": "Point", "coordinates": [-98.48300806655146, 34.57621709993387]}, "properties": {"NAME": "Neuwirth Airstrip", "IDENT": "71OK", "TYPE_CODE": "AD", "SERVCITY": "LAWTON", "ELEVATION": 1185, "LATITUDE": "34-34-34.3600N", "LONGITUDE": "098-28-58.8000W"}}, {"type": "Feature", "geometry": {"type": "Point", "coordinates": [-97.33642559369714, 35.09229891546107]}, "properties": {"NAME": "Mc Caslin", "IDENT": "O44", "TYPE_CODE": "AD", "SERVCITY": "LEXINGTON", "ELEVATION": 1135, "LATITUDE": "35-05-32.2540N", "LONGITUDE": "097-20-11.1040W"}}, {"type": "Feature", "geometry": {"type": "Point", "coordinates": [-97.60584119043178, 34.72861717009935]}, "properties": {"NAME": "Bearden Private Airstrip", "IDENT": "3OK5", "TYPE_CODE": "AD", "SERVCITY": "LINDSAY", "ELEVATION": 1180, "LATITUDE": "34-43-43.0000N", "LONGITUDE": "097-36-21.0000W"}}, {"type": "Feature", "geometry": {"type": "Point", "coordinates": [-97.58529952796073, 34.8494574707445]}, "properties": {"NAME": "Lindsay Muni", "IDENT": "1K2", "TYPE_CODE": "AD", "SERVCITY": "LINDSAY", "ELEVATION": 968, "LATITUDE": "34-50-58.0250N", "LONGITUDE": "097-35-07.0500W"}}, {"type": "Feature", "geometry": {"type": "Point", "coordinates": [-97.2311959481187, 34.206512454702235]}, "properties": {"NAME": "Colby Fld", "IDENT": "OK24", "TYPE_CODE": "AD", "SERVCITY": "LONE GROVE", "ELEVATION": 923, "LATITUDE": "34-12-23.4233N", "LONGITUDE": "097-13-52.2776W"}}, {"type": "Feature", "geometry": {"type": "Point", "coordinates": [-99.22953217069104, 34.98339630114665]}, "properties": {"NAME": "Hohman", "IDENT": "1OK5", "TYPE_CODE": "AD", "SERVCITY": "LONE WOLF", "ELEVATION": 1563, "LATITUDE": "34-59-00.2050N", "LONGITUDE": "099-13-46.2860W"}}, {"type": "Feature", "geometry": {"type": "Point", "coordinates": [-97.22587477853645, 35.71450764246724]}, "properties": {"NAME": "Bost Ranch", "IDENT": "OK55", "TYPE_CODE": "AD", "SERVCITY": "LUTHER", "ELEVATION": 1070, "LATITUDE": "35-42-52.2050N", "LONGITUDE": "097-13-33.1210W"}}, {"type": "Feature", "geometry": {"type": "Point", "coordinates": [-95.78347962470221, 34.88239506442731]}, "properties": {"NAME": "Mc Alester Rgnl", "IDENT": "MLC", "TYPE_CODE": "AD", "SERVCITY": "MC ALESTER", "ELEVATION": 770.8000000000001, "LATITUDE": "34-52-56.6000N", "LONGITUDE": "095-47-00.5000W"}}, {"type": "Feature", "geometry": {"type": "Point", "coordinates": [-96.81203983721343, 34.1404079343016]}, "properties": {"NAME": "Madill Muni", "IDENT": "1F4", "TYPE_CODE": "AD", "SERVCITY": "MADILL", "ELEVATION": 890, "LATITUDE": "34-08-25.4470N", "LONGITUDE": "096-48-43.3160W"}}, {"type": "Feature", "geometry": {"type": "Point", "coordinates": [-99.19417505940022, 36.484772948322885]}, "properties": {"NAME": "Mooreland Muni", "IDENT": "MDF", "TYPE_CODE": "AD", "SERVCITY": "MOORELAND", "ELEVATION": 1970, "LATITUDE": "36-29-05.1600N", "LONGITUDE": "099-11-39.0000W"}}, {"type": "Feature", "geometry": {"type": "Point", "coordinates": [-96.05861420969919, 35.81676938726963]}, "properties": {"NAME": "Ragwing Acres", "IDENT": "2OK4", "TYPE_CODE": "AD", "SERVCITY": "MOUNDS", "ELEVATION": 780, "LATITUDE": "35-49-00.3470N", "LONGITUDE": "096-03-30.9840W"}}, {"type": "Feature", "geometry": {"type": "Point", "coordinates": [-96.0048686447964, 35.882089678695166]}, "properties": {"NAME": "Duckcreek", "IDENT": "OK36", "TYPE_CODE": "AD", "SERVCITY": "MOUNDS", "ELEVATION": 706, "LATITUDE": "35-52-55.5000N", "LONGITUDE": "096-00-17.5000W"}}, {"type": "Feature", "geometry": {"type": "Point", "coordinates": [-98.73979621221615, 34.92895603837854]}, "properties": {"NAME": "Ferrell Ranch", "IDENT": "2OK5", "TYPE_CODE": "AD", "SERVCITY": "MOUNTAIN VIEW", "ELEVATION": 1575, "LATITUDE": "34-55-44.2200N", "LONGITUDE": "098-44-23.2370W"}}, {"type": "Feature", "geometry": {"type": "Point", "coordinates": [-94.57800433704713, 35.25676741352075]}, "properties": {"NAME": "Sweetbriar", "IDENT": "83OK", "TYPE_CODE": "AD", "SERVCITY": "MURRY SPUR", "ELEVATION": 560, "LATITUDE": "35-15-24.3400N", "LONGITUDE": "094-34-40.7900W"}}, {"type": "Feature", "geometry": {"type": "Point", "coordinates": [-95.36164623860108, 35.65775633765503]}, "properties": {"NAME": "Muskogee-Davis Rgnl", "IDENT": "MKO", "TYPE_CODE": "AD", "SERVCITY": "MUSKOGEE", "ELEVATION": 611.5, "LATITUDE": "35-39-27.9000N", "LONGITUDE": "095-21-41.9000W"}}, {"type": "Feature", "geometry": {"type": "Point", "coordinates": [-97.70617461477738, 35.60183954195577]}, "properties": {"NAME": "Sundance", "IDENT": "HSD", "TYPE_CODE": "AD", "SERVCITY": "OKLAHOMA CITY", "ELEVATION": 1192.9, "LATITUDE": "35-36-06.6000N", "LONGITUDE": "097-42-22.2000W"}}, {"type": "Feature", "geometry": {"type": "Point", "coordinates": [-97.38664674151006, 35.414756192284976]}, "properties": {"NAME": "Tinker AFB", "IDENT": "TIK", "TYPE_CODE": "AD", "SERVCITY": "OKLAHOMA CITY", "ELEVATION": 1290.6000000000001, "LATITUDE": "35-24-53.1000N", "LONGITUDE": "097-23-11.9000W"}}, {"type": "Feature", "geometry": {"type": "Point", "coordinates": [-97.9676885035416, 35.09714649577031]}, "properties": {"NAME": "Chickasha Muni", "IDENT": "CHK", "TYPE_CODE": "AD", "SERVCITY": "CHICKASHA", "ELEVATION": 1151.5, "LATITUDE": "35-05-49.7054N", "LONGITUDE": "097-58-03.6499W"}}, {"type": "Feature", "geometry": {"type": "Point", "coordinates": [-97.8953287877854, 35.062849160329044]}, "properties": {"NAME": "Redhills", "IDENT": "6OK2", "TYPE_CODE": "AD", "SERVCITY": "CHICKASHA", "ELEVATION": 1175, "LATITUDE": "35-03-46.2350N", "LONGITUDE": "097-53-43.1550W"}}, {"type": "Feature", "geometry": {"type": "Point", "coordinates": [-97.78623293007313, 35.100350560437406]}, "properties": {"NAME": "Good Life Ranch", "IDENT": "17OK", "TYPE_CODE": "AD", "SERVCITY": "CHICKASHA", "ELEVATION": 1240, "LATITUDE": "35-06-01.2400N", "LONGITUDE": "097-47-10.4100W"}}, {"type": "Feature", "geometry": {"type": "Point", "coordinates": [-95.47961854011767, 36.29272866802802]}, "properties": {"NAME": "Claremore Rgnl", "IDENT": "GCM", "TYPE_CODE": "AD", "SERVCITY": "CLAREMORE", "ELEVATION": 733, "LATITUDE": "36-17-33.8000N", "LONGITUDE": "095-28-46.6000W"}}, {"type": "Feature", "geometry": {"type": "Point", "coordinates": [-95.65189635720351, 36.21817309083639]}, "properties": {"NAME": "Sam Riggs Airpark", "IDENT": "K11", "TYPE_CODE": "AD", "SERVCITY": "CLAREMORE", "ELEVATION": 580, "LATITUDE": "36-13-05.4000N", "LONGITUDE": "095-39-06.8000W"}}, {"type": "Feature", "geometry": {"type": "Point", "coordinates": [-95.6307074665657, 36.2676008777477]}, "properties": {"NAME": "Barcus Fld", "IDENT": "95OK", "TYPE_CODE": "AD", "SERVCITY": "CLAREMORE", "ELEVATION": 660, "LATITUDE": "36-16-03.3400N", "LONGITUDE": "095-37-50.5200W"}}, {"type": "Feature", "geometry": {"type": "Point", "coordinates": [-95.64950748062557, 36.38340923139685]}, "properties": {"NAME": "Sageeyah Airfield", "IDENT": "OK20", "TYPE_CODE": "AD", "SERVCITY": "CLAREMORE", "ELEVATION": 640, "LATITUDE": "36-23-00.2500N", "LONGITUDE": "095-38-58.2000W"}}, {"type": "Feature", "geometry": {"type": "Point", "coordinates": [-96.46334101680434, 36.284173060405244]}, "properties": {"NAME": "Cleveland Muni", "IDENT": "95F", "TYPE_CODE": "AD", "SERVCITY": "CLEVELAND", "ELEVATION": 976, "LATITUDE": "36-17-03.0000N", "LONGITUDE": "096-27-48.0000W"}}, {"type": "Feature", "geometry": {"type": "Point", "coordinates": [-99.20050774559634, 35.33984525329232]}, "properties": {"NAME": "Clinton/Sherman", "IDENT": "CSM", "TYPE_CODE": "AD", "SERVCITY": "BURNS FLAT", "ELEVATION": 1922.1000000000001, "LATITUDE": "35-20-23.4210N", "LONGITUDE": "099-12-01.7980W"}}, {"type": "Feature", "geometry": {"type": "Point", "coordinates": [-98.9327968065574, 35.53827869038782]}, "properties": {"NAME": "Clinton Rgnl", "IDENT": "CLK", "TYPE_CODE": "AD", "SERVCITY": "CLINTON", "ELEVATION": 1615.5, "LATITUDE": "35-32-17.7812N", "LONGITUDE": "098-55-58.0388W"}}, {"type": "Feature", "geometry": {"type": "Point", "coordinates": [-96.77342440417458, 35.95003409635168]}, "properties": {"NAME": "Cushing Muni", "IDENT": "CUH", "TYPE_CODE": "AD", "SERVCITY": "CUSHING", "ELEVATION": 925.1, "LATITUDE": "35-57-00.1000N", "LONGITUDE": "096-46-24.3000W"}}, {"type": "Feature", "geometry": {"type": "Point", "coordinates": [-94.9582998079373, 36.48897734103846]}, "properties": {"NAME": "Disney", "IDENT": "OK95", "TYPE_CODE": "AD", "SERVCITY": "DISNEY", "ELEVATION": 955, "LATITUDE": "36-29-20.2950N", "LONGITUDE": "094-57-29.8530W"}}, {"type": "Feature", "geometry": {"type": "Point", "coordinates": [-97.95986820619211, 34.47087932865507]}, "properties": {"NAME": "Halliburton Fld", "IDENT": "DUC", "TYPE_CODE": "AD", "SERVCITY": "DUNCAN", "ELEVATION": 1114.3, "LATITUDE": "34-28-15.1440N", "LONGITUDE": "097-57-35.4970W"}}, {"type": "Feature", "geometry": {"type": "Point", "coordinates": [-97.76698482813426, 34.533420183225914]}, "properties": {"NAME": "Ketchum Ranch", "IDENT": "OK97", "TYPE_CODE": "AD", "SERVCITY": "DUNCAN", "ELEVATION": 1100, "LATITUDE": "34-32-00.2910N", "LONGITUDE": "097-46-01.1170W"}}, {"type": "Feature", "geometry": {"type": "Point", "coordinates": [-96.39506499540586, 33.93970347255128]}, "properties": {"NAME": "Durant Rgnl/Eaker Fld", "IDENT": "DUA", "TYPE_CODE": "AD", "SERVCITY": "DURANT", "ELEVATION": 699.1, "LATITUDE": "33-56-22.9110N", "LONGITUDE": "096-23-42.2070W"}}, {"type": "Feature", "geometry": {"type": "Point", "coordinates": [-97.78943080843622, 36.37596189513188]}, "properties": {"NAME": "Enid Woodring Rgnl", "IDENT": "WDG", "TYPE_CODE": "AD", "SERVCITY": "ENID", "ELEVATION": 1167.2, "LATITUDE": "36-22-33.4400N", "LONGITUDE": "097-47-21.9220W"}}, {"type": "Feature", "geometry": {"type": "Point", "coordinates": [-97.91724750385661, 36.339812159059335]}, "properties": {"NAME": "Vance AFB", "IDENT": "END", "TYPE_CODE": "AD", "SERVCITY": "ENID", "ELEVATION": 1312.7, "LATITUDE": "36-20-23.3010N", "LONGITUDE": "097-55-02.0620W"}}, {"type": "Feature", "geometry": {"type": "Point", "coordinates": [-99.88106401450192, 35.20075602718815]}, "properties": {"NAME": "Haddock Fld", "IDENT": "O13", "TYPE_CODE": "AD", "SERVCITY": "ERICK", "ELEVATION": 2097, "LATITUDE": "35-12-02.7000N", "LONGITUDE": "099-52-51.8000W"}}, {"type": "Feature", "geometry": {"type": "Point", "coordinates": [-95.62737822517397, 35.29831042611367]}, "properties": {"NAME": "Eufaula Muni", "IDENT": "F08", "TYPE_CODE": "AD", "SERVCITY": "EUFAULA", "ELEVATION": 635, "LATITUDE": "35-17-53.8950N", "LONGITUDE": "095-37-38.5350W"}}, {"type": "Feature", "geometry": {"type": "Point", "coordinates": [-95.80834077290868, 35.30945069624488]}, "properties": {"NAME": "Canadian River Ranch", "IDENT": "OK04", "TYPE_CODE": "AD", "SERVCITY": "EUFAULA", "ELEVATION": 850, "LATITUDE": "35-18-34.0000N", "LONGITUDE": "095-48-30.0000W"}}, {"type": "Feature", "geometry": {"type": "Point", "coordinates": [-95.60028516976034, 35.38867294390896]}, "properties": {"NAME": "Fountainhead Lodge Airpark", "IDENT": "0F7", "TYPE_CODE": "AD", "SERVCITY": "EUFAULA", "ELEVATION": 670, "LATITUDE": "35-23-19.2000N", "LONGITUDE": "095-36-01.0000W"}}, {"type": "Feature", "geometry": {"type": "Point", "coordinates": [-97.66784966570103, 36.36524245479681]}, "properties": {"NAME": "Fairmont Fld", "IDENT": "1OK", "TYPE_CODE": "AD", "SERVCITY": "FAIRMONT", "ELEVATION": 1170, "LATITUDE": "36-21-54.8500N", "LONGITUDE": "097-40-04.2300W"}}, {"type": "Feature", "geometry": {"type": "Point", "coordinates": [-98.47581375269394, 36.29120073170011]}, "properties": {"NAME": "Fairview Muni", "IDENT": "6K4", "TYPE_CODE": "AD", "SERVCITY": "FAIRVIEW", "ELEVATION": 1273.8, "LATITUDE": "36-17-28.3000N", "LONGITUDE": "098-28-32.9000W"}}, {"type": "Feature", "geometry": {"type": "Point", "coordinates": [-97.41618544962917, 35.85152898972948]}, "properties": {"NAME": "Guthrie/Edmond Rgnl", "IDENT": "GOK", "TYPE_CODE": "AD", "SERVCITY": "GUTHRIE", "ELEVATION": 1069.2, "LATITUDE": "35-51-05.4818N", "LONGITUDE": "097-24-58.2392W"}}, {"type": "Feature", "geometry": {"type": "Point", "coordinates": [-97.40032567052958, 35.88894349710921]}, "properties": {"NAME": "Chappell", "IDENT": "0OK5", "TYPE_CODE": "AD", "SERVCITY": "GUTHRIE", "ELEVATION": 1070, "LATITUDE": "35-53-20.1740N", "LONGITUDE": "097-24-01.1440W"}}, {"type": "Feature", "geometry": {"type": "Point", "coordinates": [-97.38615760410201, 35.80172403854887]}, "properties": {"NAME": "Ellis/Harvey", "IDENT": "0OK6", "TYPE_CODE": "AD", "SERVCITY": "GUTHRIE", "ELEVATION": 1220, "LATITUDE": "35-48-06.1840N", "LONGITUDE": "097-23-10.1390W"}}, {"type": "Feature", "geometry": {"type": "Point", "coordinates": [-97.19198253063735, 35.48895871530843]}, "properties": {"NAME": "Steciak Strip", "IDENT": "1OL2", "TYPE_CODE": "AD", "SERVCITY": "HARRAH", "ELEVATION": 1100, "LATITUDE": "35-29-20.2290N", "LONGITUDE": "097-11-31.1090W"}}, {"type": "Feature", "geometry": {"type": "Point", "coordinates": [-95.66742444245526, 35.83285888197153]}, "properties": {"NAME": "Haskell", "IDENT": "2K9", "TYPE_CODE": "AD", "SERVCITY": "HASKELL", "ELEVATION": 587, "LATITUDE": "35-49-58.2691N", "LONGITUDE": "095-40-02.7012W"}}, {"type": "Feature", "geometry": {"type": "Point", "coordinates": [-95.75334079629722, 35.81333967911782]}, "properties": {"NAME": "Cherokee Ranch", "IDENT": "OK25", "TYPE_CODE": "AD", "SERVCITY": "HASKELL", "ELEVATION": 710, "LATITUDE": "35-48-48.0000N", "LONGITUDE": "095-45-12.0000W"}}, {"type": "Feature", "geometry": {"type": "Point", "coordinates": [-97.4729355685567, 34.254900424053865]}, "properties": {"NAME": "Healdton Muni", "IDENT": "F32", "TYPE_CODE": "AD", "SERVCITY": "HEALDTON", "ELEVATION": 955.9, "LATITUDE": "34-15-17.6200N", "LONGITUDE": "097-28-22.5400W"}}, {"type": "Feature", "geometry": {"type": "Point", "coordinates": [-97.93700971272618, 36.104210728394904]}, "properties": {"NAME": "Enix", "IDENT": "OK51", "TYPE_CODE": "AD", "SERVCITY": "HENNESSEY", "ELEVATION": 1100, "LATITUDE": "36-06-15.1360N", "LONGITUDE": "097-56-13.2060W"}}, {"type": "Feature", "geometry": {"type": "Point", "coordinates": [-96.01584027877021, 35.4068859816519]}, "properties": {"NAME": "Henryetta Muni", "IDENT": "F10", "TYPE_CODE": "AD", "SERVCITY": "HENRYETTA", "ELEVATION": 849, "LATITUDE": "35-24-24.7670N", "LONGITUDE": "096-00-56.9980W"}}, {"type": "Feature", "geometry": {"type": "Point", "coordinates": [-98.34256365675911, 35.507228381628046]}, "properties": {"NAME": "Hinton Muni", "IDENT": "2O8", "TYPE_CODE": "AD", "SERVCITY": "HINTON", "ELEVATION": 1587, "LATITUDE": "35-30-26.0000N", "LONGITUDE": "098-20-33.2000W"}}, {"type": "Feature", "geometry": {"type": "Point", "coordinates": [-99.05306684951988, 34.98992270022593]}, "properties": {"NAME": "Hobart Rgnl", "IDENT": "HBR", "TYPE_CODE": "AD", "SERVCITY": "HOBART", "ELEVATION": 1563.2, "LATITUDE": "34-59-23.7000N", "LONGITUDE": "099-03-11.0110W"}}, {"type": "Feature", "geometry": {"type": "Point", "coordinates": [-96.41667424746811, 35.08586729276258]}, "properties": {"NAME": "Holdenville Muni", "IDENT": "F99", "TYPE_CODE": "AD", "SERVCITY": "HOLDENVILLE", "ELEVATION": 860.9, "LATITUDE": "35-05-09.1000N", "LONGITUDE": "096-25-00.0000W"}}, {"type": "Feature", "geometry": {"type": "Point", "coordinates": [-97.95294553160323, 35.87667846613338]}, "properties": {"NAME": "Kingfisher", "IDENT": "F92", "TYPE_CODE": "AD", "SERVCITY": "KINGFISHER", "ELEVATION": 1072, "LATITUDE": "35-52-36.0200N", "LONGITUDE": "097-57-10.5750W"}}, {"type": "Feature", "geometry": {"type": "Point", "coordinates": [-95.05024788833875, 36.49175705978385]}, "properties": {"NAME": "Grandcraft Landing Strip", "IDENT": "OK30", "TYPE_CODE": "AD", "SERVCITY": "LANGLEY", "ELEVATION": 827, "LATITUDE": "36-29-30.3020N", "LONGITUDE": "095-03-00.8660W"}}, {"type": "Feature", "geometry": {"type": "Point", "coordinates": [-98.41664471639076, 34.56772043468038]}, "properties": {"NAME": "Lawton-Fort Sill Rgnl", "IDENT": "LAW", "TYPE_CODE": "AD", "SERVCITY": "LAWTON", "ELEVATION": 1110.3, "LATITUDE": "34-34-03.7720N", "LONGITUDE": "098-24-59.8920W"}}, {"type": "Feature", "geometry": {"type": "Point", "coordinates": [-98.35033580838648, 34.53341654382705]}, "properties": {"NAME": "Hill Top", "IDENT": "OK08", "TYPE_CODE": "AD", "SERVCITY": "LAWTON", "ELEVATION": 1100, "LATITUDE": "34-32-00.2780N", "LONGITUDE": "098-21-01.1800W"}}, {"type": "Feature", "geometry": {"type": "Point", "coordinates": [-98.3256469121335, 34.51817265331941]}, "properties": {"NAME": "Djs", "IDENT": "OK07", "TYPE_CODE": "AD", "SERVCITY": "LAWTON", "ELEVATION": 1115, "LATITUDE": "34-31-05.4000N", "LONGITUDE": "098-19-32.3000W"}}, {"type": "Feature", "geometry": {"type": "Point", "coordinates": [-99.52823057054215, 34.89261710326192]}, "properties": {"NAME": "Scott Fld", "IDENT": "2K4", "TYPE_CODE": "AD", "SERVCITY": "MANGUM", "ELEVATION": 1643.8, "LATITUDE": "34-53-33.4000N", "LONGITUDE": "099-31-41.6000W"}}, {"type": "Feature", "geometry": {"type": "Point", "coordinates": [-99.49981973682895, 34.97645156420867]}, "properties": {"NAME": "Scott", "IDENT": "7OK2", "TYPE_CODE": "AD", "SERVCITY": "MANGUM", "ELEVATION": 1650, "LATITUDE": "34-58-35.2040N", "LONGITUDE": "099-29-59.3210W"}}, {"type": "Feature", "geometry": {"type": "Point", "coordinates": [-97.0891857304763, 33.97510539100036]}, "properties": {"NAME": "Hankins", "IDENT": "1OK9", "TYPE_CODE": "AD", "SERVCITY": "MARIETTA", "ELEVATION": 843, "LATITUDE": "33-58-30.3580N", "LONGITUDE": "097-05-21.0410W"}}, {"type": "Feature", "geometry": {"type": "Point", "coordinates": [-97.05446238505516, 33.93593983041311]}, "properties": {"NAME": "Travis", "IDENT": "OK29", "TYPE_CODE": "AD", "SERVCITY": "MARIETTA", "ELEVATION": 862, "LATITUDE": "33-56-09.3620N", "LONGITUDE": "097-03-16.0370W"}}, {"type": "Feature", "geometry": {"type": "Point", "coordinates": [-97.48225810934576, 34.80008191096682]}, "properties": {"NAME": "Grimes", "IDENT": "1OK7", "TYPE_CODE": "AD", "SERVCITY": "MAYSVILLE", "ELEVATION": 1035, "LATITUDE": "34-48-00.2730N", "LONGITUDE": "097-28-56.1010W"}}, {"type": "Feature", "geometry": {"type": "Point", "coordinates": [-98.17845257251899, 36.37217298456433]}, "properties": {"NAME": "Decker Fld", "IDENT": "4O7", "TYPE_CODE": "AD", "SERVCITY": "MENO", "ELEVATION": 1330, "LATITUDE": "36-22-19.8000N", "LONGITUDE": "098-10-42.4000W"}}, {"type": "Feature", "geometry": {"type": "Point", "coordinates": [-97.26974253838169, 35.32935896103691]}, "properties": {"NAME": "Twin Lakes", "IDENT": "2OK2", "TYPE_CODE": "AD", "SERVCITY": "MIDWEST CITY", "ELEVATION": 1198, "LATITUDE": "35-19-45.6700N", "LONGITUDE": "097-16-11.0450W"}}, {"type": "Feature", "geometry": {"type": "Point", "coordinates": [-97.61699095709035, 35.284791713621026]}, "properties": {"NAME": "Odom's Roost", "IDENT": "76OK", "TYPE_CODE": "AD", "SERVCITY": "NEWCASTLE", "ELEVATION": 1240, "LATITUDE": "35-17-05.2280N", "LONGITUDE": "097-37-01.1390W"}}, {"type": "Feature", "geometry": {"type": "Point", "coordinates": [-97.66282513270036, 35.25840309463723]}, "properties": {"NAME": "Cole Landing Area", "IDENT": "2OK7", "TYPE_CODE": "AD", "SERVCITY": "NEWCASTLE", "ELEVATION": 1353, "LATITUDE": "35-15-30.2290N", "LONGITUDE": "097-39-46.1420W"}}, {"type": "Feature", "geometry": {"type": "Point", "coordinates": [-97.99820241197004, 34.890394957620295]}, "properties": {"NAME": "Skyroads", "IDENT": "OL70", "TYPE_CODE": "AD", "SERVCITY": "NINNEKAH", "ELEVATION": 1200, "LATITUDE": "34-53-25.4000N", "LONGITUDE": "097-59-53.5000W"}}, {"type": "Feature", "geometry": {"type": "Point", "coordinates": [-96.24528529227914, 34.776672800837055]}, "properties": {"NAME": "Christopher M Rippee Meml", "IDENT": "5OK2", "TYPE_CODE": "AD", "SERVCITY": "NON", "ELEVATION": 820, "LATITUDE": "34-46-36.0000N", "LONGITUDE": "096-14-43.0000W"}}, {"type": "Feature", "geometry": {"type": "Point", "coordinates": [-97.22280918110648, 35.16357837784927]}, "properties": {"NAME": "Hickory Hills", "IDENT": "10OK", "TYPE_CODE": "AD", "SERVCITY": "NORMAN", "ELEVATION": 1175, "LATITUDE": "35-09-48.8600N", "LONGITUDE": "097-13-22.0850W"}}, {"type": "Feature", "geometry": {"type": "Point", "coordinates": [-97.47214675047934, 35.245561713963305]}, "properties": {"NAME": "University of Oklahoma Westheimer", "IDENT": "OUN", "TYPE_CODE": "AD", "SERVCITY": "NORMAN", "ELEVATION": 1181.7, "LATITUDE": "35-14-44.0000N", "LONGITUDE": "097-28-19.7000W"}}, {"type": "Feature", "geometry": {"type": "Point", "coordinates": [-96.53808268972611, 36.11607302686756]}, "properties": {"NAME": "Hilltop", "IDENT": "40OK", "TYPE_CODE": "AD", "SERVCITY": "OILTON", "ELEVATION": 930, "LATITUDE": "36-06-57.8400N", "LONGITUDE": "096-32-17.0700W"}}, {"type": "Feature", "geometry": {"type": "Point", "coordinates": [-98.30869064011397, 36.11254293307919]}, "properties": {"NAME": "Christman Airfield", "IDENT": "O65", "TYPE_CODE": "AD", "SERVCITY": "OKEENE", "ELEVATION": 1207.5, "LATITUDE": "36-06-45.1320N", "LONGITUDE": "098-18-31.2570W"}}, {"type": "Feature", "geometry": {"type": "Point", "coordinates": [-98.28917479863424, 36.06833959252058]}, "properties": {"NAME": "Lamle", "IDENT": "8OK0", "TYPE_CODE": "AD", "SERVCITY": "OKEENE", "ELEVATION": 1212, "LATITUDE": "36-04-06.0000N", "LONGITUDE": "098-17-21.0000W"}}, {"type": "Feature", "geometry": {"type": "Point", "coordinates": [-96.30554646437969, 35.40527568894451]}, "properties": {"NAME": "Okemah Muni", "IDENT": "F81", "TYPE_CODE": "AD", "SERVCITY": "OKEMAH", "ELEVATION": 876.2, "LATITUDE": "35-24-18.9700N", "LONGITUDE": "096-18-19.9400W"}}, {"type": "Feature", "geometry": {"type": "Point", "coordinates": [-97.60077346115214, 35.393078955588834]}, "properties": {"NAME": "OKC Will Rogers Intl", "IDENT": "OKC", "TYPE_CODE": "AD", "SERVCITY": "OKLAHOMA CITY", "ELEVATION": 1295.5, "LATITUDE": "35-23-35.0620N", "LONGITUDE": "097-36-02.7560W"}}, {"type": "Feature", "geometry": {"type": "Point", "coordinates": [-97.64695537157799, 35.53401611707747]}, "properties": {"NAME": "Wiley Post", "IDENT": "PWA", "TYPE_CODE": "AD", "SERVCITY": "OKLAHOMA CITY", "ELEVATION": 1299.6000000000001, "LATITUDE": "35-32-02.4357N", "LONGITUDE": "097-38-49.0108W"}}, {"type": "Feature", "geometry": {"type": "Point", "coordinates": [-97.82356352470781, 35.48808951596303]}, "properties": {"NAME": "Clarence E Page Muni", "IDENT": "RCE", "TYPE_CODE": "AD", "SERVCITY": "OKLAHOMA CITY", "ELEVATION": 1353.8, "LATITUDE": "35-29-17.1000N", "LONGITUDE": "097-49-24.8000W"}}, {"type": "Feature", "geometry": {"type": "Point", "coordinates": [-95.94853528090287, 35.66811742114643]}, "properties": {"NAME": "Okmulgee Rgnl/Paul and Betty Abbott Fld", "IDENT": "OKM", "TYPE_CODE": "AD", "SERVCITY": "OKMULGEE", "ELEVATION": 719.6, "LATITUDE": "35-40-05.2000N", "LONGITUDE": "095-56-54.7000W"}}, {"type": "Feature", "geometry": {"type": "Point", "coordinates": [-99.4295416293625, 34.512580098070444]}, "properties": {"NAME": "Olustee Muni", "IDENT": "F09", "TYPE_CODE": "AD", "SERVCITY": "OLUSTEE", "ELEVATION": 1346, "LATITUDE": "34-30-45.2670N", "LONGITUDE": "099-25-46.3200W"}}, {"type": "Feature", "geometry": {"type": "Point", "coordinates": [-95.70528527258573, 36.37611756020292]}, "properties": {"NAME": "Avian Country Estates", "IDENT": "OK15", "TYPE_CODE": "AD", "SERVCITY": "OOLAGAH", "ELEVATION": 750, "LATITUDE": "36-22-34.0000N", "LONGITUDE": "095-42-19.0000W"}}, {"type": "Feature", "geometry": {"type": "Point", "coordinates": [-95.66776304825238, 36.46954257874458]}, "properties": {"NAME": "Dog Iron Ranch", "IDENT": "OK37", "TYPE_CODE": "AD", "SERVCITY": "OOLOGAH", "ELEVATION": 760, "LATITUDE": "36-28-10.3300N", "LONGITUDE": "095-40-03.9200W"}}, {"type": "Feature", "geometry": {"type": "Point", "coordinates": [-95.7836038953193, 36.26676920369726]}, "properties": {"NAME": "Gundys", "IDENT": "O38", "TYPE_CODE": "AD", "SERVCITY": "OWASSO", "ELEVATION": 720, "LATITUDE": "36-16-00.3460N", "LONGITUDE": "095-47-00.9470W"}}, {"type": "Feature", "geometry": {"type": "Point", "coordinates": [-97.22335359227303, 34.70956935233035]}, "properties": {"NAME": "Pauls Valley Muni", "IDENT": "PVJ", "TYPE_CODE": "AD", "SERVCITY": "PAULS VALLEY", "ELEVATION": 970.8000000000001, "LATITUDE": "34-42-34.4278N", "LONGITUDE": "097-13-24.0450W"}}, {"type": "Feature", "geometry": {"type": "Point", "coordinates": [-96.80521611230267, 36.37731750276599]}, "properties": {"NAME": "Pawnee Muni", "IDENT": "H97", "TYPE_CODE": "AD", "SERVCITY": "PAWNEE", "ELEVATION": 875, "LATITUDE": "36-22-38.3200N", "LONGITUDE": "096-48-18.7500W"}}, {"type": "Feature", "geometry": {"type": "Point", "coordinates": [-95.0780214708616, 36.0331558638963]}, "properties": {"NAME": "Flying J Ranch", "IDENT": "67OK", "TYPE_CODE": "AD", "SERVCITY": "PEGGS", "ELEVATION": 990, "LATITUDE": "36-01-59.3380N", "LONGITUDE": "095-04-40.8510W"}}, {"type": "Feature", "geometry": {"type": "Point", "coordinates": [-97.27723012288124, 36.38561747917056]}, "properties": {"NAME": "Perry Muni", "IDENT": "F22", "TYPE_CODE": "AD", "SERVCITY": "PERRY", "ELEVATION": 1002.5, "LATITUDE": "36-23-08.2000N", "LONGITUDE": "097-16-38.0000W"}}, {"type": "Feature", "geometry": {"type": "Point", "coordinates": [-97.62917459962598, 35.658061778785445]}, "properties": {"NAME": "Caribou", "IDENT": "2OK9", "TYPE_CODE": "AD", "SERVCITY": "PIEDMONT", "ELEVATION": 1050, "LATITUDE": "35-39-29.0000N", "LONGITUDE": "097-37-45.0000W"}}, {"type": "Feature", "geometry": {"type": "Point", "coordinates": [-94.80292385423046, 35.43825632510583]}, "properties": {"NAME": "Sallisaw Muni", "IDENT": "JSV", "TYPE_CODE": "AD", "SERVCITY": "SALLISAW", "ELEVATION": 527, "LATITUDE": "35-26-17.7000N", "LONGITUDE": "094-48-10.5000W"}}, {"type": "Feature", "geometry": {"type": "Point", "coordinates": [-94.84189970081636, 35.48426633165445]}, "properties": {"NAME": "Gustafson", "IDENT": "OK34", "TYPE_CODE": "AD", "SERVCITY": "SALLISAW", "ELEVATION": 855, "LATITUDE": "35-29-03.3360N", "LONGITUDE": "094-50-30.8130W"}}, {"type": "Feature", "geometry": {"type": "Point", "coordinates": [-96.13417953934922, 36.24175862507901]}, "properties": {"NAME": "Double W", "IDENT": "3OK7", "TYPE_CODE": "AD", "SERVCITY": "SAND SPRINGS", "ELEVATION": 790, "LATITUDE": "36-14-30.3080N", "LONGITUDE": "096-08-03.0190W"}}, {"type": "Feature", "geometry": {"type": "Point", "coordinates": [-96.23362566722409, 36.1167555427671]}, "properties": {"NAME": "Flying G Ranch", "IDENT": "3OK8", "TYPE_CODE": "AD", "SERVCITY": "SAND SPRINGS", "ELEVATION": 890, "LATITUDE": "36-07-00.2970N", "LONGITUDE": "096-14-01.0250W"}}, {"type": "Feature", "geometry": {"type": "Point", "coordinates": [-96.15184092767151, 36.17528416838072]}, "properties": {"NAME": "William R Pogue Muni", "IDENT": "OWP", "TYPE_CODE": "AD", "SERVCITY": "SAND SPRINGS", "ELEVATION": 892.2, "LATITUDE": "36-10-31.0000N", "LONGITUDE": "096-09-06.6000W"}}, {"type": "Feature", "geometry": {"type": "Point", "coordinates": [-96.16139647563215, 36.04120358807231]}, "properties": {"NAME": "Sahoma Lake", "IDENT": "03OK", "TYPE_CODE": "AD", "SERVCITY": "SAPULPA", "ELEVATION": 890, "LATITUDE": "36-02-28.3100N", "LONGITUDE": "096-09-41.0000W"}}, {"type": "Feature", "geometry": {"type": "Point", "coordinates": [-96.6142492882344, 34.949264480347246]}, "properties": {"NAME": "Rocky Point", "IDENT": "90OK", "TYPE_CODE": "AD", "SERVCITY": "SASAKWA", "ELEVATION": 985, "LATITUDE": "34-56-57.3300N", "LONGITUDE": "096-36-51.2700W"}}, {"type": "Feature", "geometry": {"type": "Point", "coordinates": [-96.61253539904236, 34.95268670405079]}, "properties": {"NAME": "Pheasant Wings", "IDENT": "26OK", "TYPE_CODE": "AD", "SERVCITY": "SASAKWA", "ELEVATION": 987, "LATITUDE": "34-57-09.6500N", "LONGITUDE": "096-36-45.1000W"}}, {"type": "Feature", "geometry": {"type": "Point", "coordinates": [-99.6578145121847, 35.16771520006607]}, "properties": {"NAME": "Sayre Muni", "IDENT": "3O4", "TYPE_CODE": "AD", "SERVCITY": "SAYRE", "ELEVATION": 1937.2, "LATITUDE": "35-10-03.7530N", "LONGITUDE": "099-39-28.1020W"}}, {"type": "Feature", "geometry": {"type": "Point", "coordinates": [-98.93370274412952, 36.15536735090115]}, "properties": {"NAME": "Seiling", "IDENT": "1S4", "TYPE_CODE": "AD", "SERVCITY": "SEILING", "ELEVATION": 1746, "LATITUDE": "36-09-19.3000N", "LONGITUDE": "098-56-01.3000W"}}, {"type": "Feature", "geometry": {"type": "Point", "coordinates": [-96.67538657764314, 35.274465591988374]}, "properties": {"NAME": "Seminole Muni", "IDENT": "SRE", "TYPE_CODE": "AD", "SERVCITY": "SEMINOLE", "ELEVATION": 1023.1, "LATITUDE": "35-16-28.0538N", "LONGITUDE": "096-40-31.3641W"}}, {"type": "Feature", "geometry": {"type": "Point", "coordinates": [-96.94320223980168, 36.141561899231746]}, "properties": {"NAME": "Mulberry Hill", "IDENT": "6OK9", "TYPE_CODE": "AD", "SERVCITY": "STILLWATER", "ELEVATION": 1026, "LATITUDE": "36-08-29.6000N", "LONGITUDE": "096-56-35.5000W"}}, {"type": "Feature", "geometry": {"type": "Point", "coordinates": [-96.65567436150208, 35.789589628990704]}, "properties": {"NAME": "Stroud Muni", "IDENT": "SUD", "TYPE_CODE": "AD", "SERVCITY": "STROUD", "ELEVATION": 900.7, "LATITUDE": "35-47-22.5000N", "LONGITUDE": "096-39-20.4000W"}}, {"type": "Feature", "geometry": {"type": "Point", "coordinates": [-96.99019518715393, 34.527050496537626]}, "properties": {"NAME": "Sulphur Muni", "IDENT": "F30", "TYPE_CODE": "AD", "SERVCITY": "SULPHUR", "ELEVATION": 1071, "LATITUDE": "34-31-37.3600N", "LONGITUDE": "096-59-24.6750W"}}, {"type": "Feature", "geometry": {"type": "Point", "coordinates": [-95.00453505474027, 35.930284182976386]}, "properties": {"NAME": "Tahlequah Muni", "IDENT": "TQH", "TYPE_CODE": "AD", "SERVCITY": "TAHLEQUAH", "ELEVATION": 874.1, "LATITUDE": "35-55-49.0000N", "LONGITUDE": "095-00-16.3000W"}}, {"type": "Feature", "geometry": {"type": "Point", "coordinates": [-95.00302089276701, 36.00148752895521]}, "properties": {"NAME": "John Reid", "IDENT": "6OK1", "TYPE_CODE": "AD", "SERVCITY": "TAHLEQUAH", "ELEVATION": 831, "LATITUDE": "36-00-05.3320N", "LONGITUDE": "095-00-10.8490W"}}, {"type": "Feature", "geometry": {"type": "Point", "coordinates": [-95.07379303920241, 34.70777756593193]}, "properties": {"NAME": "Talihina Muni", "IDENT": "6F1", "TYPE_CODE": "AD", "SERVCITY": "TALIHINA", "ELEVATION": 687, "LATITUDE": "34-42-27.9770N", "LONGITUDE": "095-04-25.6290W"}}, {"type": "Feature", "geometry": {"type": "Point", "coordinates": [-98.24116381661518, 34.25676261069365]}, "properties": {"NAME": "Temple Inc", "IDENT": "OK79", "TYPE_CODE": "AD", "SERVCITY": "TEMPLE", "ELEVATION": 1005, "LATITUDE": "34-15-24.3240N", "LONGITUDE": "098-14-28.1610W"}}, {"type": "Feature", "geometry": {"type": "Point", "coordinates": [-95.88811280610349, 36.198399741128235]}, "properties": {"NAME": "Tulsa Intl", "IDENT": "TUL", "TYPE_CODE": "AD", "SERVCITY": "TULSA", "ELEVATION": 677.8000000000001, "LATITUDE": "36-11-54.2160N", "LONGITUDE": "095-53-17.1790W"}}, {"type": "Feature", "geometry": {"type": "Point", "coordinates": [-97.664214302241, 35.28756893372735]}, "properties": {"NAME": "Low Pass", "IDENT": "4OK4", "TYPE_CODE": "AD", "SERVCITY": "TUTTLE", "ELEVATION": 1320, "LATITUDE": "35-17-15.2260N", "LONGITUDE": "097-39-51.1430W"}}, {"type": "Feature", "geometry": {"type": "Point", "coordinates": [-97.76399126813955, 35.243528364901394]}, "properties": {"NAME": "Thompson Private", "IDENT": "53OK", "TYPE_CODE": "AD", "SERVCITY": "TUTTLE", "ELEVATION": 1280, "LATITUDE": "35-14-36.6800N", "LONGITUDE": "097-45-50.3400W"}}, {"type": "Feature", "geometry": {"type": "Point", "coordinates": [-97.60031423231429, 34.55008769429948]}, "properties": {"NAME": "Newman Farm", "IDENT": "4OK5", "TYPE_CODE": "AD", "SERVCITY": "VELMA", "ELEVATION": 1140, "LATITUDE": "34-33-00.2940N", "LONGITUDE": "097-36-01.1030W"}}, {"type": "Feature", "geometry": {"type": "Point", "coordinates": [-95.90332977234952, 36.428987004257095]}, "properties": {"NAME": "Skyhaven Airpark", "IDENT": "OK01", "TYPE_CODE": "AD", "SERVCITY": "VERA", "ELEVATION": 675, "LATITUDE": "36-25-44.3300N", "LONGITUDE": "095-54-11.9600W"}}, {"type": "Feature", "geometry": {"type": "Point", "coordinates": [-99.30336950189657, 36.141061773517706]}, "properties": {"NAME": "Vici Muni", "IDENT": "5O1", "TYPE_CODE": "AD", "SERVCITY": "VICI", "ELEVATION": 2268, "LATITUDE": "36-08-27.8000N", "LONGITUDE": "099-18-12.1000W"}}, {"type": "Feature", "geometry": {"type": "Point", "coordinates": [-95.14386235666572, 36.48842622034281]}, "properties": {"NAME": "Stearmans Roost", "IDENT": "OK1", "TYPE_CODE": "AD", "SERVCITY": "VINITA", "ELEVATION": 702, "LATITUDE": "36-29-18.3110N", "LONGITUDE": "095-08-37.8780W"}}, {"type": "Feature", "geometry": {"type": "Point", "coordinates": [-95.34181292373215, 35.965700838372356]}, "properties": {"NAME": "Hefner-Easley", "IDENT": "H68", "TYPE_CODE": "AD", "SERVCITY": "WAGONER", "ELEVATION": 598.9, "LATITUDE": "35-57-56.5000N", "LONGITUDE": "095-20-30.5000W"}}, {"type": "Feature", "geometry": {"type": "Point", "coordinates": [-99.52267513699496, 36.43800625540464]}, "properties": {"NAME": "West Woodward", "IDENT": "WWR", "TYPE_CODE": "AD", "SERVCITY": "WOODWARD", "ELEVATION": 2189, "LATITUDE": "36-26-16.8000N", "LONGITUDE": "099-31-21.6000W"}}, {"type": "Feature", "geometry": {"type": "Point", "coordinates": [-94.62125710971407, 35.02164514579692]}, "properties": {"NAME": "Robert S Kerr", "IDENT": "RKR", "TYPE_CODE": "AD", "SERVCITY": "POTEAU", "ELEVATION": 450.90000000000003, "LATITUDE": "35-01-17.9000N", "LONGITUDE": "094-37-16.5000W"}}, {"type": "Feature", "geometry": {"type": "Point", "coordinates": [-94.70440102057427, 35.02232680896148]}, "properties": {"NAME": "Wolf Mountain", "IDENT": "OK59", "TYPE_CODE": "AD", "SERVCITY": "POTEAU", "ELEVATION": 860, "LATITUDE": "35-01-20.3540N", "LONGITUDE": "094-42-15.8180W"}}, {"type": "Feature", "geometry": {"type": "Point", "coordinates": [-96.71875768715637, 35.48078401577907]}, "properties": {"NAME": "Prague Muni", "IDENT": "O47", "TYPE_CODE": "AD", "SERVCITY": "PRAGUE", "ELEVATION": 1041, "LATITUDE": "35-28-50.8000N", "LONGITUDE": "096-43-07.5000W"}}, {"type": "Feature", "geometry": {"type": "Point", "coordinates": [-95.30442071950456, 36.33343312933579]}, "properties": {"NAME": "Longs North", "IDENT": "OK21", "TYPE_CODE": "AD", "SERVCITY": "PRYOR", "ELEVATION": 650, "LATITUDE": "36-20-00.3360N", "LONGITUDE": "095-18-15.8880W"}}, {"type": "Feature", "geometry": {"type": "Point", "coordinates": [-95.33006432874497, 36.22539394166766]}, "properties": {"NAME": "Mid-America Industrial", "IDENT": "H71", "TYPE_CODE": "AD", "SERVCITY": "PRYOR", "ELEVATION": 622.4, "LATITUDE": "36-13-31.3950N", "LONGITUDE": "095-19-48.2050W"}}, {"type": "Feature", "geometry": {"type": "Point", "coordinates": [-97.38264615242605, 34.98335583769805]}, "properties": {"NAME": "Purcell Muni - Steven E Shephard Fld", "IDENT": "3O3", "TYPE_CODE": "AD", "SERVCITY": "PURCELL", "ELEVATION": 1143, "LATITUDE": "34-59-00.0590N", "LONGITUDE": "097-22-57.4980W"}}, {"type": "Feature", "geometry": {"type": "Point", "coordinates": [-96.74917427222914, 34.229172676556644]}, "properties": {"NAME": "McDaniel Aviation", "IDENT": "OK28", "TYPE_CODE": "AD", "SERVCITY": "RAVIA", "ELEVATION": 700, "LATITUDE": "34-13-45.0000N", "LONGITUDE": "096-44-57.0000W"}}, {"type": "Feature", "geometry": {"type": "Point", "coordinates": [-97.90058570966298, 34.728258822584166]}, "properties": {"NAME": "Double H Ranch", "IDENT": "OK40", "TYPE_CODE": "AD", "SERVCITY": "RUSH SPRINGS", "ELEVATION": 1321, "LATITUDE": "34-43-41.7100N", "LONGITUDE": "097-54-02.0800W"}}, {"type": "Feature", "geometry": {"type": "Point", "coordinates": [-94.8974574903761, 35.443156321386205]}, "properties": {"NAME": "Neversweat Too", "IDENT": "89OK", "TYPE_CODE": "AD", "SERVCITY": "SALLISAW", "ELEVATION": 565, "LATITUDE": "35-26-35.3400N", "LONGITUDE": "094-53-50.8210W"}}, {"type": "Feature", "geometry": {"type": "Point", "coordinates": [-96.9428410681986, 35.357311760454955]}, "properties": {"NAME": "Shawnee Rgnl", "IDENT": "SNL", "TYPE_CODE": "AD", "SERVCITY": "SHAWNEE", "ELEVATION": 1073.1, "LATITUDE": "35-21-26.3000N", "LONGITUDE": "096-56-34.2000W"}}, {"type": "Feature", "geometry": {"type": "Point", "coordinates": [-97.04009109035447, 35.32179230423352]}, "properties": {"NAME": "Jazz Ranch", "IDENT": "3OK9", "TYPE_CODE": "AD", "SERVCITY": "SHAWNEE", "ELEVATION": 1080, "LATITUDE": "35-19-18.4300N", "LONGITUDE": "097-02-24.3000W"}}, {"type": "Feature", "geometry": {"type": "Point", "coordinates": [-96.01073318335175, 36.35515059658228]}, "properties": {"NAME": "Skiatook Muni", "IDENT": "2F6", "TYPE_CODE": "AD", "SERVCITY": "SKIATOOK", "ELEVATION": 671.2, "LATITUDE": "36-21-18.5190N", "LONGITUDE": "096-00-38.6122W"}}, {"type": "Feature", "geometry": {"type": "Point", "coordinates": [-99.01400820217205, 34.627728193836845]}, "properties": {"NAME": "Snyder", "IDENT": "4O1", "TYPE_CODE": "AD", "SERVCITY": "SNYDER", "ELEVATION": 1325, "LATITUDE": "34-37-39.8000N", "LONGITUDE": "099-00-50.4000W"}}, {"type": "Feature", "geometry": {"type": "Point", "coordinates": [-99.03369681845696, 34.63341069385866]}, "properties": {"NAME": "Pleasant Valley", "IDENT": "07OK", "TYPE_CODE": "AD", "SERVCITY": "SNYDER", "ELEVATION": 1322, "LATITUDE": "34-38-00.2570N", "LONGITUDE": "099-02-01.2790W"}}, {"type": "Feature", "geometry": {"type": "Point", "coordinates": [-96.08571314449883, 36.31368141833438]}, "properties": {"NAME": "Wilson Ranch", "IDENT": "79OK", "TYPE_CODE": "AD", "SERVCITY": "SPERRY", "ELEVATION": 910, "LATITUDE": "36-18-49.2300N", "LONGITUDE": "096-05-08.5400W"}}, {"type": "Feature", "geometry": {"type": "Point", "coordinates": [-97.1758410525686, 34.31528378314732]}, "properties": {"NAME": "Smith Fld", "IDENT": "22OK", "TYPE_CODE": "AD", "SERVCITY": "SPRINGER", "ELEVATION": 860, "LATITUDE": "34-18-55.0000N", "LONGITUDE": "097-10-33.0000W"}}, {"type": "Feature", "geometry": {"type": "Point", "coordinates": [-95.09389614150827, 35.28817295033108]}, "properties": {"NAME": "Stigler Rgnl", "IDENT": "GZL", "TYPE_CODE": "AD", "SERVCITY": "STIGLER", "ELEVATION": 599.9, "LATITUDE": "35-17-17.4000N", "LONGITUDE": "095-05-38.0000W"}}, {"type": "Feature", "geometry": {"type": "Point", "coordinates": [-97.08590116690769, 36.16139578322679]}, "properties": {"NAME": "Stillwater Rgnl", "IDENT": "SWO", "TYPE_CODE": "AD", "SERVCITY": "STILLWATER", "ELEVATION": 1000.3000000000001, "LATITUDE": "36-09-41.0020N", "LONGITUDE": "097-05-09.2160W"}}, {"type": "Feature", "geometry": {"type": "Point", "coordinates": [-97.13146600512225, 33.77854757587318]}, "properties": {"NAME": "Whittington Ranch", "IDENT": "OK31", "TYPE_CODE": "AD", "SERVCITY": "THACKERVILLE", "ELEVATION": 845, "LATITUDE": "33-46-42.7500N", "LONGITUDE": "097-07-53.2500W"}}, {"type": "Feature", "geometry": {"type": "Point", "coordinates": [-98.73053599350624, 35.73367284561856]}, "properties": {"NAME": "Thomas Muni", "IDENT": "1O4", "TYPE_CODE": "AD", "SERVCITY": "THOMAS", "ELEVATION": 1732.5, "LATITUDE": "35-44-01.2000N", "LONGITUDE": "098-43-49.9000W"}}, {"type": "Feature", "geometry": {"type": "Point", "coordinates": [-99.17134156186509, 34.45863093434697]}, "properties": {"NAME": "Tipton Muni", "IDENT": "1O8", "TYPE_CODE": "AD", "SERVCITY": "TIPTON", "ELEVATION": 1248, "LATITUDE": "34-27-31.0500N", "LONGITUDE": "099-10-16.8000W"}}, {"type": "Feature", "geometry": {"type": "Point", "coordinates": [-96.6745075841101, 34.198506007423546]}, "properties": {"NAME": "Tishomingo Airpark", "IDENT": "0F9", "TYPE_CODE": "AD", "SERVCITY": "TISHOMINGO", "ELEVATION": 647, "LATITUDE": "34-11-54.6000N", "LONGITUDE": "096-40-28.2000W"}}, {"type": "Feature", "geometry": {"type": "Point", "coordinates": [-95.98460226272366, 36.03959054186857]}, "properties": {"NAME": "Tulsa Riverside", "IDENT": "RVS", "TYPE_CODE": "AD", "SERVCITY": "TULSA", "ELEVATION": 638.2, "LATITUDE": "36-02-22.5030N", "LONGITUDE": "095-59-04.5410W"}}, {"type": "Feature", "geometry": {"type": "Point", "coordinates": [-95.25885679247037, 35.997328071276236]}, "properties": {"NAME": "Whitehorn Cove", "IDENT": "OL20", "TYPE_CODE": "AD", "SERVCITY": "WAGONER", "ELEVATION": 568, "LATITUDE": "35-59-50.3580N", "LONGITUDE": "095-15-31.8580W"}}, {"type": "Feature", "geometry": {"type": "Point", "coordinates": [-98.4058938658464, 34.372590400467985]}, "properties": {"NAME": "Walters Muni", "IDENT": "3O5", "TYPE_CODE": "AD", "SERVCITY": "WALTERS", "ELEVATION": 1058, "LATITUDE": "34-22-21.3040N", "LONGITUDE": "098-24-21.1890W"}}, {"type": "Feature", "geometry": {"type": "Point", "coordinates": [-98.26639688889775, 34.399172634971855]}, "properties": {"NAME": "Jones Farm Fld", "IDENT": "OK12", "TYPE_CODE": "AD", "SERVCITY": "WALTERS", "ELEVATION": 1042, "LATITUDE": "34-23-57.0000N", "LONGITUDE": "098-15-59.0000W"}}, {"type": "Feature", "geometry": {"type": "Point", "coordinates": [-98.42076509236976, 35.864569828464916]}, "properties": {"NAME": "Watonga Rgnl", "IDENT": "JWG", "TYPE_CODE": "AD", "SERVCITY": "WATONGA", "ELEVATION": 1551, "LATITUDE": "35-51-52.4290N", "LONGITUDE": "098-25-14.7250W"}}, {"type": "Feature", "geometry": {"type": "Point", "coordinates": [-98.66850818529242, 35.54581170544322]}, "properties": {"NAME": "Weatherford Stafford", "IDENT": "OJA", "TYPE_CODE": "AD", "SERVCITY": "WEATHERFORD", "ELEVATION": 1605.3, "LATITUDE": "35-32-44.9000N", "LONGITUDE": "098-40-06.6000W"}}, {"type": "Feature", "geometry": {"type": "Point", "coordinates": [-97.00233477339732, 35.66104575546862]}, "properties": {"NAME": "Biggs Airport", "IDENT": "3OK", "TYPE_CODE": "AD", "SERVCITY": "WELLSTON", "ELEVATION": 1000, "LATITUDE": "35-39-39.7422N", "LONGITUDE": "097-00-08.3772W"}}, {"type": "Feature", "geometry": {"type": "Point", "coordinates": [-97.08476057979342, 35.756454324120824]}, "properties": {"NAME": "Ives", "IDENT": "OK96", "TYPE_CODE": "AD", "SERVCITY": "WELLSTON", "ELEVATION": 1035, "LATITUDE": "35-45-23.2130N", "LONGITUDE": "097-05-05.1100W"}}, {"type": "Feature", "geometry": {"type": "Point", "coordinates": [-96.34650764865398, 36.221423055437285]}, "properties": {"NAME": "Westport", "IDENT": "4F1", "TYPE_CODE": "AD", "SERVCITY": "WESTPORT", "ELEVATION": 901, "LATITUDE": "36-13-17.1000N", "LONGITUDE": "096-20-47.4000W"}}, {"type": "Feature", "geometry": {"type": "Point", "coordinates": [-96.22945809868814, 35.22787260568723]}, "properties": {"NAME": "Petes Airpark", "IDENT": "8OL1", "TYPE_CODE": "AD", "SERVCITY": "WETUMKA", "ELEVATION": 771, "LATITUDE": "35-13-40.3190N", "LONGITUDE": "096-13-46.0220W"}}, {"type": "Feature", "geometry": {"type": "Point", "coordinates": [-95.3939100823759, 34.92021314509041]}, "properties": {"NAME": "Wilburton Muni", "IDENT": "H05", "TYPE_CODE": "AD", "SERVCITY": "WILBURTON", "ELEVATION": 669.8000000000001, "LATITUDE": "34-55-12.7450N", "LONGITUDE": "095-23-38.0500W"}}, {"type": "Feature", "geometry": {"type": "Point", "coordinates": [-95.25831004789802, 34.931492320666365]}, "properties": {"NAME": "Parks", "IDENT": "08OK", "TYPE_CODE": "AD", "SERVCITY": "WILBURTON", "ELEVATION": 635, "LATITUDE": "34-55-53.3500N", "LONGITUDE": "095-15-29.8900W"}}, {"type": "Feature", "geometry": {"type": "Point", "coordinates": [-99.82600825848776, 32.48455416210424]}, "properties": {"NAME": "Flying B Ranch Airstrip", "IDENT": "35TX", "TYPE_CODE": "AD", "SERVCITY": "ABILENE", "ELEVATION": 1750, "LATITUDE": "32-29-04.3750N", "LONGITUDE": "099-49-33.6000W"}}, {"type": "Feature", "geometry": {"type": "Point", "coordinates": [-99.62000820620398, 32.44889444259574]}, "properties": {"NAME": "Abilene Exec Airpark", "IDENT": "TX00", "TYPE_CODE": "AD", "SERVCITY": "ABILENE", "ELEVATION": 1822, "LATITUDE": "32-26-56.0000N", "LONGITUDE": "099-37-12.0000W"}}, {"type": "Feature", "geometry": {"type": "Point", "coordinates": [-99.65037182467545, 32.45013110850058]}, "properties": {"NAME": "Elmdale Airpark", "IDENT": "82TS", "TYPE_CODE": "AD", "SERVCITY": "ABILENE", "ELEVATION": 1775, "LATITUDE": "32-27-00.4520N", "LONGITUDE": "099-39-01.3090W"}}, {"type": "Feature", "geometry": {"type": "Point", "coordinates": [-99.61287182017588, 32.52651806804629]}, "properties": {"NAME": "Portlock Airfield", "IDENT": "TX02", "TYPE_CODE": "AD", "SERVCITY": "ABILENE", "ELEVATION": 1780, "LATITUDE": "32-31-35.4450N", "LONGITUDE": "099-36-46.3090W"}}, {"type": "Feature", "geometry": {"type": "Point", "coordinates": [-99.85655292889996, 32.418482009773086]}, "properties": {"NAME": "Dyess AFB", "IDENT": "DYS", "TYPE_CODE": "AD", "SERVCITY": "ABILENE", "ELEVATION": 1790.3, "LATITUDE": "32-25-06.5153N", "LONGITUDE": "099-51-23.5608W"}}, {"type": "Feature", "geometry": {"type": "Point", "coordinates": [-99.68189710800792, 32.411338877062136]}, "properties": {"NAME": "Abilene Rgnl", "IDENT": "ABI", "TYPE_CODE": "AD", "SERVCITY": "ABILENE", "ELEVATION": 1790.6000000000001, "LATITUDE": "32-24-40.8000N", "LONGITUDE": "099-40-54.8000W"}}, {"type": "Feature", "geometry": {"type": "Point", "coordinates": [-101.72544204968719, 32.534513809037584]}, "properties": {"NAME": "Coleman Cattle Company Nr 1", "IDENT": "75TA", "TYPE_CODE": "AD", "SERVCITY": "ACKERLY", "ELEVATION": 2820, "LATITUDE": "32-32-04.2300N", "LONGITUDE": "101-43-31.5600W"}}, {"type": "Feature", "geometry": {"type": "Point", "coordinates": [-97.85091032670142, 27.799710273348296]}, "properties": {"NAME": "Old Hoppe Place", "IDENT": "67T", "TYPE_CODE": "AD", "SERVCITY": "AGUA DULCE", "ELEVATION": 96, "LATITUDE": "27-47-58.9400N", "LONGITUDE": "097-51-03.2500W"}}, {"type": "Feature", "geometry": {"type": "Point", "coordinates": [-98.13501589777603, 26.15313520158898]}, "properties": {"NAME": "Mid-Valley Dusters Inc", "IDENT": "43TX", "TYPE_CODE": "AD", "SERVCITY": "ALAMO", "ELEVATION": 91, "LATITUDE": "26-09-11.2710N", "LONGITUDE": "098-08-06.0300W"}}, {"type": "Feature", "geometry": {"type": "Point", "coordinates": [-97.17834092998532, 32.37889453402098]}, "properties": {"NAME": "Goodlett Fld", "IDENT": "9TS6", "TYPE_CODE": "AD", "SERVCITY": "ALVARADO", "ELEVATION": 690, "LATITUDE": "32-22-44.0000N", "LONGITUDE": "097-10-42.0000W"}}, {"type": "Feature", "geometry": {"type": "Point", "coordinates": [-97.19858529417944, 32.346253804977216]}, "properties": {"NAME": "Luscombe Acres", "IDENT": "6XS2", "TYPE_CODE": "AD", "SERVCITY": "ALVARADO", "ELEVATION": 700, "LATITUDE": "32-20-46.4934N", "LONGITUDE": "097-11-54.8797W"}}, {"type": "Feature", "geometry": {"type": "Point", "coordinates": [-97.25029789093718, 32.34181674596413]}, "properties": {"NAME": "Phillips Farm", "IDENT": "TA01", "TYPE_CODE": "AD", "SERVCITY": "ALVARADO", "ELEVATION": 800, "LATITUDE": "32-20-30.5200N", "LONGITUDE": "097-15-01.0450W"}}, {"type": "Feature", "geometry": {"type": "Point", "coordinates": [-95.2904977991418, 29.37468678742983]}, "properties": {"NAME": "J-D Ranch", "IDENT": "3TS3", "TYPE_CODE": "AD", "SERVCITY": "ALVIN", "ELEVATION": 34, "LATITUDE": "29-22-28.8540N", "LONGITUDE": "095-17-25.7670W"}}, {"type": "Feature", "geometry": {"type": "Point", "coordinates": [-95.27604862761311, 29.331910668067028]}, "properties": {"NAME": "Minard Pegasus", "IDENT": "TE09", "TYPE_CODE": "AD", "SERVCITY": "ALVIN", "ELEVATION": 25, "LATITUDE": "29-19-54.8600N", "LONGITUDE": "095-16-33.7500W"}}, {"type": "Feature", "geometry": {"type": "Point", "coordinates": [-95.28892363445622, 29.4147551287514]}, "properties": {"NAME": "Alvin Airpark", "IDENT": "6R5", "TYPE_CODE": "AD", "SERVCITY": "ALVIN", "ELEVATION": 43, "LATITUDE": "29-24-53.1000N", "LONGITUDE": "095-17-20.1000W"}}, {"type": "Feature", "geometry": {"type": "Point", "coordinates": [-97.68626334128554, 33.36845858597777]}, "properties": {"NAME": "Vance Fld", "IDENT": "TE76", "TYPE_CODE": "AD", "SERVCITY": "ALVORD", "ELEVATION": 907, "LATITUDE": "33-22-06.4300N", "LONGITUDE": "097-41-10.5200W"}}, {"type": "Feature", "geometry": {"type": "Point", "coordinates": [-101.82587003675697, 35.16989480910867]}, "properties": {"NAME": "Tradewind", "IDENT": "TDW", "TYPE_CODE": "AD", "SERVCITY": "AMARILLO", "ELEVATION": 3648.5, "LATITUDE": "35-10-11.6000N", "LONGITUDE": "101-49-33.1000W"}}, {"type": "Feature", "geometry": {"type": "Point", "coordinates": [-101.83923114888172, 35.143728137078114]}, "properties": {"NAME": "Palo Duro", "IDENT": "1E4", "TYPE_CODE": "AD", "SERVCITY": "AMARILLO", "ELEVATION": 3639, "LATITUDE": "35-08-37.4000N", "LONGITUDE": "101-50-21.2000W"}}, {"type": "Feature", "geometry": {"type": "Point", "coordinates": [-101.75580626315907, 35.081431298171225]}, "properties": {"NAME": "River Falls", "IDENT": "H81", "TYPE_CODE": "AD", "SERVCITY": "AMARILLO", "ELEVATION": 3585, "LATITUDE": "35-04-53.1314N", "LONGITUDE": "101-45-20.8705W"}}, {"type": "Feature", "geometry": {"type": "Point", "coordinates": [-96.48022970026662, 33.33745030018498]}, "properties": {"NAME": "Top Fun Ranch", "IDENT": "88XA", "TYPE_CODE": "AD", "SERVCITY": "ANNA", "ELEVATION": 577, "LATITUDE": "33-20-14.8000N", "LONGITUDE": "096-28-48.8000W"}}, {"type": "Feature", "geometry": {"type": "Point", "coordinates": [-94.90716791865403, 33.53622763035342]}, "properties": {"NAME": "Russells Ranch", "IDENT": "TX19", "TYPE_CODE": "AD", "SERVCITY": "ANNONA", "ELEVATION": 400, "LATITUDE": "33-32-10.3980N", "LONGITUDE": "094-54-25.7790W"}}, {"type": "Feature", "geometry": {"type": "Point", "coordinates": [-99.8778810681318, 32.793175048633756]}, "properties": {"NAME": "Steen", "IDENT": "TX20", "TYPE_CODE": "AD", "SERVCITY": "ANSON", "ELEVATION": 1670, "LATITUDE": "32-47-35.4100N", "LONGITUDE": "099-52-40.3420W"}}, {"type": "Feature", "geometry": {"type": "Point", "coordinates": [-94.97400697429339, 31.27733885143922]}, "properties": {"NAME": "North Cedar", "IDENT": "XA71", "TYPE_CODE": "AD", "SERVCITY": "APPLE SPRINGS", "ELEVATION": 250, "LATITUDE": "31-16-38.4000N", "LONGITUDE": "094-58-26.4000W"}}, {"type": "Feature", "geometry": {"type": "Point", "coordinates": [-98.54756300729984, 33.477890510764574]}, "properties": {"NAME": "Hornady Ranch", "IDENT": "TX21", "TYPE_CODE": "AD", "SERVCITY": "ARCHER CITY", "ELEVATION": 1165, "LATITUDE": "33-28-40.3850N", "LONGITUDE": "098-32-51.1980W"}}, {"type": "Feature", "geometry": {"type": "Point", "coordinates": [-98.61867608780716, 33.58233191540925]}, "properties": {"NAME": "Archer City Muni", "IDENT": "T39", "TYPE_CODE": "AD", "SERVCITY": "ARCHER CITY", "ELEVATION": 1065, "LATITUDE": "33-34-56.3740N", "LONGITUDE": "098-37-07.2050W"}}, {"type": "Feature", "geometry": {"type": "Point", "coordinates": [-97.15571180191012, 33.10220169921382]}, "properties": {"NAME": "Leroux", "IDENT": "TX22", "TYPE_CODE": "AD", "SERVCITY": "ARGYLE", "ELEVATION": 670, "LATITUDE": "33-06-07.9053N", "LONGITUDE": "097-09-20.5350W"}}, {"type": "Feature", "geometry": {"type": "Point", "coordinates": [-96.90601064130102, 33.318426944689925]}, "properties": {"NAME": "Mustang Community Airfield", "IDENT": "XS60", "TYPE_CODE": "AD", "SERVCITY": "AUBREY", "ELEVATION": 605, "LATITUDE": "33-19-06.3160N", "LONGITUDE": "096-54-21.6110W"}}, {"type": "Feature", "geometry": {"type": "Point", "coordinates": [-97.04417428769267, 33.32472805070241]}, "properties": {"NAME": "Campbell Fld", "IDENT": "06XS", "TYPE_CODE": "AD", "SERVCITY": "AUBREY", "ELEVATION": 546, "LATITUDE": "33-19-29.0000N", "LONGITUDE": "097-02-39.0000W"}}, {"type": "Feature", "geometry": {"type": "Point", "coordinates": [-96.99655205349826, 33.338300277359586]}, "properties": {"NAME": "Venable Airpark", "IDENT": "5XA9", "TYPE_CODE": "AD", "SERVCITY": "AUBREY", "ELEVATION": 638, "LATITUDE": "33-20-17.8600N", "LONGITUDE": "096-59-47.5600W"}}, {"type": "Feature", "geometry": {"type": "Point", "coordinates": [-97.66988371534362, 30.19453242588391]}, "properties": {"NAME": "Austin-Bergstrom Intl", "IDENT": "AUS", "TYPE_CODE": "AD", "SERVCITY": "AUSTIN", "ELEVATION": 541.5, "LATITUDE": "30-11-40.2980N", "LONGITUDE": "097-40-11.5540W"}}, {"type": "Feature", "geometry": {"type": "Point", "coordinates": [-97.62528537438817, 30.260491329453718]}, "properties": {"NAME": "Bud Dryden", "IDENT": "TX05", "TYPE_CODE": "AD", "SERVCITY": "AUSTIN", "ELEVATION": 500, "LATITUDE": "30-15-37.7500N", "LONGITUDE": "097-37-31.0000W"}}, {"type": "Feature", "geometry": {"type": "Point", "coordinates": [-97.99447547084407, 30.357496335023196]}, "properties": {"NAME": "Lakeway Airpark", "IDENT": "3R9", "TYPE_CODE": "AD", "SERVCITY": "LAKEWAY", "ELEVATION": 909.4, "LATITUDE": "30-21-26.9680N", "LONGITUDE": "097-59-40.0840W"}}, {"type": "Feature", "geometry": {"type": "Point", "coordinates": [-97.06695420718343, 31.875164442496654]}, "properties": {"NAME": "Stapleton Fld", "IDENT": "TX03", "TYPE_CODE": "AD", "SERVCITY": "ABBOTT", "ELEVATION": 716, "LATITUDE": "31-52-30.5720N", "LONGITUDE": "097-04-01.0080W"}}, {"type": "Feature", "geometry": {"type": "Point", "coordinates": [-99.26759146974081, 32.72139450770963]}, "properties": {"NAME": "Albany Muni", "IDENT": "T23", "TYPE_CODE": "AD", "SERVCITY": "ALBANY", "ELEVATION": 1414.8, "LATITUDE": "32-43-17.0000N", "LONGITUDE": "099-16-03.3000W"}}, {"type": "Feature", "geometry": {"type": "Point", "coordinates": [-97.61281078435805, 32.75152347465458]}, "properties": {"NAME": "Beggs Ranch/Aledo/", "IDENT": "TX15", "TYPE_CODE": "AD", "SERVCITY": "ALEDO", "ELEVATION": 1060, "LATITUDE": "32-45-05.4640N", "LONGITUDE": "097-36-46.0910W"}}, {"type": "Feature", "geometry": {"type": "Point", "coordinates": [-98.02695203409637, 27.74089358924719]}, "properties": {"NAME": "Alice Intl", "IDENT": "ALI", "TYPE_CODE": "AD", "SERVCITY": "ALICE", "ELEVATION": 178.20000000000002, "LATITUDE": "27-44-27.2000N", "LONGITUDE": "098-01-37.0000W"}}, {"type": "Feature", "geometry": {"type": "Point", "coordinates": [-103.39762004936819, 29.451504858943032]}, "properties": {"NAME": "Terlingua Ranch", "IDENT": "1E2", "TYPE_CODE": "AD", "SERVCITY": "ALPINE", "ELEVATION": 3769, "LATITUDE": "29-27-05.4000N", "LONGITUDE": "103-23-51.4000W"}}, {"type": "Feature", "geometry": {"type": "Point", "coordinates": [-103.67936012153262, 29.621023768497285]}, "properties": {"NAME": "Taurus Mesa", "IDENT": "4TE4", "TYPE_CODE": "AD", "SERVCITY": "ALPINE", "ELEVATION": 3576, "LATITUDE": "29-37-15.6680N", "LONGITUDE": "103-40-45.6640W"}}, {"type": "Feature", "geometry": {"type": "Point", "coordinates": [-103.6835923819723, 30.384227237400008]}, "properties": {"NAME": "Alpine-Casparis Muni", "IDENT": "E38", "TYPE_CODE": "AD", "SERVCITY": "ALPINE", "ELEVATION": 4514.400000000001, "LATITUDE": "30-23-03.2000N", "LONGITUDE": "103-41-00.9000W"}}, {"type": "Feature", "geometry": {"type": "Point", "coordinates": [-95.07854635679267, 29.39885041038175]}, "properties": {"NAME": "Rebel Fld", "IDENT": "TX66", "TYPE_CODE": "AD", "SERVCITY": "ALTA LOMA", "ELEVATION": 28, "LATITUDE": "29-23-55.8430N", "LONGITUDE": "095-04-42.7420W"}}, {"type": "Feature", "geometry": {"type": "Point", "coordinates": [-94.9771681074264, 31.684072266376564]}, "properties": {"NAME": "Taylor Ranch", "IDENT": "9TA8", "TYPE_CODE": "AD", "SERVCITY": "ALTO", "ELEVATION": 270, "LATITUDE": "31-41-02.6400N", "LONGITUDE": "094-58-37.7800W"}}, {"type": "Feature", "geometry": {"type": "Point", "coordinates": [-101.87759226276142, 35.06389478885295]}, "properties": {"NAME": "Buffalo", "IDENT": "1E7", "TYPE_CODE": "AD", "SERVCITY": "AMARILLO", "ELEVATION": 3640, "LATITUDE": "35-03-50.0000N", "LONGITUDE": "101-52-39.3000W"}}, {"type": "Feature", "geometry": {"type": "Point", "coordinates": [-101.84936392309947, 35.0645050684408]}, "properties": {"NAME": "Blue Sky Airfield", "IDENT": "2TX0", "TYPE_CODE": "AD", "SERVCITY": "AMARILLO", "ELEVATION": 3615, "LATITUDE": "35-03-52.1970N", "LONGITUDE": "101-50-57.6780W"}}, {"type": "Feature", "geometry": {"type": "Point", "coordinates": [-102.03825897130892, 35.107561454579944]}, "properties": {"NAME": "Flying K", "IDENT": "7TX8", "TYPE_CODE": "AD", "SERVCITY": "AMARILLO", "ELEVATION": 3560, "LATITUDE": "35-06-27.2000N", "LONGITUDE": "102-02-17.7000W"}}, {"type": "Feature", "geometry": {"type": "Point", "coordinates": [-101.70592556808177, 35.219367045643594]}, "properties": {"NAME": "Rick Husband Amarillo Intl", "IDENT": "AMA", "TYPE_CODE": "AD", "SERVCITY": "AMARILLO", "ELEVATION": 3606.7000000000003, "LATITUDE": "35-13-09.7000N", "LONGITUDE": "101-42-21.3000W"}}, {"type": "Feature", "geometry": {"type": "Point", "coordinates": [-94.6634939050156, 29.769820000921147]}, "properties": {"NAME": "Chambers County", "IDENT": "T00", "TYPE_CODE": "AD", "SERVCITY": "ANAHUAC", "ELEVATION": 21.2, "LATITUDE": "29-46-11.3332N", "LONGITUDE": "094-39-48.5535W"}}, {"type": "Feature", "geometry": {"type": "Point", "coordinates": [-102.52969617079701, 32.330758376596215]}, "properties": {"NAME": "Andrews County", "IDENT": "E11", "TYPE_CODE": "AD", "SERVCITY": "ANDREWS", "ELEVATION": 3174, "LATITUDE": "32-19-50.7107N", "LONGITUDE": "102-31-46.8742W"}}, {"type": "Feature", "geometry": {"type": "Point", "coordinates": [-95.40109031858293, 29.16506062949983]}, "properties": {"NAME": "Bailes", "IDENT": "7R9", "TYPE_CODE": "AD", "SERVCITY": "ANGLETON", "ELEVATION": 21, "LATITUDE": "29-09-54.2000N", "LONGITUDE": "095-24-03.9000W"}}, {"type": "Feature", "geometry": {"type": "Point", "coordinates": [-95.49522756505444, 29.150804789514105]}, "properties": {"NAME": "Phillips Corporation", "IDENT": "46TX", "TYPE_CODE": "AD", "SERVCITY": "ANGLETON", "ELEVATION": 30, "LATITUDE": "29-09-02.8790N", "LONGITUDE": "095-29-42.7940W"}}, {"type": "Feature", "geometry": {"type": "Point", "coordinates": [-95.462090331825, 29.108643948859736]}, "properties": {"NAME": "Texas Gulf Coast Rgnl", "IDENT": "LBX", "TYPE_CODE": "AD", "SERVCITY": "ANGLETON/LAKE JACKSON", "ELEVATION": 25.2, "LATITUDE": "29-06-31.1000N", "LONGITUDE": "095-27-43.5000W"}}, {"type": "Feature", "geometry": {"type": "Point", "coordinates": [-95.47670700780822, 29.233746752249512]}, "properties": {"NAME": "Clover Lake Farms", "IDENT": "TE77", "TYPE_CODE": "AD", "SERVCITY": "ANGLETON", "ELEVATION": 38, "LATITUDE": "29-14-01.4700N", "LONGITUDE": "095-28-36.1200W"}}, {"type": "Feature", "geometry": {"type": "Point", "coordinates": [-95.41257704872912, 29.264972260783146]}, "properties": {"NAME": "Flyin Tiger", "IDENT": "81D", "TYPE_CODE": "AD", "SERVCITY": "ANGLETON", "ELEVATION": 30, "LATITUDE": "29-15-53.8818N", "LONGITUDE": "095-24-45.2522W"}}, {"type": "Feature", "geometry": {"type": "Point", "coordinates": [-97.09428814864603, 32.66387681352611]}, "properties": {"NAME": "Arlington Muni", "IDENT": "GKY", "TYPE_CODE": "AD", "SERVCITY": "ARLINGTON", "ELEVATION": 628.3000000000001, "LATITUDE": "32-39-49.9360N", "LONGITUDE": "097-05-39.4100W"}}, {"type": "Feature", "geometry": {"type": "Point", "coordinates": [-97.7625016638979, 26.93394815204071]}, "properties": {"NAME": "Armstrong Ranch", "IDENT": "47TX", "TYPE_CODE": "AD", "SERVCITY": "ARMSTRONG", "ELEVATION": 27, "LATITUDE": "26-56-02.1970N", "LONGITUDE": "097-45-44.9790W"}}, {"type": "Feature", "geometry": {"type": "Point", "coordinates": [-95.08356177836495, 32.2751587676967]}, "properties": {"NAME": "Oaks", "IDENT": "TX24", "TYPE_CODE": "AD", "SERVCITY": "ARP", "ELEVATION": 510, "LATITUDE": "32-16-30.5510N", "LONGITUDE": "095-05-00.7970W"}}, {"type": "Feature", "geometry": {"type": "Point", "coordinates": [-100.2170583963578, 33.16899065653295]}, "properties": {"NAME": "Douglas Flying Service Private", "IDENT": "6TE8", "TYPE_CODE": "AD", "SERVCITY": "ASPERMONT", "ELEVATION": 1743, "LATITUDE": "33-10-08.3460N", "LONGITUDE": "100-13-01.3800W"}}, {"type": "Feature", "geometry": {"type": "Point", "coordinates": [-100.19728339165829, 33.17034593568251]}, "properties": {"NAME": "Stonewall County", "IDENT": "T60", "TYPE_CODE": "AD", "SERVCITY": "ASPERMONT", "ELEVATION": 1744, "LATITUDE": "33-10-13.2250N", "LONGITUDE": "100-11-50.1900W"}}, {"type": "Feature", "geometry": {"type": "Point", "coordinates": [-95.92834059189988, 32.01333895931496]}, "properties": {"NAME": "Deer Meadow Ranch", "IDENT": "5TA8", "TYPE_CODE": "AD", "SERVCITY": "ATHENS", "ELEVATION": 520, "LATITUDE": "32-00-48.0000N", "LONGITUDE": "095-55-42.0000W"}}, {"type": "Feature", "geometry": {"type": "Point", "coordinates": [-95.82836029774568, 32.16385343764275]}, "properties": {"NAME": "Athens Muni", "IDENT": "F44", "TYPE_CODE": "AD", "SERVCITY": "ATHENS", "ELEVATION": 444.1, "LATITUDE": "32-09-49.8520N", "LONGITUDE": "095-49-42.0710W"}}, {"type": "Feature", "geometry": {"type": "Point", "coordinates": [-95.69504608854274, 32.02015285905899]}, "properties": {"NAME": "Glad Oaks", "IDENT": "2XS3", "TYPE_CODE": "AD", "SERVCITY": "ATHENS", "ELEVATION": 487, "LATITUDE": "32-01-12.5300N", "LONGITUDE": "095-41-42.1400W"}}, {"type": "Feature", "geometry": {"type": "Point", "coordinates": [-95.95103226336047, 31.989238953707993]}, "properties": {"NAME": "Lochridge Ranch", "IDENT": "TX25", "TYPE_CODE": "AD", "SERVCITY": "ATHENS", "ELEVATION": 391, "LATITUDE": "31-59-21.2400N", "LONGITUDE": "095-57-03.6900W"}}, {"type": "Feature", "geometry": {"type": "Point", "coordinates": [-94.1950346512074, 33.10253368831395]}, "properties": {"NAME": "Hall-Miller Muni", "IDENT": "ATA", "TYPE_CODE": "AD", "SERVCITY": "ATLANTA", "ELEVATION": 280.3, "LATITUDE": "33-06-09.1000N", "LONGITUDE": "094-11-42.1000W"}}, {"type": "Feature", "geometry": {"type": "Point", "coordinates": [-97.56640108832254, 30.397498386486205]}, "properties": {"NAME": "Austin Exec", "IDENT": "EDC", "TYPE_CODE": "AD", "SERVCITY": "AUSTIN", "ELEVATION": 620, "LATITUDE": "30-23-50.9753N", "LONGITUDE": "097-33-59.0166W"}}, {"type": "Feature", "geometry": {"type": "Point", "coordinates": [-94.61687696644677, 32.816808058830816]}, "properties": {"NAME": "Mc Kenzie Fld", "IDENT": "6TE9", "TYPE_CODE": "AD", "SERVCITY": "AVINGER", "ELEVATION": 360, "LATITUDE": "32-49-00.4880N", "LONGITUDE": "094-37-00.7320W"}}, {"type": "Feature", "geometry": {"type": "Point", "coordinates": [-94.60770974601807, 32.88402779431513]}, "properties": {"NAME": "Eagle Landing", "IDENT": "61TA", "TYPE_CODE": "AD", "SERVCITY": "AVINGER", "ELEVATION": 380, "LATITUDE": "32-53-02.4790N", "LONGITUDE": "094-36-27.7300W"}}, {"type": "Feature", "geometry": {"type": "Point", "coordinates": [-97.55834105830299, 32.92500573142804]}, "properties": {"NAME": "Moore Pvt", "IDENT": "73TE", "TYPE_CODE": "AD", "SERVCITY": "AZLE", "ELEVATION": 670, "LATITUDE": "32-55-30.0000N", "LONGITUDE": "097-33-30.0000W"}}, {"type": "Feature", "geometry": {"type": "Point", "coordinates": [-99.97700824760258, 31.674477618579225]}, "properties": {"NAME": "Bruce Fld", "IDENT": "E30", "TYPE_CODE": "AD", "SERVCITY": "BALLINGER", "ELEVATION": 1738.5, "LATITUDE": "31-40-28.1000N", "LONGITUDE": "099-58-37.2000W"}}, {"type": "Feature", "geometry": {"type": "Point", "coordinates": [-99.0864318172101, 29.651342269589534]}, "properties": {"NAME": "Lobo Mountain Ranch", "IDENT": "TE21", "TYPE_CODE": "AD", "SERVCITY": "BANDERA", "ELEVATION": 1540, "LATITUDE": "29-39-04.8140N", "LONGITUDE": "099-05-11.1260W"}}, {"type": "Feature", "geometry": {"type": "Point", "coordinates": [-99.15250794926041, 29.758893955147986]}, "properties": {"NAME": "Flying L", "IDENT": "TE90", "TYPE_CODE": "AD", "SERVCITY": "BANDERA", "ELEVATION": 1380, "LATITUDE": "29-45-32.0000N", "LONGITUDE": "099-09-09.0000W"}}, {"type": "Feature", "geometry": {"type": "Point", "coordinates": [-96.7044438610539, 32.289040091716245]}, "properties": {"NAME": "Flying O", "IDENT": "TX29", "TYPE_CODE": "AD", "SERVCITY": "BARDWELL", "ELEVATION": 490, "LATITUDE": "32-17-20.5240N", "LONGITUDE": "096-42-15.9710W"}}, {"type": "Feature", "geometry": {"type": "Point", "coordinates": [-99.99618954546449, 29.816891436484006]}, "properties": {"NAME": "Flying Bull Ranch", "IDENT": "TA52", "TYPE_CODE": "AD", "SERVCITY": "BARKSDALE", "ELEVATION": 1614, "LATITUDE": "29-49-00.7910N", "LONGITUDE": "099-59-46.2530W"}}, {"type": "Feature", "geometry": {"type": "Point", "coordinates": [-97.4141742072994, 30.188894100954663]}, "properties": {"NAME": "Utley", "IDENT": "68XA", "TYPE_CODE": "AD", "SERVCITY": "BASTROP", "ELEVATION": 350, "LATITUDE": "30-11-20.0000N", "LONGITUDE": "097-24-51.0000W"}}, {"type": "Feature", "geometry": {"type": "Point", "coordinates": [-99.56306357044785, 28.978338233365392]}, "properties": {"NAME": "Dm Ranch", "IDENT": "XA88", "TYPE_CODE": "AD", "SERVCITY": "BATESVILLE", "ELEVATION": 750, "LATITUDE": "28-58-42.0000N", "LONGITUDE": "099-33-47.0000W"}}, {"type": "Feature", "geometry": {"type": "Point", "coordinates": [-95.863459039549, 28.973251686037354]}, "properties": {"NAME": "Bay City Rgnl", "IDENT": "BYY", "TYPE_CODE": "AD", "SERVCITY": "BAY CITY", "ELEVATION": 44.9, "LATITUDE": "28-58-23.6880N", "LONGITUDE": "095-51-48.4270W"}}, {"type": "Feature", "geometry": {"type": "Point", "coordinates": [-94.25630312092235, 30.11216252953891]}, "properties": {"NAME": "Stonecipher", "IDENT": "55TX", "TYPE_CODE": "AD", "SERVCITY": "BEAUMONT", "ELEVATION": 39, "LATITUDE": "30-06-43.7660N", "LONGITUDE": "094-15-22.6670W"}}, {"type": "Feature", "geometry": {"type": "Point", "coordinates": [-94.02070555235656, 29.950836393186517]}, "properties": {"NAME": "Jack Brooks Rgnl", "IDENT": "BPT", "TYPE_CODE": "AD", "SERVCITY": "BEAUMONT/PORT ARTHUR", "ELEVATION": 14.8, "LATITUDE": "29-57-02.9920N", "LONGITUDE": "094-01-14.5160W"}}, {"type": "Feature", "geometry": {"type": "Point", "coordinates": [-97.7919519994103, 28.364227056180503]}, "properties": {"NAME": "Beeville Muni", "IDENT": "BEA", "TYPE_CODE": "AD", "SERVCITY": "BEEVILLE", "ELEVATION": 272.8, "LATITUDE": "28-21-51.2000N", "LONGITUDE": "097-47-31.0000W"}}, {"type": "Feature", "geometry": {"type": "Point", "coordinates": [-97.66192419007668, 28.362449281788958]}, "properties": {"NAME": "Chase Fld Industrial", "IDENT": "TX2", "TYPE_CODE": "AD", "SERVCITY": "BEEVILLE", "ELEVATION": 184.20000000000002, "LATITUDE": "28-21-44.8000N", "LONGITUDE": "097-39-42.9000W"}}, {"type": "Feature", "geometry": {"type": "Point", "coordinates": [-98.03941039783878, 28.445136786962316]}, "properties": {"NAME": "Trml D Ranch", "IDENT": "TE58", "TYPE_CODE": "AD", "SERVCITY": "BEEVILLE", "ELEVATION": 260, "LATITUDE": "28-26-42.4750N", "LONGITUDE": "098-02-21.8500W"}}, {"type": "Feature", "geometry": {"type": "Point", "coordinates": [-98.06111900400059, 33.58195027406467]}, "properties": {"NAME": "Menard", "IDENT": "XA09", "TYPE_CODE": "AD", "SERVCITY": "BELLEVUE", "ELEVATION": 1055, "LATITUDE": "33-34-55.0000N", "LONGITUDE": "098-03-40.0000W"}}, {"type": "Feature", "geometry": {"type": "Point", "coordinates": [-98.78358838463862, 29.072185500416328]}, "properties": {"NAME": "Ranch-Aero", "IDENT": "78TA", "TYPE_CODE": "AD", "SERVCITY": "BIGFOOT", "ELEVATION": 560, "LATITUDE": "29-04-19.8500N", "LONGITUDE": "098-47-00.8900W"}}, {"type": "Feature", "geometry": {"type": "Point", "coordinates": [-101.47525357945659, 31.198629970428847]}, "properties": {"NAME": "Reagan County", "IDENT": "E41", "TYPE_CODE": "AD", "SERVCITY": "BIG LAKE", "ELEVATION": 2705.7000000000003, "LATITUDE": "31-11-55.0490N", "LONGITUDE": "101-28-30.8820W"}}, {"type": "Feature", "geometry": {"type": "Point", "coordinates": [-95.06392151300092, 32.58520244005946]}, "properties": {"NAME": "Alert Fld", "IDENT": "18TE", "TYPE_CODE": "AD", "SERVCITY": "BIG SANDY", "ELEVATION": 390, "LATITUDE": "32-35-06.7080N", "LONGITUDE": "095-03-50.0920W"}}, {"type": "Feature", "geometry": {"type": "Point", "coordinates": [-95.11394597317721, 32.62365855646264]}, "properties": {"NAME": "Crosscut Fld", "IDENT": "91XA", "TYPE_CODE": "AD", "SERVCITY": "BIG SANDY", "ELEVATION": 420, "LATITUDE": "32-37-25.1500N", "LONGITUDE": "095-06-50.1800W"}}, {"type": "Feature", "geometry": {"type": "Point", "coordinates": [-101.52165503774535, 32.21262320625869]}, "properties": {"NAME": "Big Spring/Mc Mahon-Wrinkle", "IDENT": "BPG", "TYPE_CODE": "AD", "SERVCITY": "BIG SPRING", "ELEVATION": 2572.8, "LATITUDE": "32-12-45.4240N", "LONGITUDE": "101-31-17.9270W"}}, {"type": "Feature", "geometry": {"type": "Point", "coordinates": [-101.56429976150542, 32.073742623753525]}, "properties": {"NAME": "Edwards Lucian Wells Ranch", "IDENT": "TX31", "TYPE_CODE": "AD", "SERVCITY": "BIG SPRING", "ELEVATION": 2505, "LATITUDE": "32-04-25.4540N", "LONGITUDE": "101-33-51.4480W"}}, {"type": "Feature", "geometry": {"type": "Point", "coordinates": [-97.75253529549782, 27.61017134825116]}, "properties": {"NAME": "Bishop-Windham", "IDENT": "07R", "TYPE_CODE": "AD", "SERVCITY": "BISHOP", "ELEVATION": 55, "LATITUDE": "27-36-36.6000N", "LONGITUDE": "097-45-09.1000W"}}, {"type": "Feature", "geometry": {"type": "Point", "coordinates": [-98.36474832763209, 30.091324880719977]}, "properties": {"NAME": "Pippen-York Ranch", "IDENT": "TX41", "TYPE_CODE": "AD", "SERVCITY": "BLANCO", "ELEVATION": 1340, "LATITUDE": "30-05-28.7510N", "LONGITUDE": "098-21-53.0660W"}}, {"type": "Feature", "geometry": {"type": "Point", "coordinates": [-98.46141890754174, 30.114101548680736]}, "properties": {"NAME": "Tatum Ranch", "IDENT": "26XS", "TYPE_CODE": "AD", "SERVCITY": "BLANCO", "ELEVATION": 1420, "LATITUDE": "30-06-50.7470N", "LONGITUDE": "098-27-41.0800W"}}, {"type": "Feature", "geometry": {"type": "Point", "coordinates": [-98.37479110858952, 30.122471831427216]}, "properties": {"NAME": "Blanco Landing", "IDENT": "3TA5", "TYPE_CODE": "AD", "SERVCITY": "BLANCO", "ELEVATION": 1460, "LATITUDE": "30-07-20.8800N", "LONGITUDE": "098-22-29.2200W"}}, {"type": "Feature", "geometry": {"type": "Point", "coordinates": [-98.52538559141333, 30.13763016194933]}, "properties": {"NAME": "Kennedy Ranch", "IDENT": "50TX", "TYPE_CODE": "AD", "SERVCITY": "BLANCO", "ELEVATION": 1598, "LATITUDE": "30-08-15.4500N", "LONGITUDE": "098-31-31.3600W"}}, {"type": "Feature", "geometry": {"type": "Point", "coordinates": [-97.5481160670646, 33.10745576584345]}, "properties": {"NAME": "Carter-Norman", "IDENT": "TA87", "TYPE_CODE": "AD", "SERVCITY": "BOYD", "ELEVATION": 737, "LATITUDE": "33-06-26.8200N", "LONGITUDE": "097-32-53.1900W"}}, {"type": "Feature", "geometry": {"type": "Point", "coordinates": [-97.63500775016168, 33.01583907797161]}, "properties": {"NAME": "Dauenhauer Fld", "IDENT": "6TS2", "TYPE_CODE": "AD", "SERVCITY": "BOYD", "ELEVATION": 906, "LATITUDE": "33-00-57.0000N", "LONGITUDE": "097-38-06.0000W"}}, {"type": "Feature", "geometry": {"type": "Point", "coordinates": [-100.25313987256995, 29.541900541923937]}, "properties": {"NAME": "Spring Ranch", "IDENT": "3TA6", "TYPE_CODE": "AD", "SERVCITY": "BRACKETTVILLE", "ELEVATION": 1440, "LATITUDE": "29-32-30.8240N", "LONGITUDE": "100-15-11.2740W"}}, {"type": "Feature", "geometry": {"type": "Point", "coordinates": [-100.37583323920555, 29.634141110232054]}, "properties": {"NAME": "Pinon Ranch", "IDENT": "1XS8", "TYPE_CODE": "AD", "SERVCITY": "BRACKETTVILLE", "ELEVATION": 1644, "LATITUDE": "29-38-02.8900N", "LONGITUDE": "100-22-32.9700W"}}, {"type": "Feature", "geometry": {"type": "Point", "coordinates": [-100.25758236860216, 29.43051496446304]}, "properties": {"NAME": "Tularosa", "IDENT": "TA31", "TYPE_CODE": "AD", "SERVCITY": "BRACKETTVILLE", "ELEVATION": 1397, "LATITUDE": "29-25-49.8360N", "LONGITUDE": "100-15-27.2670W"}}, {"type": "Feature", "geometry": {"type": "Point", "coordinates": [-100.43369768138096, 29.286629097888117]}, "properties": {"NAME": "Fort Clark Springs", "IDENT": "74TX", "TYPE_CODE": "AD", "SERVCITY": "BRACKETTVILLE", "ELEVATION": 1106, "LATITUDE": "29-17-11.8470N", "LONGITUDE": "100-26-01.2820W"}}, {"type": "Feature", "geometry": {"type": "Point", "coordinates": [-100.3670321199856, 29.50023441801187]}, "properties": {"NAME": "Leona Ranch", "IDENT": "75TX", "TYPE_CODE": "AD", "SERVCITY": "BRACKETTVILLE", "ELEVATION": 1720, "LATITUDE": "29-30-00.8260N", "LONGITUDE": "100-22-01.2860W"}}, {"type": "Feature", "geometry": {"type": "Point", "coordinates": [-100.29567210303946, 29.50370775514883]}, "properties": {"NAME": "L Davis Ranch", "IDENT": "5XS8", "TYPE_CODE": "AD", "SERVCITY": "BRACKETTVILLE", "ELEVATION": 1390, "LATITUDE": "29-30-13.3300N", "LONGITUDE": "100-17-44.3900W"}}, {"type": "Feature", "geometry": {"type": "Point", "coordinates": [-99.3239247287457, 31.17928310883739]}, "properties": {"NAME": "Curtis Fld", "IDENT": "BBD", "TYPE_CODE": "AD", "SERVCITY": "BRADY", "ELEVATION": 1827.4, "LATITUDE": "31-10-45.4000N", "LONGITUDE": "099-19-26.1000W"}}, {"type": "Feature", "geometry": {"type": "Point", "coordinates": [-99.31561724070626, 31.437665379613343]}, "properties": {"NAME": "River Bend Ranch", "IDENT": "94TX", "TYPE_CODE": "AD", "SERVCITY": "BRADY", "ELEVATION": 1500, "LATITUDE": "31-26-15.5760N", "LONGITUDE": "099-18-56.1930W"}}, {"type": "Feature", "geometry": {"type": "Point", "coordinates": [-99.09984135110936, 31.385422045488735]}, "properties": {"NAME": "Santiago Cattle Company", "IDENT": "XS78", "TYPE_CODE": "AD", "SERVCITY": "BRADY", "ELEVATION": 1387, "LATITUDE": "31-23-07.5000N", "LONGITUDE": "099-05-59.4000W"}}, {"type": "Feature", "geometry": {"type": "Point", "coordinates": [-95.57967619062251, 28.9821991969205]}, "properties": {"NAME": "Eagle Air Park", "IDENT": "2TE0", "TYPE_CODE": "AD", "SERVCITY": "BRAZORIA", "ELEVATION": 15, "LATITUDE": "28-58-55.8990N", "LONGITUDE": "095-34-46.8090W"}}, {"type": "Feature", "geometry": {"type": "Point", "coordinates": [-98.00417438756888, 30.86520532218104]}, "properties": {"NAME": "Skotz Airfield", "IDENT": "99XA", "TYPE_CODE": "AD", "SERVCITY": "BRIGGS", "ELEVATION": 1200, "LATITUDE": "30-51-54.7200N", "LONGITUDE": "098-00-15.0000W"}}, {"type": "Feature", "geometry": {"type": "Point", "coordinates": [-97.93726836120646, 32.6804153913189]}, "properties": {"NAME": "Eagle", "IDENT": "TA51", "TYPE_CODE": "AD", "SERVCITY": "BROCK", "ELEVATION": 885, "LATITUDE": "32-40-49.4750N", "LONGITUDE": "097-56-14.1380W"}}, {"type": "Feature", "geometry": {"type": "Point", "coordinates": [-96.00470578142586, 29.873719087472438]}, "properties": {"NAME": "Mikeska Fld", "IDENT": "1XA4", "TYPE_CODE": "AD", "SERVCITY": "BROOKSHIRE", "ELEVATION": 161, "LATITUDE": "29-52-25.3700N", "LONGITUDE": "096-00-16.9150W"}}, {"type": "Feature", "geometry": {"type": "Point", "coordinates": [-95.94997937689757, 29.838130193140028]}, "properties": {"NAME": "Sport Flyers", "IDENT": "27XS", "TYPE_CODE": "AD", "SERVCITY": "BROOKSHIRE", "ELEVATION": 180, "LATITUDE": "29-50-17.2500N", "LONGITUDE": "095-56-59.9000W"}}, {"type": "Feature", "geometry": {"type": "Point", "coordinates": [-102.19292553492295, 33.17314445444105]}, "properties": {"NAME": "Terry County", "IDENT": "BFE", "TYPE_CODE": "AD", "SERVCITY": "BROWNFIELD", "ELEVATION": 3264.6, "LATITUDE": "33-10-23.3000N", "LONGITUDE": "102-11-34.5000W"}}, {"type": "Feature", "geometry": {"type": "Point", "coordinates": [-95.65549886948894, 32.25350568413007]}, "properties": {"NAME": "Echo Lake", "IDENT": "TX40", "TYPE_CODE": "AD", "SERVCITY": "BROWNSBORO", "ELEVATION": 465, "LATITUDE": "32-15-12.6000N", "LONGITUDE": "095-39-19.7700W"}}, {"type": "Feature", "geometry": {"type": "Point", "coordinates": [-97.42600738213743, 25.90614322204095]}, "properties": {"NAME": "Brownsville/South Padre Island Intl", "IDENT": "BRO", "TYPE_CODE": "AD", "SERVCITY": "BROWNSVILLE", "ELEVATION": 22.400000000000002, "LATITUDE": "25-54-22.1000N", "LONGITUDE": "097-25-33.6000W"}}, {"type": "Feature", "geometry": {"type": "Point", "coordinates": [-97.40859876738848, 25.926751281826842]}, "properties": {"NAME": "Resaca Airstrip", "IDENT": "80TX", "TYPE_CODE": "AD", "SERVCITY": "BROWNSVILLE", "ELEVATION": 20, "LATITUDE": "25-55-36.2890N", "LONGITUDE": "097-24-30.9290W"}}, {"type": "Feature", "geometry": {"type": "Point", "coordinates": [-98.95650800560574, 31.79361657177304]}, "properties": {"NAME": "Brownwood Rgnl", "IDENT": "BWD", "TYPE_CODE": "AD", "SERVCITY": "BROWNWOOD", "ELEVATION": 1386.7, "LATITUDE": "31-47-37.0000N", "LONGITUDE": "098-57-23.4000W"}}, {"type": "Feature", "geometry": {"type": "Point", "coordinates": [-98.37891164762364, 29.737172032972374]}, "properties": {"NAME": "Flying J", "IDENT": "86TX", "TYPE_CODE": "AD", "SERVCITY": "BULVERDE", "ELEVATION": 1055, "LATITUDE": "29-44-13.8010N", "LONGITUDE": "098-22-44.0540W"}}, {"type": "Feature", "geometry": {"type": "Point", "coordinates": [-97.24196540059822, 32.541810117167756]}, "properties": {"NAME": "Retta", "IDENT": "8TS1", "TYPE_CODE": "AD", "SERVCITY": "BURLESON", "ELEVATION": 700, "LATITUDE": "32-32-30.4960N", "LONGITUDE": "097-14-31.0480W"}}, {"type": "Feature", "geometry": {"type": "Point", "coordinates": [-97.28085540954751, 32.527643724837574]}, "properties": {"NAME": "Rafter J", "IDENT": "3TX9", "TYPE_CODE": "AD", "SERVCITY": "BURLESON", "ELEVATION": 710, "LATITUDE": "32-31-39.4970N", "LONGITUDE": "097-16-51.0520W"}}, {"type": "Feature", "geometry": {"type": "Point", "coordinates": [-98.23861805023553, 30.738932510924712]}, "properties": {"NAME": "Burnet Muni/Kate Craddock Fld", "IDENT": "BMQ", "TYPE_CODE": "AD", "SERVCITY": "BURNET", "ELEVATION": 1283.4, "LATITUDE": "30-44-20.1380N", "LONGITUDE": "098-14-18.9970W"}}, {"type": "Feature", "geometry": {"type": "Point", "coordinates": [-98.27292167512776, 30.84517058608609]}, "properties": {"NAME": "Shale Valley Ranch", "IDENT": "2TA0", "TYPE_CODE": "AD", "SERVCITY": "BURNET", "ELEVATION": 1417, "LATITUDE": "30-50-42.5950N", "LONGITUDE": "098-16-22.4900W"}}, {"type": "Feature", "geometry": {"type": "Point", "coordinates": [-96.2431462880753, 33.03622803170921]}, "properties": {"NAME": "Caddo Mills Muni", "IDENT": "7F3", "TYPE_CODE": "AD", "SERVCITY": "CADDO MILLS", "ELEVATION": 541.6, "LATITUDE": "33-02-10.4000N", "LONGITUDE": "096-14-35.3000W"}}, {"type": "Feature", "geometry": {"type": "Point", "coordinates": [-96.22806294612053, 32.9525057944604]}, "properties": {"NAME": "Flying 'T' Ranch", "IDENT": "18TX", "TYPE_CODE": "AD", "SERVCITY": "CADDO MILLS", "ELEVATION": 545, "LATITUDE": "32-57-09.0000N", "LONGITUDE": "096-13-41.0000W"}}, {"type": "Feature", "geometry": {"type": "Point", "coordinates": [-96.26442962178376, 32.95870857206907]}, "properties": {"NAME": "Thorny Woods", "IDENT": "XA33", "TYPE_CODE": "AD", "SERVCITY": "CADDO MILLS", "ELEVATION": 540, "LATITUDE": "32-57-31.3300N", "LONGITUDE": "096-15-51.9200W"}}, {"type": "Feature", "geometry": {"type": "Point", "coordinates": [-96.70409315574247, 30.51547958024665]}, "properties": {"NAME": "Caldwell Muni", "IDENT": "RWV", "TYPE_CODE": "AD", "SERVCITY": "CALDWELL", "ELEVATION": 390.6, "LATITUDE": "30-30-55.7074N", "LONGITUDE": "096-42-14.7088W"}}, {"type": "Feature", "geometry": {"type": "Point", "coordinates": [-95.93497451647681, 32.60597212968803]}, "properties": {"NAME": "Dennis's Flying Farm", "IDENT": "TA86", "TYPE_CODE": "AD", "SERVCITY": "CANTON", "ELEVATION": 500, "LATITUDE": "32-36-21.4790N", "LONGITUDE": "095-56-05.8820W"}}, {"type": "Feature", "geometry": {"type": "Point", "coordinates": [-96.0027539732058, 32.5098657193571]}, "properties": {"NAME": "Goode Fld", "IDENT": "TX43", "TYPE_CODE": "AD", "SERVCITY": "CANTON", "ELEVATION": 445, "LATITUDE": "32-30-35.4960N", "LONGITUDE": "096-00-09.8880W"}}, {"type": "Feature", "geometry": {"type": "Point", "coordinates": [-95.86811144492569, 32.615839078396874]}, "properties": {"NAME": "Thompson Fld", "IDENT": "1TA7", "TYPE_CODE": "AD", "SERVCITY": "CANTON", "ELEVATION": 518, "LATITUDE": "32-36-57.0000N", "LONGITUDE": "095-52-05.1750W"}}, {"type": "Feature", "geometry": {"type": "Point", "coordinates": [-95.91886283702901, 32.445977932543705]}, "properties": {"NAME": "Rhines Roost", "IDENT": "91TA", "TYPE_CODE": "AD", "SERVCITY": "CANTON", "ELEVATION": 540, "LATITUDE": "32-26-45.5000N", "LONGITUDE": "095-55-07.8800W"}}, {"type": "Feature", "geometry": {"type": "Point", "coordinates": [-98.24752162345082, 29.91577735059261]}, "properties": {"NAME": "Canyon Lake", "IDENT": "34TS", "TYPE_CODE": "AD", "SERVCITY": "CANYON LAKE", "ELEVATION": 940, "LATITUDE": "29-54-56.7800N", "LONGITUDE": "098-14-51.0500W"}}, {"type": "Feature", "geometry": {"type": "Point", "coordinates": [-100.07229004933524, 28.192499730306114]}, "properties": {"NAME": "Chupadera Ranch", "IDENT": "95TX", "TYPE_CODE": "AD", "SERVCITY": "CARRIZO SPRINGS", "ELEVATION": 651, "LATITUDE": "28-11-32.9820N", "LONGITUDE": "100-04-20.2150W"}}, {"type": "Feature", "geometry": {"type": "Point", "coordinates": [-99.93450835320462, 28.269442527642465]}, "properties": {"NAME": "Dentonio Ranch", "IDENT": "1TS6", "TYPE_CODE": "AD", "SERVCITY": "CARRIZO SPRINGS", "ELEVATION": 825, "LATITUDE": "28-16-09.9760N", "LONGITUDE": "099-56-04.2010W"}}, {"type": "Feature", "geometry": {"type": "Point", "coordinates": [-99.93317557824966, 28.35499643349525]}, "properties": {"NAME": "Miller Ranch", "IDENT": "TA84", "TYPE_CODE": "AD", "SERVCITY": "CARRIZO SPRINGS", "ELEVATION": 750, "LATITUDE": "28-21-17.9700N", "LONGITUDE": "099-55-59.4030W"}}, {"type": "Feature", "geometry": {"type": "Point", "coordinates": [-100.16274590781383, 28.263418908455893]}, "properties": {"NAME": "Indio-Faith", "IDENT": "2XS2", "TYPE_CODE": "AD", "SERVCITY": "CARRIZO SPRINGS", "ELEVATION": 756.8000000000001, "LATITUDE": "28-15-48.2910N", "LONGITUDE": "100-09-45.8560W"}}, {"type": "Feature", "geometry": {"type": "Point", "coordinates": [-100.01881364910889, 28.208560291092613]}, "properties": {"NAME": "Faith Ranch", "IDENT": "XA89", "TYPE_CODE": "AD", "SERVCITY": "CARRIZO SPRINGS", "ELEVATION": 772.5, "LATITUDE": "28-12-30.8000N", "LONGITUDE": "100-01-07.7000W"}}, {"type": "Feature", "geometry": {"type": "Point", "coordinates": [-100.06701338562259, 28.283607804355427]}, "properties": {"NAME": "San Pedro Ranch", "IDENT": "97TX", "TYPE_CODE": "AD", "SERVCITY": "CARRIZO SPRINGS", "ELEVATION": 710, "LATITUDE": "28-17-00.9710N", "LONGITUDE": "100-04-01.2190W"}}, {"type": "Feature", "geometry": {"type": "Point", "coordinates": [-97.78082570361597, 30.517639985107426]}, "properties": {"NAME": "Hank Sasser/Breakaway", "IDENT": "40XS", "TYPE_CODE": "AD", "SERVCITY": "CEDAR PARK", "ELEVATION": 897, "LATITUDE": "30-31-03.4850N", "LONGITUDE": "097-46-50.9450W"}}, {"type": "Feature", "geometry": {"type": "Point", "coordinates": [-96.74722532211656, 33.304286671109914]}, "properties": {"NAME": "Tallows Fld", "IDENT": "79TS", "TYPE_CODE": "AD", "SERVCITY": "CELINA", "ELEVATION": 729, "LATITUDE": "33-18-15.4110N", "LONGITUDE": "096-44-49.9840W"}}, {"type": "Feature", "geometry": {"type": "Point", "coordinates": [-96.72894365503716, 33.37652668544581]}, "properties": {"NAME": "Bishop's Landing", "IDENT": "T80", "TYPE_CODE": "AD", "SERVCITY": "CELINA", "ELEVATION": 750, "LATITUDE": "33-22-35.4750N", "LONGITUDE": "096-43-44.1700W"}}, {"type": "Feature", "geometry": {"type": "Point", "coordinates": [-96.75470199405937, 33.36828223875461]}, "properties": {"NAME": "Four Winds", "IDENT": "9S1", "TYPE_CODE": "AD", "SERVCITY": "CELINA", "ELEVATION": 790, "LATITUDE": "33-22-05.7950N", "LONGITUDE": "096-45-16.9000W"}}, {"type": "Feature", "geometry": {"type": "Point", "coordinates": [-94.15643012410787, 31.83160066081866]}, "properties": {"NAME": "Center Muni", "IDENT": "F17", "TYPE_CODE": "AD", "SERVCITY": "CENTER", "ELEVATION": 318.7, "LATITUDE": "31-49-53.7420N", "LONGITUDE": "094-09-23.1240W"}}, {"type": "Feature", "geometry": {"type": "Point", "coordinates": [-97.12945560591037, 31.76683386316135]}, "properties": {"NAME": "Hawkeye Hunting Club", "IDENT": "TX45", "TYPE_CODE": "AD", "SERVCITY": "CENTER", "ELEVATION": 260, "LATITUDE": "31-46-00.5820N", "LONGITUDE": "097-07-46.0130W"}}, {"type": "Feature", "geometry": {"type": "Point", "coordinates": [-95.79662802007343, 31.304907992529344]}, "properties": {"NAME": "Dillard Ranch", "IDENT": "TE01", "TYPE_CODE": "AD", "SERVCITY": "CENTERVILLE", "ELEVATION": 225, "LATITUDE": "31-18-17.6490N", "LONGITUDE": "095-47-47.8350W"}}, {"type": "Feature", "geometry": {"type": "Point", "coordinates": [-95.82746080119986, 31.21324325121299]}, "properties": {"NAME": "Moore Ranch", "IDENT": "24TA", "TYPE_CODE": "AD", "SERVCITY": "CENTERVILLE", "ELEVATION": 315, "LATITUDE": "31-12-47.6560N", "LONGITUDE": "095-49-38.8330W"}}, {"type": "Feature", "geometry": {"type": "Point", "coordinates": [-96.21824612181528, 30.05189411603448]}, "properties": {"NAME": "Eberly Ranch", "IDENT": "TX70", "TYPE_CODE": "AD", "SERVCITY": "CHAPPELL HILL", "ELEVATION": 280, "LATITUDE": "30-03-06.8000N", "LONGITUDE": "096-13-05.6600W"}}, {"type": "Feature", "geometry": {"type": "Point", "coordinates": [-96.39751850189923, 32.23251120557706]}, "properties": {"NAME": "Hackberry", "IDENT": "1XA8", "TYPE_CODE": "AD", "SERVCITY": "CHATFIELD", "ELEVATION": 433, "LATITUDE": "32-13-57.0200N", "LONGITUDE": "096-23-51.0400W"}}, {"type": "Feature", "geometry": {"type": "Point", "coordinates": [-97.7166744539442, 33.275005789362055]}, "properties": {"NAME": "Spectre Fld", "IDENT": "XA07", "TYPE_CODE": "AD", "SERVCITY": "CHICO", "ELEVATION": 835, "LATITUDE": "33-16-30.0000N", "LONGITUDE": "097-43-00.0000W"}}, {"type": "Feature", "geometry": {"type": "Point", "coordinates": [-97.77621336265781, 33.3499613565072]}, "properties": {"NAME": "Richey Airfield", "IDENT": "69XA", "TYPE_CODE": "AD", "SERVCITY": "CHICO", "ELEVATION": 950, "LATITUDE": "33-20-59.8400N", "LONGITUDE": "097-46-34.3400W"}}, {"type": "Feature", "geometry": {"type": "Point", "coordinates": [-94.95267356432076, 29.786088549508534]}, "properties": {"NAME": "Baytown", "IDENT": "HPY", "TYPE_CODE": "AD", "SERVCITY": "BAYTOWN", "ELEVATION": 33.8, "LATITUDE": "29-47-09.9000N", "LONGITUDE": "094-57-09.6000W"}}, {"type": "Feature", "geometry": {"type": "Point", "coordinates": [-94.84843325838824, 29.761828826033398]}, "properties": {"NAME": "Rwj Airpark", "IDENT": "54T", "TYPE_CODE": "AD", "SERVCITY": "BAYTOWN", "ELEVATION": 33, "LATITUDE": "29-45-42.5650N", "LONGITUDE": "094-50-54.3350W"}}, {"type": "Feature", "geometry": {"type": "Point", "coordinates": [-94.96743357037491, 29.836617726403578]}, "properties": {"NAME": "Ferris", "IDENT": "25TA", "TYPE_CODE": "AD", "SERVCITY": "BAYTOWN", "ELEVATION": 35, "LATITUDE": "29-50-11.8050N", "LONGITUDE": "094-58-02.7360W"}}, {"type": "Feature", "geometry": {"type": "Point", "coordinates": [-97.30081736094716, 26.25118968725685]}, "properties": {"NAME": "Rancho Buena Vista", "IDENT": "TS94", "TYPE_CODE": "AD", "SERVCITY": "BAY VIEW", "ELEVATION": 20, "LATITUDE": "26-15-04.2670N", "LONGITUDE": "097-18-02.9160W"}}, {"type": "Feature", "geometry": {"type": "Point", "coordinates": [-94.2151034413085, 30.070209689287747]}, "properties": {"NAME": "Beaumont Muni", "IDENT": "BMT", "TYPE_CODE": "AD", "SERVCITY": "BEAUMONT", "ELEVATION": 31.900000000000002, "LATITUDE": "30-04-12.7358N", "LONGITUDE": "094-12-54.3482W"}}, {"type": "Feature", "geometry": {"type": "Point", "coordinates": [-98.11447457255402, 33.57017249246278]}, "properties": {"NAME": "Ayers Fld", "IDENT": "8XS2", "TYPE_CODE": "AD", "SERVCITY": "BELLEVUE", "ELEVATION": 1010, "LATITUDE": "33-34-12.6000N", "LONGITUDE": "098-06-52.0800W"}}, {"type": "Feature", "geometry": {"type": "Point", "coordinates": [-96.26358168746198, 30.033560221756588]}, "properties": {"NAME": "P-K Ranch", "IDENT": "60TX", "TYPE_CODE": "AD", "SERVCITY": "BELLVILLE", "ELEVATION": 350, "LATITUDE": "30-02-00.7980N", "LONGITUDE": "096-15-48.8680W"}}, {"type": "Feature", "geometry": {"type": "Point", "coordinates": [-96.30719419569597, 29.972451596932178]}, "properties": {"NAME": "Traylor Tick Farm", "IDENT": "61TX", "TYPE_CODE": "AD", "SERVCITY": "BELLVILLE", "ELEVATION": 250, "LATITUDE": "29-58-20.8070N", "LONGITUDE": "096-18-25.8730W"}}, {"type": "Feature", "geometry": {"type": "Point", "coordinates": [-96.41556303485493, 33.60583924239006]}, "properties": {"NAME": "Pritchard", "IDENT": "99TE", "TYPE_CODE": "AD", "SERVCITY": "BELLS", "ELEVATION": 800, "LATITUDE": "33-36-21.0000N", "LONGITUDE": "096-24-56.0000W"}}, {"type": "Feature", "geometry": {"type": "Point", "coordinates": [-96.40639636909769, 33.66139480918854]}, "properties": {"NAME": "Skida Patch", "IDENT": "2XS4", "TYPE_CODE": "AD", "SERVCITY": "BELLS", "ELEVATION": 665, "LATITUDE": "33-39-41.0000N", "LONGITUDE": "096-24-23.0000W"}}, {"type": "Feature", "geometry": {"type": "Point", "coordinates": [-96.39717413873905, 33.56817257016941]}, "properties": {"NAME": "Windwood Farm", "IDENT": "65TE", "TYPE_CODE": "AD", "SERVCITY": "BELLS", "ELEVATION": 778, "LATITUDE": "33-34-05.4000N", "LONGITUDE": "096-23-49.8000W"}}, {"type": "Feature", "geometry": {"type": "Point", "coordinates": [-97.61257788167306, 28.611613139880635]}, "properties": {"NAME": "Goliad NOLF", "IDENT": "NGT", "TYPE_CODE": "AD", "SERVCITY": "BERCLAIR", "ELEVATION": 322, "LATITUDE": "28-36-41.7897N", "LONGITUDE": "097-36-45.2533W"}}, {"type": "Feature", "geometry": {"type": "Point", "coordinates": [-95.44472936122754, 32.09167232813569]}, "properties": {"NAME": "Paradise Point", "IDENT": "3TX1", "TYPE_CODE": "AD", "SERVCITY": "BERRYVILLE", "ELEVATION": 345, "LATITUDE": "32-05-30.0000N", "LONGITUDE": "095-26-41.0000W"}}, {"type": "Feature", "geometry": {"type": "Point", "coordinates": [-98.08056329328224, 30.821394199819895]}, "properties": {"NAME": "Griffin", "IDENT": "12TX", "TYPE_CODE": "AD", "SERVCITY": "BERTRAM", "ELEVATION": 1235, "LATITUDE": "30-49-17.0000N", "LONGITUDE": "098-04-50.0000W"}}, {"type": "Feature", "geometry": {"type": "Point", "coordinates": [-98.03278549702118, 30.694727510135646]}, "properties": {"NAME": "McFarlin Ranch", "IDENT": "XA12", "TYPE_CODE": "AD", "SERVCITY": "BERTRAM", "ELEVATION": 1200, "LATITUDE": "30-41-41.0000N", "LONGITUDE": "098-01-58.0000W"}}, {"type": "Feature", "geometry": {"type": "Point", "coordinates": [-98.4091522284273, 30.130149608684963]}, "properties": {"NAME": "Rocky Top Ranch", "IDENT": "TA53", "TYPE_CODE": "AD", "SERVCITY": "BLANCO", "ELEVATION": 1500, "LATITUDE": "30-07-48.5200N", "LONGITUDE": "098-24-32.9200W"}}, {"type": "Feature", "geometry": {"type": "Point", "coordinates": [-96.71028523957175, 32.079450051279224]}, "properties": {"NAME": "Polyanna Ranch", "IDENT": "4TE1", "TYPE_CODE": "AD", "SERVCITY": "BLOOMING GROVE", "ELEVATION": 570, "LATITUDE": "32-04-46.0000N", "LONGITUDE": "096-42-37.0000W"}}, {"type": "Feature", "geometry": {"type": "Point", "coordinates": [-96.84729066160874, 28.589585465211883]}, "properties": {"NAME": "Green Lake Ranch", "IDENT": "69TX", "TYPE_CODE": "AD", "SERVCITY": "BLOOMINGTON", "ELEVATION": 50, "LATITUDE": "28-35-22.4900N", "LONGITUDE": "096-50-50.2200W"}}, {"type": "Feature", "geometry": {"type": "Point", "coordinates": [-97.40417430632084, 32.129172255176755]}, "properties": {"NAME": "Circle 'A' Ranch", "IDENT": "05TX", "TYPE_CODE": "AD", "SERVCITY": "BLUM", "ELEVATION": 608, "LATITUDE": "32-07-45.0000N", "LONGITUDE": "097-24-15.0000W"}}, {"type": "Feature", "geometry": {"type": "Point", "coordinates": [-98.73225701875405, 29.87272204705804]}, "properties": {"NAME": "Grier", "IDENT": "71TX", "TYPE_CODE": "AD", "SERVCITY": "BOERNE", "ELEVATION": 1450, "LATITUDE": "29-52-21.7810N", "LONGITUDE": "098-43-56.0970W"}}, {"type": "Feature", "geometry": {"type": "Point", "coordinates": [-97.24347989634116, 33.37625582936071]}, "properties": {"NAME": "Bar V K", "IDENT": "T38", "TYPE_CODE": "AD", "SERVCITY": "BOLIVAR", "ELEVATION": 765, "LATITUDE": "33-22-34.5000N", "LONGITUDE": "097-14-36.5000W"}}, {"type": "Feature", "geometry": {"type": "Point", "coordinates": [-96.17933241890944, 33.61309758838049]}, "properties": {"NAME": "Jones Fld", "IDENT": "F00", "TYPE_CODE": "AD", "SERVCITY": "BONHAM", "ELEVATION": 618.2, "LATITUDE": "33-36-47.1300N", "LONGITUDE": "096-10-45.5700W"}}, {"type": "Feature", "geometry": {"type": "Point", "coordinates": [-100.46876175470219, 36.39170619530529]}, "properties": {"NAME": "Loesch Ranch", "IDENT": "TS78", "TYPE_CODE": "AD", "SERVCITY": "BOOKER", "ELEVATION": 2804, "LATITUDE": "36-23-30.1200N", "LONGITUDE": "100-28-07.5110W"}}, {"type": "Feature", "geometry": {"type": "Point", "coordinates": [-101.39367553199773, 35.700894919811354]}, "properties": {"NAME": "Hutchinson County", "IDENT": "BGD", "TYPE_CODE": "AD", "SERVCITY": "BORGER", "ELEVATION": 3055.2000000000003, "LATITUDE": "35-42-03.2000N", "LONGITUDE": "101-23-37.2000W"}}, {"type": "Feature", "geometry": {"type": "Point", "coordinates": [-97.7755633788054, 33.601672513784266]}, "properties": {"NAME": "Bowie Muni", "IDENT": "0F2", "TYPE_CODE": "AD", "SERVCITY": "BOWIE", "ELEVATION": 1100.5, "LATITUDE": "33-36-06.0000N", "LONGITUDE": "097-46-32.0000W"}}, {"type": "Feature", "geometry": {"type": "Point", "coordinates": [-97.82900783922742, 33.6476725197501]}, "properties": {"NAME": "Sky Acres", "IDENT": "1XA1", "TYPE_CODE": "AD", "SERVCITY": "BOWIE", "ELEVATION": 1070, "LATITUDE": "33-38-51.6000N", "LONGITUDE": "097-49-44.4000W"}}, {"type": "Feature", "geometry": {"type": "Point", "coordinates": [-94.84932373263267, 33.45658650662945]}, "properties": {"NAME": "Molair", "IDENT": "TX35", "TYPE_CODE": "AD", "SERVCITY": "BOXELDER/LYDIA", "ELEVATION": 342, "LATITUDE": "33-27-23.6900N", "LONGITUDE": "094-50-57.5400W"}}, {"type": "Feature", "geometry": {"type": "Point", "coordinates": [-98.89160443319383, 32.71876174578014]}, "properties": {"NAME": "Stephens County", "IDENT": "BKD", "TYPE_CODE": "AD", "SERVCITY": "BRECKENRIDGE", "ELEVATION": 1284.2, "LATITUDE": "32-43-07.5220N", "LONGITUDE": "098-53-29.7470W"}}, {"type": "Feature", "geometry": {"type": "Point", "coordinates": [-96.32858199238036, 30.256884153289526]}, "properties": {"NAME": "Sky Lane Ranch", "IDENT": "XS68", "TYPE_CODE": "AD", "SERVCITY": "BRENHAM", "ELEVATION": 290, "LATITUDE": "30-15-24.7640N", "LONGITUDE": "096-19-42.8690W"}}, {"type": "Feature", "geometry": {"type": "Point", "coordinates": [-96.44556285260533, 30.185005245737795]}, "properties": {"NAME": "Live Oak Ranch", "IDENT": "TA17", "TYPE_CODE": "AD", "SERVCITY": "BRENHAM", "ELEVATION": 387, "LATITUDE": "30-11-06.0000N", "LONGITUDE": "096-26-44.0000W"}}, {"type": "Feature", "geometry": {"type": "Point", "coordinates": [-96.44139202183744, 30.275746931034398]}, "properties": {"NAME": "Rancho Verde", "IDENT": "9XS9", "TYPE_CODE": "AD", "SERVCITY": "BRENHAM", "ELEVATION": 275, "LATITUDE": "30-16-32.6700N", "LONGITUDE": "096-26-28.9850W"}}, {"type": "Feature", "geometry": {"type": "Point", "coordinates": [-96.52686843318774, 30.291199708060578]}, "properties": {"NAME": "Lucky Star Ranch", "IDENT": "TX04", "TYPE_CODE": "AD", "SERVCITY": "BRENHAM", "ELEVATION": 285, "LATITUDE": "30-17-28.3000N", "LONGITUDE": "096-31-36.7000W"}}, {"type": "Feature", "geometry": {"type": "Point", "coordinates": [-96.45961841581834, 30.28353304293806]}, "properties": {"NAME": "K Star Ranch", "IDENT": "49TE", "TYPE_CODE": "AD", "SERVCITY": "BRENHAM", "ELEVATION": 397, "LATITUDE": "30-17-00.7000N", "LONGITUDE": "096-27-34.6000W"}}, {"type": "Feature", "geometry": {"type": "Point", "coordinates": [-96.3744100582307, 30.21968075520812]}, "properties": {"NAME": "Brenham Muni", "IDENT": "11R", "TYPE_CODE": "AD", "SERVCITY": "BRENHAM", "ELEVATION": 317.7, "LATITUDE": "30-13-10.8318N", "LONGITUDE": "096-22-27.8500W"}}, {"type": "Feature", "geometry": {"type": "Point", "coordinates": [-97.76865084691003, 33.131789927558806]}, "properties": {"NAME": "Flying S Ranch", "IDENT": "TX37", "TYPE_CODE": "AD", "SERVCITY": "BRIDGEPORT", "ELEVATION": 850, "LATITUDE": "33-07-54.4230N", "LONGITUDE": "097-46-07.1150W"}}, {"type": "Feature", "geometry": {"type": "Point", "coordinates": [-97.8044858566357, 33.14373409417232]}, "properties": {"NAME": "Jim Sears", "IDENT": "3TA7", "TYPE_CODE": "AD", "SERVCITY": "BRIDGEPORT", "ELEVATION": 900, "LATITUDE": "33-08-37.4220N", "LONGITUDE": "097-48-16.1210W"}}, {"type": "Feature", "geometry": {"type": "Point", "coordinates": [-97.82843494753813, 33.17396548769193]}, "properties": {"NAME": "Bridgeport Muni", "IDENT": "XBP", "TYPE_CODE": "AD", "SERVCITY": "BRIDGEPORT", "ELEVATION": 863.7, "LATITUDE": "33-10-26.2550N", "LONGITUDE": "097-49-42.3377W"}}, {"type": "Feature", "geometry": {"type": "Point", "coordinates": [-99.9470239985472, 30.25436679946855]}, "properties": {"NAME": "J R Ranch", "IDENT": "15TA", "TYPE_CODE": "AD", "SERVCITY": "BRIGGS", "ELEVATION": 1125, "LATITUDE": "30-15-15.7020N", "LONGITUDE": "099-56-49.2570W"}}, {"type": "Feature", "geometry": {"type": "Point", "coordinates": [-98.97611910428067, 31.485838735323707]}, "properties": {"NAME": "Tin Top Ranch", "IDENT": "3TA4", "TYPE_CODE": "AD", "SERVCITY": "BROWNWOOD", "ELEVATION": 1300, "LATITUDE": "31-29-09.0000N", "LONGITUDE": "098-58-34.0000W"}}, {"type": "Feature", "geometry": {"type": "Point", "coordinates": [-98.90929410421505, 31.779530460085084]}, "properties": {"NAME": "Flying S Air Ranch", "IDENT": "10XS", "TYPE_CODE": "AD", "SERVCITY": "BROWNWOOD", "ELEVATION": 1447, "LATITUDE": "31-46-46.2900N", "LONGITUDE": "098-54-33.4300W"}}, {"type": "Feature", "geometry": {"type": "Point", "coordinates": [-99.65437191060572, 28.619327049126664]}, "properties": {"NAME": "Tortuga Ranch", "IDENT": "XA93", "TYPE_CODE": "AD", "SERVCITY": "BRUNDAGE", "ELEVATION": 550, "LATITUDE": "28-37-09.5600N", "LONGITUDE": "099-39-15.7100W"}}, {"type": "Feature", "geometry": {"type": "Point", "coordinates": [-98.73224803472495, 27.553091030909506]}, "properties": {"NAME": "Hamilton Ranch", "IDENT": "8TS0", "TYPE_CODE": "AD", "SERVCITY": "BRUNI", "ELEVATION": 698, "LATITUDE": "27-33-11.1110N", "LONGITUDE": "098-43-56.0650W"}}, {"type": "Feature", "geometry": {"type": "Point", "coordinates": [-96.33136840429964, 30.715699799654505]}, "properties": {"NAME": "Coulter Fld", "IDENT": "CFD", "TYPE_CODE": "AD", "SERVCITY": "BRYAN", "ELEVATION": 366.7, "LATITUDE": "30-42-56.5000N", "LONGITUDE": "096-19-52.9000W"}}, {"type": "Feature", "geometry": {"type": "Point", "coordinates": [-96.48508077215348, 30.632912666559687]}, "properties": {"NAME": "Texas A & M - Rellis", "IDENT": "83TX", "TYPE_CODE": "AD", "SERVCITY": "BRYAN", "ELEVATION": 260, "LATITUDE": "30-37-58.4664N", "LONGITUDE": "096-29-06.2644W"}}, {"type": "Feature", "geometry": {"type": "Point", "coordinates": [-96.53830873175849, 30.656037280183355]}, "properties": {"NAME": "Varisco", "IDENT": "13TE", "TYPE_CODE": "AD", "SERVCITY": "BRYAN", "ELEVATION": 240, "LATITUDE": "30-39-21.7150N", "LONGITUDE": "096-32-17.8850W"}}, {"type": "Feature", "geometry": {"type": "Point", "coordinates": [-98.37864752896053, 30.741298062086827]}, "properties": {"NAME": "Camp Longhorn", "IDENT": "84TX", "TYPE_CODE": "AD", "SERVCITY": "BUCHANAN DAM", "ELEVATION": 934, "LATITUDE": "30-44-28.6540N", "LONGITUDE": "098-22-43.1030W"}}, {"type": "Feature", "geometry": {"type": "Point", "coordinates": [-97.11694389024555, 30.908525642263502]}, "properties": {"NAME": "Glaser Fld", "IDENT": "06TA", "TYPE_CODE": "AD", "SERVCITY": "BUCKHOLTS", "ELEVATION": 480, "LATITUDE": "30-54-30.6730N", "LONGITUDE": "097-07-00.9710W"}}, {"type": "Feature", "geometry": {"type": "Point", "coordinates": [-97.1712852930395, 30.911477584783857]}, "properties": {"NAME": "Wolfe Fld", "IDENT": "XA32", "TYPE_CODE": "AD", "SERVCITY": "BUCKHOLTS", "ELEVATION": 500, "LATITUDE": "30-54-41.3000N", "LONGITUDE": "097-10-16.6000W"}}, {"type": "Feature", "geometry": {"type": "Point", "coordinates": [-97.96557045027288, 30.077717114350104]}, "properties": {"NAME": "Rutherford Ranch", "IDENT": "85TX", "TYPE_CODE": "AD", "SERVCITY": "BUDA", "ELEVATION": 983, "LATITUDE": "30-04-39.7630N", "LONGITUDE": "097-57-56.0260W"}}, {"type": "Feature", "geometry": {"type": "Point", "coordinates": [-95.33959044752345, 32.13404734067717]}, "properties": {"NAME": "French Fld", "IDENT": "0XS9", "TYPE_CODE": "AD", "SERVCITY": "BULLARD", "ELEVATION": 540, "LATITUDE": "32-08-02.5500N", "LONGITUDE": "095-20-22.5000W"}}, {"type": "Feature", "geometry": {"type": "Point", "coordinates": [-96.63414597459055, 30.587150875009684]}, "properties": {"NAME": "Weber Ranch", "IDENT": "7TA5", "TYPE_CODE": "AD", "SERVCITY": "CALDWELL", "ELEVATION": 350, "LATITUDE": "30-35-13.7240N", "LONGITUDE": "096-38-02.8990W"}}, {"type": "Feature", "geometry": {"type": "Point", "coordinates": [-99.39667459740146, 27.879449132490333]}, "properties": {"NAME": "Callaghan Ranch", "IDENT": "90TX", "TYPE_CODE": "AD", "SERVCITY": "CALLAGHAN", "ELEVATION": 635, "LATITUDE": "27-52-46.0000N", "LONGITUDE": "099-23-48.0000W"}}, {"type": "Feature", "geometry": {"type": "Point", "coordinates": [-98.362796864682, 28.39694537929104]}, "properties": {"NAME": "Paisano Ranch", "IDENT": "91TX", "TYPE_CODE": "AD", "SERVCITY": "CALLIHAM", "ELEVATION": 235, "LATITUDE": "28-23-48.9860N", "LONGITUDE": "098-21-46.0410W"}}, {"type": "Feature", "geometry": {"type": "Point", "coordinates": [-96.97221996336482, 30.879008141949377]}, "properties": {"NAME": "Cameron Muni Airpark", "IDENT": "T35", "TYPE_CODE": "AD", "SERVCITY": "CAMERON", "ELEVATION": 402, "LATITUDE": "30-52-44.4100N", "LONGITUDE": "096-58-19.9650W"}}, {"type": "Feature", "geometry": {"type": "Point", "coordinates": [-95.92997399025168, 33.10706555876395]}, "properties": {"NAME": "Glenmar", "IDENT": "TS11", "TYPE_CODE": "AD", "SERVCITY": "CAMPBELL", "ELEVATION": 531, "LATITUDE": "33-06-25.4150N", "LONGITUDE": "095-55-47.8800W"}}, {"type": "Feature", "geometry": {"type": "Point", "coordinates": [-98.34372159731373, 28.777916011245324]}, "properties": {"NAME": "Arrow 'S' Ranch", "IDENT": "TE26", "TYPE_CODE": "AD", "SERVCITY": "CAMBELLTON", "ELEVATION": 275, "LATITUDE": "28-46-40.4800N", "LONGITUDE": "098-20-37.3700W"}}, {"type": "Feature", "geometry": {"type": "Point", "coordinates": [-98.38312438122695, 28.685388213499095]}, "properties": {"NAME": "74 Ranch", "IDENT": "0XA5", "TYPE_CODE": "AD", "SERVCITY": "CAMPBELLTON", "ELEVATION": 316.6, "LATITUDE": "28-41-07.3800N", "LONGITUDE": "098-22-59.2200W"}}, {"type": "Feature", "geometry": {"type": "Point", "coordinates": [-99.97451647279306, 29.568705000745023]}, "properties": {"NAME": "Fossil Creek Ranch", "IDENT": "TE78", "TYPE_CODE": "AD", "SERVCITY": "CAMP WOOD", "ELEVATION": 1325, "LATITUDE": "29-34-07.3200N", "LONGITUDE": "099-58-28.2300W"}}, {"type": "Feature", "geometry": {"type": "Point", "coordinates": [-100.40389753039774, 35.89511722765963]}, "properties": {"NAME": "Hemphill County", "IDENT": "HHF", "TYPE_CODE": "AD", "SERVCITY": "CANADIAN", "ELEVATION": 2396.4, "LATITUDE": "35-53-42.4000N", "LONGITUDE": "100-24-14.0000W"}}, {"type": "Feature", "geometry": {"type": "Point", "coordinates": [-100.28500859675917, 35.702506090863764]}, "properties": {"NAME": "Split B Ranch", "IDENT": "TE04", "TYPE_CODE": "AD", "SERVCITY": "CANADIAN", "ELEVATION": 2580, "LATITUDE": "35-42-09.0000N", "LONGITUDE": "100-17-06.0000W"}}, {"type": "Feature", "geometry": {"type": "Point", "coordinates": [-100.32389749203253, 35.66250608207301]}, "properties": {"NAME": "En Gedi Ranch", "IDENT": "XA96", "TYPE_CODE": "AD", "SERVCITY": "CANADIAN", "ELEVATION": 2800, "LATITUDE": "35-39-45.0000N", "LONGITUDE": "100-19-26.0000W"}}, {"type": "Feature", "geometry": {"type": "Point", "coordinates": [-104.6825092627893, 30.149449379979835]}, "properties": {"NAME": "Candelaria", "IDENT": "XA95", "TYPE_CODE": "AD", "SERVCITY": "CANDELARIA", "ELEVATION": 2913, "LATITUDE": "30-08-58.0000N", "LONGITUDE": "104-40-57.0000W"}}, {"type": "Feature", "geometry": {"type": "Point", "coordinates": [-99.82364694754067, 28.522254802733908]}, "properties": {"NAME": "Dimmit County", "IDENT": "CZT", "TYPE_CODE": "AD", "SERVCITY": "CARRIZO SPRINGS", "ELEVATION": 598.1, "LATITUDE": "28-31-20.1000N", "LONGITUDE": "099-49-25.1000W"}}, {"type": "Feature", "geometry": {"type": "Point", "coordinates": [-94.29881240301688, 32.17608905682942]}, "properties": {"NAME": "Panola County-Sharpe Fld", "IDENT": "4F2", "TYPE_CODE": "AD", "SERVCITY": "CARTHAGE", "ELEVATION": 248, "LATITUDE": "32-10-33.9000N", "LONGITUDE": "094-17-55.7000W"}}, {"type": "Feature", "geometry": {"type": "Point", "coordinates": [-98.85123007890095, 29.342393884328665]}, "properties": {"NAME": "Castroville Muni", "IDENT": "CVB", "TYPE_CODE": "AD", "SERVCITY": "CASTROVILLE", "ELEVATION": 773.9, "LATITUDE": "29-20-32.6000N", "LONGITUDE": "098-51-04.4000W"}}, {"type": "Feature", "geometry": {"type": "Point", "coordinates": [-98.88753564633596, 29.40023833843747]}, "properties": {"NAME": "Weiblen", "IDENT": "TE13", "TYPE_CODE": "AD", "SERVCITY": "CASTROVILLE", "ELEVATION": 830, "LATITUDE": "29-24-00.8400N", "LONGITUDE": "098-53-15.1000W"}}, {"type": "Feature", "geometry": {"type": "Point", "coordinates": [-98.92531453871167, 29.266908311024906]}, "properties": {"NAME": "T-Ranch", "IDENT": "XS86", "TYPE_CODE": "AD", "SERVCITY": "CASTROVILLE", "ELEVATION": 880, "LATITUDE": "29-16-00.8520N", "LONGITUDE": "098-55-31.1040W"}}, {"type": "Feature", "geometry": {"type": "Point", "coordinates": [-99.56699548772171, 28.300276434001596]}, "properties": {"NAME": "Briggs Ranch", "IDENT": "99TX", "TYPE_CODE": "AD", "SERVCITY": "CATARINA", "ELEVATION": 520, "LATITUDE": "28-18-00.9780N", "LONGITUDE": "099-34-01.1550W"}}, {"type": "Feature", "geometry": {"type": "Point", "coordinates": [-99.81700471315, 28.25027724946908]}, "properties": {"NAME": "Briscoes Catarina Ranch", "IDENT": "1TE1", "TYPE_CODE": "AD", "SERVCITY": "CATARINA", "ELEVATION": 650, "LATITUDE": "28-15-00.9810N", "LONGITUDE": "099-49-01.1880W"}}, {"type": "Feature", "geometry": {"type": "Point", "coordinates": [-99.59921882672487, 28.25444503495196]}, "properties": {"NAME": "Harrison Piloncillo Ranch", "IDENT": "TE27", "TYPE_CODE": "AD", "SERVCITY": "CATARINA", "ELEVATION": 520, "LATITUDE": "28-15-15.9850N", "LONGITUDE": "099-35-57.1590W"}}, {"type": "Feature", "geometry": {"type": "Point", "coordinates": [-99.55866271164841, 28.400272009011722]}, "properties": {"NAME": "Diamond H Ranch", "IDENT": "0XS0", "TYPE_CODE": "AD", "SERVCITY": "CATARINA", "ELEVATION": 511, "LATITUDE": "28-24-00.9620N", "LONGITUDE": "099-33-31.1570W"}}, {"type": "Feature", "geometry": {"type": "Point", "coordinates": [-100.28800850047027, 34.43378365275588]}, "properties": {"NAME": "Childress Muni", "IDENT": "CDS", "TYPE_CODE": "AD", "SERVCITY": "CHILDRESS", "ELEVATION": 1953.8, "LATITUDE": "34-26-01.6000N", "LONGITUDE": "100-17-16.8000W"}}, {"type": "Feature", "geometry": {"type": "Point", "coordinates": [-97.36889649715349, 31.732227735869486]}, "properties": {"NAME": "Pocock", "IDENT": "04TX", "TYPE_CODE": "AD", "SERVCITY": "CHINA SPRING", "ELEVATION": 565, "LATITUDE": "31-43-56.0000N", "LONGITUDE": "097-22-08.0000W"}}, {"type": "Feature", "geometry": {"type": "Point", "coordinates": [-97.36256315961097, 31.67856105983338]}, "properties": {"NAME": "Wildcat Canyon", "IDENT": "3T8", "TYPE_CODE": "AD", "SERVCITY": "CHINA SPRING", "ELEVATION": 660, "LATITUDE": "31-40-42.8000N", "LONGITUDE": "097-21-45.2000W"}}, {"type": "Feature", "geometry": {"type": "Point", "coordinates": [-96.37873797747342, 32.83528909868797]}, "properties": {"NAME": "Klutts Fld", "IDENT": "20XS", "TYPE_CODE": "AD", "SERVCITY": "CHISHOLM", "ELEVATION": 495, "LATITUDE": "32-50-07.0200N", "LONGITUDE": "096-22-43.4300W"}}, {"type": "Feature", "geometry": {"type": "Point", "coordinates": [-98.99684138466377, 32.41503335235965]}, "properties": {"NAME": "Cisco Muni", "IDENT": "3F2", "TYPE_CODE": "AD", "SERVCITY": "CISCO", "ELEVATION": 1621, "LATITUDE": "32-24-54.1000N", "LONGITUDE": "098-59-48.6000W"}}, {"type": "Feature", "geometry": {"type": "Point", "coordinates": [-98.98794415477461, 32.319363890092866]}, "properties": {"NAME": "Spring Ranch", "IDENT": "48XA", "TYPE_CODE": "AD", "SERVCITY": "CISCO", "ELEVATION": 1652, "LATITUDE": "32-19-09.6900N", "LONGITUDE": "098-59-16.5700W"}}, {"type": "Feature", "geometry": {"type": "Point", "coordinates": [-98.13365614836991, 32.022373593709226]}, "properties": {"NAME": "J F Ranch", "IDENT": "62XS", "TYPE_CODE": "AD", "SERVCITY": "CLAIRETTE", "ELEVATION": 1220, "LATITUDE": "32-01-20.5250N", "LONGITUDE": "098-08-01.1340W"}}, {"type": "Feature", "geometry": {"type": "Point", "coordinates": [-100.86936978764682, 34.91150592692383]}, "properties": {"NAME": "Smiley Johnson Muni/Bass Fld", "IDENT": "E34", "TYPE_CODE": "AD", "SERVCITY": "CLARENDON", "ELEVATION": 2832.9, "LATITUDE": "34-54-41.4000N", "LONGITUDE": "100-52-09.7000W"}}, {"type": "Feature", "geometry": {"type": "Point", "coordinates": [-95.06415435200098, 33.59264624521302]}, "properties": {"NAME": "Clarksville/Red River Cty-J D Trissell Fld", "IDENT": "LBR", "TYPE_CODE": "AD", "SERVCITY": "CLARKSVILLE", "ELEVATION": 440, "LATITUDE": "33-35-33.5050N", "LONGITUDE": "095-03-50.9300W"}}, {"type": "Feature", "geometry": {"type": "Point", "coordinates": [-97.43375765974069, 32.353755629508804]}, "properties": {"NAME": "Cleburne Rgnl", "IDENT": "CPT", "TYPE_CODE": "AD", "SERVCITY": "CLEBURNE", "ELEVATION": 854.2, "LATITUDE": "32-21-13.5000N", "LONGITUDE": "097-26-01.5000W"}}, {"type": "Feature", "geometry": {"type": "Point", "coordinates": [-97.3872470953328, 32.40959175302564]}, "properties": {"NAME": "Blackwood Airpark", "IDENT": "TX46", "TYPE_CODE": "AD", "SERVCITY": "CLEBURNE", "ELEVATION": 820, "LATITUDE": "32-24-34.5100N", "LONGITUDE": "097-23-14.0620W"}}, {"type": "Feature", "geometry": {"type": "Point", "coordinates": [-95.008034715701, 30.356449775341186]}, "properties": {"NAME": "Cleveland Muni", "IDENT": "6R3", "TYPE_CODE": "AD", "SERVCITY": "CLEVELAND", "ELEVATION": 150.1, "LATITUDE": "30-21-23.2000N", "LONGITUDE": "095-00-28.9000W"}}, {"type": "Feature", "geometry": {"type": "Point", "coordinates": [-95.18633282062758, 30.441877009347696]}, "properties": {"NAME": "Bass Breeze Ranch", "IDENT": "0TS5", "TYPE_CODE": "AD", "SERVCITY": "CLEVELAND", "ELEVATION": 230, "LATITUDE": "30-26-30.7380N", "LONGITUDE": "095-11-10.7730W"}}, {"type": "Feature", "geometry": {"type": "Point", "coordinates": [-95.0272916626153, 30.312963654806385]}, "properties": {"NAME": "Cavok Airpark", "IDENT": "06TE", "TYPE_CODE": "AD", "SERVCITY": "CLEVELAND", "ELEVATION": 132, "LATITUDE": "30-18-46.6500N", "LONGITUDE": "095-01-38.2250W"}}, {"type": "Feature", "geometry": {"type": "Point", "coordinates": [-97.56957710713652, 31.817138854980737]}, "properties": {"NAME": "Clifton Muni/Isenhower Fld", "IDENT": "7F7", "TYPE_CODE": "AD", "SERVCITY": "CLIFTON", "ELEVATION": 760, "LATITUDE": "31-49-01.6800N", "LONGITUDE": "097-34-10.4500W"}}, {"type": "Feature", "geometry": {"type": "Point", "coordinates": [-97.7188965903038, 31.83222774077731]}, "properties": {"NAME": "Talley", "IDENT": "TX48", "TYPE_CODE": "AD", "SERVCITY": "CLIFTON", "ELEVATION": 880, "LATITUDE": "31-49-56.0000N", "LONGITUDE": "097-43-08.0000W"}}, {"type": "Feature", "geometry": {"type": "Point", "coordinates": [-99.49861927591269, 32.253616634129465]}, "properties": {"NAME": "Owen Fld", "IDENT": "4XA3", "TYPE_CODE": "AD", "SERVCITY": "CLYDE", "ELEVATION": 1971, "LATITUDE": "32-15-13.0000N", "LONGITUDE": "099-29-55.0000W"}}, {"type": "Feature", "geometry": {"type": "Point", "coordinates": [-99.40361922874271, 31.841144340111715]}, "properties": {"NAME": "Coleman Muni", "IDENT": "COM", "TYPE_CODE": "AD", "SERVCITY": "COLEMAN", "ELEVATION": 1696.8, "LATITUDE": "31-50-28.1000N", "LONGITUDE": "099-24-13.0000W"}}, {"type": "Feature", "geometry": {"type": "Point", "coordinates": [-96.36255173892249, 30.588047218145626]}, "properties": {"NAME": "Easterwood Fld", "IDENT": "CLL", "TYPE_CODE": "AD", "SERVCITY": "COLLEGE STATION", "ELEVATION": 320.6, "LATITUDE": "30-35-16.9508N", "LONGITUDE": "096-21-45.1600W"}}, {"type": "Feature", "geometry": {"type": "Point", "coordinates": [-98.94031984935644, 29.929110384628395]}, "properties": {"NAME": "Comfort Airpark", "IDENT": "17TE", "TYPE_CODE": "AD", "SERVCITY": "COMFORT", "ELEVATION": 1470, "LATITUDE": "29-55-44.7790N", "LONGITUDE": "098-56-25.1230W"}}, {"type": "Feature", "geometry": {"type": "Point", "coordinates": [-98.93464679501106, 29.972560671246192]}, "properties": {"NAME": "Scout", "IDENT": "XS80", "TYPE_CODE": "AD", "SERVCITY": "COMFORT", "ELEVATION": 1497, "LATITUDE": "29-58-21.2000N", "LONGITUDE": "098-56-04.7000W"}}, {"type": "Feature", "geometry": {"type": "Point", "coordinates": [-95.89642399311762, 33.29286698453147]}, "properties": {"NAME": "Commerce Muni", "IDENT": "2F7", "TYPE_CODE": "AD", "SERVCITY": "COMMERCE", "ELEVATION": 515.5, "LATITUDE": "33-17-34.3000N", "LONGITUDE": "095-53-47.1000W"}}, {"type": "Feature", "geometry": {"type": "Point", "coordinates": [-101.16177954014263, 29.69299609361751]}, "properties": {"NAME": "Robertson Ranch", "IDENT": "0TE0", "TYPE_CODE": "AD", "SERVCITY": "COMSTOCK", "ELEVATION": 1663, "LATITUDE": "29-41-34.7680N", "LONGITUDE": "101-09-42.3760W"}}, {"type": "Feature", "geometry": {"type": "Point", "coordinates": [-101.23425845768999, 29.93428280316482]}, "properties": {"NAME": "Nix River Ranch Strip", "IDENT": "TX07", "TYPE_CODE": "AD", "SERVCITY": "COMSTOCK", "ELEVATION": 1820, "LATITUDE": "29-56-03.4000N", "LONGITUDE": "101-14-03.3000W"}}, {"type": "Feature", "geometry": {"type": "Point", "coordinates": [-95.53975707585295, 30.390824763385844]}, "properties": {"NAME": "Flying Hare Fld", "IDENT": "34XS", "TYPE_CODE": "AD", "SERVCITY": "CONROE", "ELEVATION": 225, "LATITUDE": "30-23-26.9500N", "LONGITUDE": "095-32-23.1000W"}}, {"type": "Feature", "geometry": {"type": "Point", "coordinates": [-95.35985703040242, 30.404371995551475]}, "properties": {"NAME": "Outlaw Flyers", "IDENT": "16XS", "TYPE_CODE": "AD", "SERVCITY": "CONROE", "ELEVATION": 270, "LATITUDE": "30-24-15.7200N", "LONGITUDE": "095-21-35.4600W"}}, {"type": "Feature", "geometry": {"type": "Point", "coordinates": [-101.41103660823211, 35.214478171445826]}, "properties": {"NAME": "Eagles Aerodrome", "IDENT": "55T", "TYPE_CODE": "AD", "SERVCITY": "CONWAY", "ELEVATION": 3475, "LATITUDE": "35-12-52.1000N", "LONGITUDE": "101-24-39.7000W"}}, {"type": "Feature", "geometry": {"type": "Point", "coordinates": [-94.85445137572344, 31.047505476808432]}, "properties": {"NAME": "Anderosa Airpark", "IDENT": "TA43", "TYPE_CODE": "AD", "SERVCITY": "CORRIGAN", "ELEVATION": 205, "LATITUDE": "31-02-51.0000N", "LONGITUDE": "094-51-16.0000W"}}, {"type": "Feature", "geometry": {"type": "Point", "coordinates": [-96.32943098273194, 32.200154813149176]}, "properties": {"NAME": "Smith", "IDENT": "TX51", "TYPE_CODE": "AD", "SERVCITY": "CORSICANA", "ELEVATION": 405, "LATITUDE": "32-12-00.5370N", "LONGITUDE": "096-19-45.9250W"}}, {"type": "Feature", "geometry": {"type": "Point", "coordinates": [-96.35667403900794, 32.08256117834093]}, "properties": {"NAME": "Jtj Ranch", "IDENT": "6TX6", "TYPE_CODE": "AD", "SERVCITY": "CORSICANA", "ELEVATION": 350, "LATITUDE": "32-04-57.2000N", "LONGITUDE": "096-21-24.0000W"}}, {"type": "Feature", "geometry": {"type": "Point", "coordinates": [-96.52064630557433, 32.13389451452857]}, "properties": {"NAME": "Coyote Fld", "IDENT": "4XS1", "TYPE_CODE": "AD", "SERVCITY": "CORSICANA", "ELEVATION": 430, "LATITUDE": "32-08-02.0000N", "LONGITUDE": "096-31-14.3000W"}}, {"type": "Feature", "geometry": {"type": "Point", "coordinates": [-96.43859906624519, 32.195708418800294]}, "properties": {"NAME": "The Homestead", "IDENT": "90TE", "TYPE_CODE": "AD", "SERVCITY": "CORSICANA", "ELEVATION": 398, "LATITUDE": "32-11-44.5300N", "LONGITUDE": "096-26-18.9300W"}}, {"type": "Feature", "geometry": {"type": "Point", "coordinates": [-96.40059071311232, 32.02806116602166]}, "properties": {"NAME": "C David Campbell Fld-Corsicana Muni", "IDENT": "CRS", "TYPE_CODE": "AD", "SERVCITY": "CORSICANA", "ELEVATION": 448.6, "LATITUDE": "32-01-41.0000N", "LONGITUDE": "096-24-02.1000W"}}, {"type": "Feature", "geometry": {"type": "Point", "coordinates": [-96.53165963593803, 32.03765977353613]}, "properties": {"NAME": "Anxiety Aerodrome", "IDENT": "TA05", "TYPE_CODE": "AD", "SERVCITY": "CORSICANA", "ELEVATION": 430, "LATITUDE": "32-02-15.5550N", "LONGITUDE": "096-31-53.9480W"}}, {"type": "Feature", "geometry": {"type": "Point", "coordinates": [-99.21723013102124, 28.455727030589397]}, "properties": {"NAME": "Cotulla-La Salle County", "IDENT": "COT", "TYPE_CODE": "AD", "SERVCITY": "COTULLA", "ELEVATION": 474.3, "LATITUDE": "28-27-20.6000N", "LONGITUDE": "099-13-02.0000W"}}, {"type": "Feature", "geometry": {"type": "Point", "coordinates": [-98.89003031808988, 28.169732261628884]}, "properties": {"NAME": "Morris Ranch", "IDENT": "79TA", "TYPE_CODE": "AD", "SERVCITY": "COTULLA", "ELEVATION": 346, "LATITUDE": "28-10-11.0190N", "LONGITUDE": "098-53-24.0810W"}}, {"type": "Feature", "geometry": {"type": "Point", "coordinates": [-99.13448065708174, 28.205839761449973]}, "properties": {"NAME": "Uno Mas Ranch", "IDENT": "5TS1", "TYPE_CODE": "AD", "SERVCITY": "COTULLA", "ELEVATION": 380, "LATITUDE": "28-12-21.0060N", "LONGITUDE": "099-08-04.1020W"}}, {"type": "Feature", "geometry": {"type": "Point", "coordinates": [-98.85975142002287, 28.126123364800858]}, "properties": {"NAME": "Gould Strip", "IDENT": "46TA", "TYPE_CODE": "AD", "SERVCITY": "COTULLA", "ELEVATION": 287, "LATITUDE": "28-07-34.0270N", "LONGITUDE": "098-51-35.0770W"}}, {"type": "Feature", "geometry": {"type": "Point", "coordinates": [-99.46269129621983, 28.319504774010348]}, "properties": {"NAME": "Rancho Encantado", "IDENT": "TA58", "TYPE_CODE": "AD", "SERVCITY": "COTULLA", "ELEVATION": 550, "LATITUDE": "28-19-10.2000N", "LONGITUDE": "099-27-45.6600W"}}, {"type": "Feature", "geometry": {"type": "Point", "coordinates": [-98.90584115346503, 28.13097142038805]}, "properties": {"NAME": "Ghost Apache", "IDENT": "45XS", "TYPE_CODE": "AD", "SERVCITY": "COTULLA", "ELEVATION": 330, "LATITUDE": "28-07-51.4800N", "LONGITUDE": "098-54-21.0000W"}}, {"type": "Feature", "geometry": {"type": "Point", "coordinates": [-99.09553564574193, 28.15761586400556]}, "properties": {"NAME": "Los Cuernos Ranch", "IDENT": "XA08", "TYPE_CODE": "AD", "SERVCITY": "COTULLA", "ELEVATION": 340, "LATITUDE": "28-09-27.4000N", "LONGITUDE": "099-05-43.9000W"}}, {"type": "Feature", "geometry": {"type": "Point", "coordinates": [-95.29606095572107, 31.458518598226544]}, "properties": {"NAME": "Last Resort", "IDENT": "1TA4", "TYPE_CODE": "AD", "SERVCITY": "CROCKETT", "ELEVATION": 420, "LATITUDE": "31-27-30.6470N", "LONGITUDE": "095-17-45.7940W"}}, {"type": "Feature", "geometry": {"type": "Point", "coordinates": [-95.0464902612926, 29.93828441157807]}, "properties": {"NAME": "Dunham Fld", "IDENT": "1XS1", "TYPE_CODE": "AD", "SERVCITY": "CROSBY", "ELEVATION": 60, "LATITUDE": "29-56-17.8050N", "LONGITUDE": "095-02-47.3400W"}}, {"type": "Feature", "geometry": {"type": "Point", "coordinates": [-94.98965635472621, 29.873005511125395]}, "properties": {"NAME": "Rogers", "IDENT": "9TA3", "TYPE_CODE": "AD", "SERVCITY": "CROSBY", "ELEVATION": 38, "LATITUDE": "29-52-22.8010N", "LONGITUDE": "094-59-22.7380W"}}, {"type": "Feature", "geometry": {"type": "Point", "coordinates": [-101.24086978382579, 33.6238390212469]}, "properties": {"NAME": "Crosbyton Muni", "IDENT": "8F3", "TYPE_CODE": "AD", "SERVCITY": "CROSBYTON", "ELEVATION": 3018.1, "LATITUDE": "33-37-25.8000N", "LONGITUDE": "101-14-27.1000W"}}, {"type": "Feature", "geometry": {"type": "Point", "coordinates": [-99.81767473124312, 28.69756039324886]}, "properties": {"NAME": "Crystal City Muni", "IDENT": "20R", "TYPE_CODE": "AD", "SERVCITY": "CRYSTAL CITY", "ELEVATION": 608, "LATITUDE": "28-41-51.2000N", "LONGITUDE": "099-49-03.6000W"}}, {"type": "Feature", "geometry": {"type": "Point", "coordinates": [-94.62742207742971, 29.465515161028854]}, "properties": {"NAME": "Seafood Warehouse Park", "IDENT": "XS77", "TYPE_CODE": "AD", "SERVCITY": "CRYSTAL BEACH", "ELEVATION": 9, "LATITUDE": "29-27-55.8360N", "LONGITUDE": "094-37-38.6950W"}}, {"type": "Feature", "geometry": {"type": "Point", "coordinates": [-100.08284896395547, 28.766925398248837]}, "properties": {"NAME": "Flying G", "IDENT": "TA34", "TYPE_CODE": "AD", "SERVCITY": "CRYSTAL CITY", "ELEVATION": 675, "LATITUDE": "28-46-00.9140N", "LONGITUDE": "100-04-58.2270W"}}, {"type": "Feature", "geometry": {"type": "Point", "coordinates": [-100.00729033237235, 28.708594000326745]}, "properties": {"NAME": "Chacon Creek Ranch", "IDENT": "3TA9", "TYPE_CODE": "AD", "SERVCITY": "CRYSTAL CITY", "ELEVATION": 595, "LATITUDE": "28-42-30.9210N", "LONGITUDE": "100-00-26.2160W"}}, {"type": "Feature", "geometry": {"type": "Point", "coordinates": [-96.86878531469515, 32.68131127147284]}, "properties": {"NAME": "Dallas Exec", "IDENT": "RBD", "TYPE_CODE": "AD", "SERVCITY": "DALLAS", "ELEVATION": 660.5, "LATITUDE": "32-40-52.7000N", "LONGITUDE": "096-52-07.6000W"}}, {"type": "Feature", "geometry": {"type": "Point", "coordinates": [-96.83646060189467, 32.96855993812413]}, "properties": {"NAME": "Addison", "IDENT": "ADS", "TYPE_CODE": "AD", "SERVCITY": "DALLAS", "ELEVATION": 644.2, "LATITUDE": "32-58-06.7950N", "LONGITUDE": "096-50-11.2310W"}}, {"type": "Feature", "geometry": {"type": "Point", "coordinates": [-95.66467372812723, 29.358855104874205]}, "properties": {"NAME": "Prairie Aire Fld", "IDENT": "4TA0", "TYPE_CODE": "AD", "SERVCITY": "DAMON", "ELEVATION": 65, "LATITUDE": "29-21-31.8600N", "LONGITUDE": "095-39-52.8000W"}}, {"type": "Feature", "geometry": {"type": "Point", "coordinates": [-95.70467707013954, 29.331082041853126]}, "properties": {"NAME": "H & S Airfield", "IDENT": "XS21", "TYPE_CODE": "AD", "SERVCITY": "DAMON", "ELEVATION": 100, "LATITUDE": "29-19-51.8770N", "LONGITUDE": "095-42-16.8120W"}}, {"type": "Feature", "geometry": {"type": "Point", "coordinates": [-95.35929725823334, 29.291849545070885]}, "properties": {"NAME": "Garrett Ranch", "IDENT": "77XS", "TYPE_CODE": "AD", "SERVCITY": "DANBURY", "ELEVATION": 30, "LATITUDE": "29-17-30.6400N", "LONGITUDE": "095-21-33.4450W"}}, {"type": "Feature", "geometry": {"type": "Point", "coordinates": [-95.31088752081838, 29.22042730987532]}, "properties": {"NAME": "Knape", "IDENT": "2XA2", "TYPE_CODE": "AD", "SERVCITY": "DANBURY", "ELEVATION": 20, "LATITUDE": "29-13-13.5200N", "LONGITUDE": "095-18-39.1700W"}}, {"type": "Feature", "geometry": {"type": "Point", "coordinates": [-96.26219442201267, 29.053038911673458]}, "properties": {"NAME": "Smith Aviation Inc", "IDENT": "78XS", "TYPE_CODE": "AD", "SERVCITY": "DANEVANG", "ELEVATION": 75, "LATITUDE": "29-03-10.9220N", "LONGITUDE": "096-15-43.8740W"}}, {"type": "Feature", "geometry": {"type": "Point", "coordinates": [-100.34320199997805, 36.379484811277784]}, "properties": {"NAME": "Duke Ranch", "IDENT": "TX38", "TYPE_CODE": "AD", "SERVCITY": "DARROUZETT", "ELEVATION": 2705, "LATITUDE": "36-22-46.1230N", "LONGITUDE": "100-20-35.4960W"}}, {"type": "Feature", "geometry": {"type": "Point", "coordinates": [-97.27389336855303, 30.808528394797733]}, "properties": {"NAME": "Isbell Ranch", "IDENT": "14XS", "TYPE_CODE": "AD", "SERVCITY": "DAVILLA", "ELEVATION": 430, "LATITUDE": "30-48-30.6830N", "LONGITUDE": "097-16-25.9890W"}}, {"type": "Feature", "geometry": {"type": "Point", "coordinates": [-96.67834078056042, 31.974172255324856]}, "properties": {"NAME": "Knapp Pecan Orchard Airpark", "IDENT": "5TS3", "TYPE_CODE": "AD", "SERVCITY": "DAWSON", "ELEVATION": 450, "LATITUDE": "31-58-27.0000N", "LONGITUDE": "096-40-42.0000W"}}, {"type": "Feature", "geometry": {"type": "Point", "coordinates": [-94.90437605930454, 29.951613030187165]}, "properties": {"NAME": "Gum Island", "IDENT": "3TE1", "TYPE_CODE": "AD", "SERVCITY": "DAYTON", "ELEVATION": 53, "LATITUDE": "29-57-05.7880N", "LONGITUDE": "094-54-15.7290W"}}, {"type": "Feature", "geometry": {"type": "Point", "coordinates": [-94.96687774392574, 30.007167483436472]}, "properties": {"NAME": "Jet Ag Inc", "IDENT": "TA07", "TYPE_CODE": "AD", "SERVCITY": "DAYTON", "ELEVATION": 70, "LATITUDE": "30-00-25.7840N", "LONGITUDE": "094-58-00.7350W"}}, {"type": "Feature", "geometry": {"type": "Point", "coordinates": [-94.97806247214048, 30.05833860453338]}, "properties": {"NAME": "West Liberty", "IDENT": "TS35", "TYPE_CODE": "AD", "SERVCITY": "DAYTON", "ELEVATION": 80, "LATITUDE": "30-03-30.0000N", "LONGITUDE": "094-58-41.0000W"}}, {"type": "Feature", "geometry": {"type": "Point", "coordinates": [-105.19179280937698, 31.947627443317412]}, "properties": {"NAME": "Dell City Muni", "IDENT": "2E5", "TYPE_CODE": "AD", "SERVCITY": "DELL CITY", "ELEVATION": 3703, "LATITUDE": "31-56-51.4400N", "LONGITUDE": "105-11-30.4200W"}}, {"type": "Feature", "geometry": {"type": "Point", "coordinates": [-100.73870970527511, 29.422734946395018]}, "properties": {"NAME": "Bertani Ranch", "IDENT": "23TS", "TYPE_CODE": "AD", "SERVCITY": "DEL RIO", "ELEVATION": 1110, "LATITUDE": "29-25-21.8280N", "LONGITUDE": "100-44-19.3250W"}}, {"type": "Feature", "geometry": {"type": "Point", "coordinates": [-100.87927225580727, 29.79382723363004]}, "properties": {"NAME": "Morning Star Ranch", "IDENT": "TA81", "TYPE_CODE": "AD", "SERVCITY": "DEL RIO", "ELEVATION": 1500, "LATITUDE": "29-47-37.7600N", "LONGITUDE": "100-52-45.3500W"}}, {"type": "Feature", "geometry": {"type": "Point", "coordinates": [-100.67315386215199, 29.544120249718148]}, "properties": {"NAME": "Lewis Private", "IDENT": "4TE2", "TYPE_CODE": "AD", "SERVCITY": "DEL RIO", "ELEVATION": 1379, "LATITUDE": "29-32-38.8150N", "LONGITUDE": "100-40-23.3240W"}}, {"type": "Feature", "geometry": {"type": "Point", "coordinates": [-100.96510866272473, 29.740775554585902]}, "properties": {"NAME": "Devil's River Ranch", "IDENT": "4TE7", "TYPE_CODE": "AD", "SERVCITY": "DEL RIO", "ELEVATION": 1680, "LATITUDE": "29-44-26.7740N", "LONGITUDE": "100-57-54.3610W"}}, {"type": "Feature", "geometry": {"type": "Point", "coordinates": [-100.91288726964879, 29.91743503365154]}, "properties": {"NAME": "Rnk Ranch", "IDENT": "8TS8", "TYPE_CODE": "AD", "SERVCITY": "DEL RIO", "ELEVATION": 1945, "LATITUDE": "29-55-02.7480N", "LONGITUDE": "100-54-46.3640W"}}, {"type": "Feature", "geometry": {"type": "Point", "coordinates": [-100.68709721720337, 29.945477269085863]}, "properties": {"NAME": "Bar C Ranch", "IDENT": "54XS", "TYPE_CODE": "AD", "SERVCITY": "DEL RIO", "ELEVATION": 1856, "LATITUDE": "29-56-43.7000N", "LONGITUDE": "100-41-13.5200W"}}, {"type": "Feature", "geometry": {"type": "Point", "coordinates": [-100.97815561428716, 29.835771682972354]}, "properties": {"NAME": "Rio Vista Ranch", "IDENT": "TS04", "TYPE_CODE": "AD", "SERVCITY": "DEL RIO", "ELEVATION": 1774, "LATITUDE": "29-50-08.7600N", "LONGITUDE": "100-58-41.3300W"}}, {"type": "Feature", "geometry": {"type": "Point", "coordinates": [-100.77793082277287, 29.359403544009457]}, "properties": {"NAME": "Laughlin AFB", "IDENT": "DLF", "TYPE_CODE": "AD", "SERVCITY": "DEL RIO", "ELEVATION": 1081.7, "LATITUDE": "29-21-33.8350N", "LONGITUDE": "100-46-40.5210W"}}, {"type": "Feature", "geometry": {"type": "Point", "coordinates": [-100.92716530292506, 29.374211874691195]}, "properties": {"NAME": "Del Rio Intl", "IDENT": "DRT", "TYPE_CODE": "AD", "SERVCITY": "DEL RIO", "ELEVATION": 1002.2, "LATITUDE": "29-22-27.1450N", "LONGITUDE": "100-55-37.7650W"}}, {"type": "Feature", "geometry": {"type": "Point", "coordinates": [-97.5927853618622, 30.167718257376695]}, "properties": {"NAME": "Del Valle", "IDENT": "TA55", "TYPE_CODE": "AD", "SERVCITY": "DEL VALLE", "ELEVATION": 460, "LATITUDE": "30-10-03.7670N", "LONGITUDE": "097-35-34.0000W"}}, {"type": "Feature", "geometry": {"type": "Point", "coordinates": [-99.28865487826143, 28.651095955984662]}, "properties": {"NAME": "Mc Donald Ranch", "IDENT": "5TS5", "TYPE_CODE": "AD", "SERVCITY": "DILLEY", "ELEVATION": 555, "LATITUDE": "28-39-03.9280N", "LONGITUDE": "099-17-19.1290W"}}, {"type": "Feature", "geometry": {"type": "Point", "coordinates": [-99.18909124445635, 28.685504854942224]}, "properties": {"NAME": "Dilley Airpark", "IDENT": "24R", "TYPE_CODE": "AD", "SERVCITY": "DILLEY", "ELEVATION": 542, "LATITUDE": "28-41-07.8000N", "LONGITUDE": "099-11-20.7000W"}}, {"type": "Feature", "geometry": {"type": "Point", "coordinates": [-99.18039957338233, 28.612907618869023]}, "properties": {"NAME": "Anderson Ranch", "IDENT": "6TA9", "TYPE_CODE": "AD", "SERVCITY": "DILLEY", "ELEVATION": 510, "LATITUDE": "28-36-46.4500N", "LONGITUDE": "099-10-49.4100W"}}, {"type": "Feature", "geometry": {"type": "Point", "coordinates": [-102.45417568277644, 34.40375576050419]}, "properties": {"NAME": "Ott Farms", "IDENT": "7TS8", "TYPE_CODE": "AD", "SERVCITY": "DIMMITT", "ELEVATION": 3817, "LATITUDE": "34-24-13.5000N", "LONGITUDE": "102-27-15.0000W"}}, {"type": "Feature", "geometry": {"type": "Point", "coordinates": [-102.3227037190212, 34.56674135030263]}, "properties": {"NAME": "Dimmitt Muni", "IDENT": "T55", "TYPE_CODE": "AD", "SERVCITY": "DIMMITT", "ELEVATION": 3883, "LATITUDE": "34-34-00.2480N", "LONGITUDE": "102-19-21.7010W"}}, {"type": "Feature", "geometry": {"type": "Point", "coordinates": [-96.680424652893, 33.53629552346814]}, "properties": {"NAME": "Txaerosport Aerodrome", "IDENT": "X65", "TYPE_CODE": "AD", "SERVCITY": "DORCHESTER", "ELEVATION": 855, "LATITUDE": "33-32-10.6427N", "LONGITUDE": "096-40-49.5016W"}}, {"type": "Feature", "geometry": {"type": "Point", "coordinates": [-98.17391162298351, 30.289373537201538]}, "properties": {"NAME": "Keyes Ranch", "IDENT": "14TX", "TYPE_CODE": "AD", "SERVCITY": "DRIPPING SPRINGS", "ELEVATION": 1150, "LATITUDE": "30-17-21.7260N", "LONGITUDE": "098-10-26.0540W"}}, {"type": "Feature", "geometry": {"type": "Point", "coordinates": [-98.14196522298836, 30.225209636856206]}, "properties": {"NAME": "Bleakley Ranch", "IDENT": "5TE2", "TYPE_CODE": "AD", "SERVCITY": "DRIPPING SPRINGS", "ELEVATION": 1384, "LATITUDE": "30-13-30.7360N", "LONGITUDE": "098-08-31.0470W"}}, {"type": "Feature", "geometry": {"type": "Point", "coordinates": [-98.11696549704709, 30.271874924863578]}, "properties": {"NAME": "Alexander Ranch", "IDENT": "5TE3", "TYPE_CODE": "AD", "SERVCITY": "DRIPPING SPRINGS", "ELEVATION": 1250, "LATITUDE": "30-16-18.7310N", "LONGITUDE": "098-07-01.0480W"}}, {"type": "Feature", "geometry": {"type": "Point", "coordinates": [-102.21317536008299, 30.04647723205615]}, "properties": {"NAME": "Terrell County", "IDENT": "6R6", "TYPE_CODE": "AD", "SERVCITY": "DRYDEN", "ELEVATION": 2323.4, "LATITUDE": "30-02-47.3000N", "LONGITUDE": "102-12-47.4000W"}}, {"type": "Feature", "geometry": {"type": "Point", "coordinates": [-98.43505789908356, 32.177768610258305]}, "properties": {"NAME": "Quahadi Ranch", "IDENT": "17XS", "TYPE_CODE": "AD", "SERVCITY": "DUBLIN", "ELEVATION": 1422, "LATITUDE": "32-10-39.9470N", "LONGITUDE": "098-26-06.1800W"}}, {"type": "Feature", "geometry": {"type": "Point", "coordinates": [-96.9072323237839, 33.57150365878333]}, "properties": {"NAME": "Sudden Stop", "IDENT": "T32", "TYPE_CODE": "AD", "SERVCITY": "COLLINSVILLE", "ELEVATION": 720, "LATITUDE": "33-34-17.3920N", "LONGITUDE": "096-54-26.0090W"}}, {"type": "Feature", "geometry": {"type": "Point", "coordinates": [-96.80028535323457, 33.58083922035802]}, "properties": {"NAME": "Flying S Ranch", "IDENT": "2XA4", "TYPE_CODE": "AD", "SERVCITY": "COLLINSVILLE", "ELEVATION": 730, "LATITUDE": "33-34-51.0000N", "LONGITUDE": "096-48-01.0000W"}}, {"type": "Feature", "geometry": {"type": "Point", "coordinates": [-100.72223068483645, 32.28762880947482]}, "properties": {"NAME": "Landers Ranch", "IDENT": "1TS8", "TYPE_CODE": "AD", "SERVCITY": "COLORADO CITY", "ELEVATION": 2275, "LATITUDE": "32-17-15.4440N", "LONGITUDE": "100-43-20.0000W"}}, {"type": "Feature", "geometry": {"type": "Point", "coordinates": [-100.92113074345308, 32.46843383310085]}, "properties": {"NAME": "Colorado City", "IDENT": "T88", "TYPE_CODE": "AD", "SERVCITY": "COLORADO CITY", "ELEVATION": 2214, "LATITUDE": "32-28-06.3420N", "LONGITUDE": "100-55-16.0400W"}}, {"type": "Feature", "geometry": {"type": "Point", "coordinates": [-96.59136286789193, 29.716199590504853]}, "properties": {"NAME": "River Fld", "IDENT": "TS27", "TYPE_CODE": "AD", "SERVCITY": "COLUMBUS", "ELEVATION": 220, "LATITUDE": "29-42-58.3000N", "LONGITUDE": "096-35-28.8800W"}}, {"type": "Feature", "geometry": {"type": "Point", "coordinates": [-96.51596284552343, 29.64151624500756]}, "properties": {"NAME": "Robert R Wells Jr", "IDENT": "66R", "TYPE_CODE": "AD", "SERVCITY": "COLUMBUS", "ELEVATION": 242, "LATITUDE": "29-38-29.4400N", "LONGITUDE": "096-30-57.4400W"}}, {"type": "Feature", "geometry": {"type": "Point", "coordinates": [-100.02394700206142, 28.676621493561967]}, "properties": {"NAME": "Loma De Cometa", "IDENT": "66TX", "TYPE_CODE": "AD", "SERVCITY": "COMETA", "ELEVATION": 615, "LATITUDE": "28-40-35.8200N", "LONGITUDE": "100-01-26.1800W"}}, {"type": "Feature", "geometry": {"type": "Point", "coordinates": [-98.59920236883326, 31.92031105523429]}, "properties": {"NAME": "Comanche County-City", "IDENT": "MKN", "TYPE_CODE": "AD", "SERVCITY": "COMANCHE", "ELEVATION": 1386.6000000000001, "LATITUDE": "31-55-13.1000N", "LONGITUDE": "098-35-57.1000W"}}, {"type": "Feature", "geometry": {"type": "Point", "coordinates": [-95.60357503416543, 33.37928201380625]}, "properties": {"NAME": "Oak Glen Ranch", "IDENT": "3TS9", "TYPE_CODE": "AD", "SERVCITY": "COOPER", "ELEVATION": 430, "LATITUDE": "33-22-45.3940N", "LONGITUDE": "095-36-12.8440W"}}, {"type": "Feature", "geometry": {"type": "Point", "coordinates": [-97.50242940522172, 27.772186388725764]}, "properties": {"NAME": "Corpus Christi Intl", "IDENT": "CRP", "TYPE_CODE": "AD", "SERVCITY": "CORPUS CHRISTI", "ELEVATION": 46.2, "LATITUDE": "27-46-19.8540N", "LONGITUDE": "097-30-08.7190W"}}, {"type": "Feature", "geometry": {"type": "Point", "coordinates": [-97.52527885168293, 27.655036363928374]}, "properties": {"NAME": "Dean", "IDENT": "69TA", "TYPE_CODE": "AD", "SERVCITY": "CORPUS CHRISTI", "ELEVATION": 45, "LATITUDE": "27-39-18.1140N", "LONGITUDE": "097-31-30.9770W"}}, {"type": "Feature", "geometry": {"type": "Point", "coordinates": [-97.43882647087587, 27.702424292163265]}, "properties": {"NAME": "Cabaniss Fld NOLF", "IDENT": "NGW", "TYPE_CODE": "AD", "SERVCITY": "CORPUS CHRISTI", "ELEVATION": 31.7, "LATITUDE": "27-42-08.7105N", "LONGITUDE": "097-26-19.7485W"}}, {"type": "Feature", "geometry": {"type": "Point", "coordinates": [-97.2903861835421, 27.69270582238042]}, "properties": {"NAME": "Corpus Christi NAS (Truax Fld)", "IDENT": "NGP", "TYPE_CODE": "AD", "SERVCITY": "CORPUS CHRISTI", "ELEVATION": 18.400000000000002, "LATITUDE": "27-41-33.7240N", "LONGITUDE": "097-17-25.3636W"}}, {"type": "Feature", "geometry": {"type": "Point", "coordinates": [-97.313495992271, 27.635848726960383]}, "properties": {"NAME": "Waldron Fld NOLF", "IDENT": "NWL", "TYPE_CODE": "AD", "SERVCITY": "CORPUS CHRISTI", "ELEVATION": 26.7, "LATITUDE": "27-38-09.0385N", "LONGITUDE": "097-18-48.5589W"}}, {"type": "Feature", "geometry": {"type": "Point", "coordinates": [-98.93600477218153, 28.140203643330267]}, "properties": {"NAME": "Great Horizon Ranch", "IDENT": "2XA1", "TYPE_CODE": "AD", "SERVCITY": "COTULLA", "ELEVATION": 317, "LATITUDE": "28-08-24.7160N", "LONGITUDE": "098-56-09.5890W"}}, {"type": "Feature", "geometry": {"type": "Point", "coordinates": [-99.04889674275256, 28.088893629671364]}, "properties": {"NAME": "Crescent C Ranch", "IDENT": "TX79", "TYPE_CODE": "AD", "SERVCITY": "COTULLA", "ELEVATION": 277, "LATITUDE": "28-05-20.0000N", "LONGITUDE": "099-02-56.0000W"}}, {"type": "Feature", "geometry": {"type": "Point", "coordinates": [-97.31916947454182, 30.479375828607836]}, "properties": {"NAME": "Chan-C", "IDENT": "5TS2", "TYPE_CODE": "AD", "SERVCITY": "COUPLAND", "ELEVATION": 536, "LATITUDE": "30-28-45.7340N", "LONGITUDE": "097-19-08.9830W"}}, {"type": "Feature", "geometry": {"type": "Point", "coordinates": [-97.41254088464106, 30.433171927110457]}, "properties": {"NAME": "Crosswinds Airfield", "IDENT": "TE96", "TYPE_CODE": "AD", "SERVCITY": "COUPLAND", "ELEVATION": 543, "LATITUDE": "30-25-59.4000N", "LONGITUDE": "097-24-45.1200W"}}, {"type": "Feature", "geometry": {"type": "Point", "coordinates": [-102.52820940080402, 31.52791887503616]}, "properties": {"NAME": "J-Bar Ranch", "IDENT": "8TE2", "TYPE_CODE": "AD", "SERVCITY": "CRANE", "ELEVATION": 2667, "LATITUDE": "31-31-40.4890N", "LONGITUDE": "102-31-41.5220W"}}, {"type": "Feature", "geometry": {"type": "Point", "coordinates": [-102.36048241013333, 31.411578861415485]}, "properties": {"NAME": "Crane County", "IDENT": "E13", "TYPE_CODE": "AD", "SERVCITY": "CRANE", "ELEVATION": 2554.7000000000003, "LATITUDE": "31-24-41.6650N", "LONGITUDE": "102-21-37.7050W"}}, {"type": "Feature", "geometry": {"type": "Point", "coordinates": [-97.79642160589573, 31.764880502809625]}, "properties": {"NAME": "Cade Fld", "IDENT": "TX97", "TYPE_CODE": "AD", "SERVCITY": "CRANFILLS GAP", "ELEVATION": 1160, "LATITUDE": "31-45-53.5500N", "LONGITUDE": "097-47-47.0900W"}}, {"type": "Feature", "geometry": {"type": "Point", "coordinates": [-97.77392187993819, 31.794604676379276]}, "properties": {"NAME": "Parrish Airstrip", "IDENT": "TX52", "TYPE_CODE": "AD", "SERVCITY": "CRANFILLS GAP", "ELEVATION": 917, "LATITUDE": "31-47-40.5570N", "LONGITUDE": "097-46-26.0910W"}}, {"type": "Feature", "geometry": {"type": "Point", "coordinates": [-97.58864104234009, 32.535975101285885]}, "properties": {"NAME": "Chigger Fld", "IDENT": "TE52", "TYPE_CODE": "AD", "SERVCITY": "CRESSON", "ELEVATION": 950, "LATITUDE": "32-32-09.4900N", "LONGITUDE": "097-35-19.0800W"}}, {"type": "Feature", "geometry": {"type": "Point", "coordinates": [-97.59476604255231, 32.513736208844456]}, "properties": {"NAME": "Chicken Strip", "IDENT": "3XA8", "TYPE_CODE": "AD", "SERVCITY": "CRESSON", "ELEVATION": 1070, "LATITUDE": "32-30-49.4300N", "LONGITUDE": "097-35-41.1300W"}}, {"type": "Feature", "geometry": {"type": "Point", "coordinates": [-95.5730126870134, 31.32768522761862]}, "properties": {"NAME": "M Y Ranch", "IDENT": "80TS", "TYPE_CODE": "AD", "SERVCITY": "CROCKETT", "ELEVATION": 300, "LATITUDE": "31-19-39.6470N", "LONGITUDE": "095-34-22.8200W"}}, {"type": "Feature", "geometry": {"type": "Point", "coordinates": [-95.40384041952471, 31.306977729983892]}, "properties": {"NAME": "Houston County", "IDENT": "DKR", "TYPE_CODE": "AD", "SERVCITY": "CROCKETT", "ELEVATION": 348.40000000000003, "LATITUDE": "31-18-25.1000N", "LONGITUDE": "095-24-13.8000W"}}, {"type": "Feature", "geometry": {"type": "Point", "coordinates": [-99.75811722173677, 28.814979584107355]}, "properties": {"NAME": "H & F Properties", "IDENT": "8TE4", "TYPE_CODE": "AD", "SERVCITY": "CRYSTAL CITY", "ELEVATION": 640, "LATITUDE": "28-48-53.9090N", "LONGITUDE": "099-45-29.1930W"}}, {"type": "Feature", "geometry": {"type": "Point", "coordinates": [-97.26694162096246, 29.083593052355052]}, "properties": {"NAME": "Cuero Muni", "IDENT": "T71", "TYPE_CODE": "AD", "SERVCITY": "CUERO", "ELEVATION": 214, "LATITUDE": "29-05-00.9170N", "LONGITUDE": "097-16-00.9630W"}}, {"type": "Feature", "geometry": {"type": "Point", "coordinates": [-95.80580312769935, 33.16123057447134]}, "properties": {"NAME": "Morris Manor", "IDENT": "TA06", "TYPE_CODE": "AD", "SERVCITY": "CUMBY", "ELEVATION": 610, "LATITUDE": "33-09-40.4090N", "LONGITUDE": "095-48-20.8650W"}}, {"type": "Feature", "geometry": {"type": "Point", "coordinates": [-95.68566959427535, 29.986221899317343]}, "properties": {"NAME": "Dry Creek", "IDENT": "TS07", "TYPE_CODE": "AD", "SERVCITY": "CYPRESS", "ELEVATION": 152.4, "LATITUDE": "29-59-10.3800N", "LONGITUDE": "095-41-08.3850W"}}, {"type": "Feature", "geometry": {"type": "Point", "coordinates": [-94.7001558968773, 33.14806506464523]}, "properties": {"NAME": "Greater Morris County", "IDENT": "8F5", "TYPE_CODE": "AD", "SERVCITY": "DAINGERFIELD", "ELEVATION": 402, "LATITUDE": "33-08-53.0130N", "LONGITUDE": "094-42-00.5360W"}}, {"type": "Feature", "geometry": {"type": "Point", "coordinates": [-102.41575469720978, 36.09170520471986]}, "properties": {"NAME": "Miller Airfield", "IDENT": "25TS", "TYPE_CODE": "AD", "SERVCITY": "DALHART", "ELEVATION": 3961, "LATITUDE": "36-05-30.1170N", "LONGITUDE": "102-24-56.6840W"}}, {"type": "Feature", "geometry": {"type": "Point", "coordinates": [-102.54739805543136, 36.022478241272744]}, "properties": {"NAME": "Dalhart Muni", "IDENT": "DHT", "TYPE_CODE": "AD", "SERVCITY": "DALHART", "ELEVATION": 3991.1, "LATITUDE": "36-01-20.9000N", "LONGITUDE": "102-32-50.6000W"}}, {"type": "Feature", "geometry": {"type": "Point", "coordinates": [-96.83695366039197, 33.02346050343817]}, "properties": {"NAME": "Air Park-Dallas", "IDENT": "F69", "TYPE_CODE": "AD", "SERVCITY": "DALLAS", "ELEVATION": 695, "LATITUDE": "33-01-24.4370N", "LONGITUDE": "096-50-13.0060W"}}, {"type": "Feature", "geometry": {"type": "Point", "coordinates": [-96.35203996932471, 32.81293915158086]}, "properties": {"NAME": "Airpark East", "IDENT": "1F7", "TYPE_CODE": "AD", "SERVCITY": "DALLAS", "ELEVATION": 500, "LATITUDE": "32-48-46.5602N", "LONGITUDE": "096-21-07.3172W"}}, {"type": "Feature", "geometry": {"type": "Point", "coordinates": [-96.5887741628722, 33.177071099227256]}, "properties": {"NAME": "McKinney Ntl", "IDENT": "TKI", "TYPE_CODE": "AD", "SERVCITY": "DALLAS", "ELEVATION": 588.9, "LATITUDE": "33-10-37.4350N", "LONGITUDE": "096-35-19.5600W"}}, {"type": "Feature", "geometry": {"type": "Point", "coordinates": [-97.03770231446347, 32.897238804945985]}, "properties": {"NAME": "Dallas-Fort Worth Intl", "IDENT": "DFW", "TYPE_CODE": "AD", "SERVCITY": "DALLAS-FORT WORTH", "ELEVATION": 606.4, "LATITUDE": "32-53-50.0390N", "LONGITUDE": "097-02-15.7010W"}}, {"type": "Feature", "geometry": {"type": "Point", "coordinates": [-96.8508842090751, 32.845950469375985]}, "properties": {"NAME": "Dallas Love Fld", "IDENT": "DAL", "TYPE_CODE": "AD", "SERVCITY": "DALLAS", "ELEVATION": 486.90000000000003, "LATITUDE": "32-50-45.4010N", "LONGITUDE": "096-51-03.1560W"}}, {"type": "Feature", "geometry": {"type": "Point", "coordinates": [-94.9588227463597, 30.105775837910315]}, "properties": {"NAME": "Pinoak", "IDENT": "3TE9", "TYPE_CODE": "AD", "SERVCITY": "DAYTON", "ELEVATION": 91, "LATITUDE": "30-06-20.7740N", "LONGITUDE": "094-57-31.7370W"}}, {"type": "Feature", "geometry": {"type": "Point", "coordinates": [-97.58050775144996, 33.25425579162989]}, "properties": {"NAME": "Decatur Muni", "IDENT": "LUD", "TYPE_CODE": "AD", "SERVCITY": "DECATUR", "ELEVATION": 1046.7, "LATITUDE": "33-15-15.3000N", "LONGITUDE": "097-34-49.8000W"}}, {"type": "Feature", "geometry": {"type": "Point", "coordinates": [-97.49670106510229, 33.28132649439676]}, "properties": {"NAME": "Lazy G Bar Ranch", "IDENT": "09T", "TYPE_CODE": "AD", "SERVCITY": "DECATUR", "ELEVATION": 931, "LATITUDE": "33-16-52.7545N", "LONGITUDE": "097-29-48.0960W"}}, {"type": "Feature", "geometry": {"type": "Point", "coordinates": [-97.52725635192743, 33.299287746353556]}, "properties": {"NAME": "Lazy 9 Ranch", "IDENT": "TX64", "TYPE_CODE": "AD", "SERVCITY": "DECATUR", "ELEVATION": 1020, "LATITUDE": "33-17-57.4150N", "LONGITUDE": "097-31-38.0950W"}}, {"type": "Feature", "geometry": {"type": "Point", "coordinates": [-97.4518688310524, 33.26917246715063]}, "properties": {"NAME": "Bishop", "IDENT": "76T", "TYPE_CODE": "AD", "SERVCITY": "DECATUR", "ELEVATION": 888, "LATITUDE": "33-16-09.0000N", "LONGITUDE": "097-27-06.7000W"}}, {"type": "Feature", "geometry": {"type": "Point", "coordinates": [-97.47989660959261, 33.16603355775588]}, "properties": {"NAME": "Heritage Creek Airstrip", "IDENT": "58T", "TYPE_CODE": "AD", "SERVCITY": "DECATUR", "ELEVATION": 883, "LATITUDE": "33-09-57.7000N", "LONGITUDE": "097-28-47.6000W"}}, {"type": "Feature", "geometry": {"type": "Point", "coordinates": [-97.4280077123061, 33.241672463114455]}, "properties": {"NAME": "Allison Farm", "IDENT": "XA34", "TYPE_CODE": "AD", "SERVCITY": "DECATUR", "ELEVATION": 850, "LATITUDE": "33-14-30.0000N", "LONGITUDE": "097-25-40.8000W"}}, {"type": "Feature", "geometry": {"type": "Point", "coordinates": [-97.45807439074298, 33.30270580608937]}, "properties": {"NAME": "Jbj Ranch", "IDENT": "XA98", "TYPE_CODE": "AD", "SERVCITY": "DECATUR", "ELEVATION": 890, "LATITUDE": "33-18-09.7200N", "LONGITUDE": "097-27-29.0400W"}}, {"type": "Feature", "geometry": {"type": "Point", "coordinates": [-97.60705775055374, 33.1343891012284]}, "properties": {"NAME": "Flat Bush", "IDENT": "XA99", "TYPE_CODE": "AD", "SERVCITY": "DECATUR", "ELEVATION": 862, "LATITUDE": "33-08-03.7800N", "LONGITUDE": "097-36-25.3800W"}}, {"type": "Feature", "geometry": {"type": "Point", "coordinates": [-98.48800790817438, 32.10867220611959]}, "properties": {"NAME": "Smith Flying Service", "IDENT": "TS14", "TYPE_CODE": "AD", "SERVCITY": "DE LEON", "ELEVATION": 1275, "LATITUDE": "32-06-31.2000N", "LONGITUDE": "098-29-16.8000W"}}, {"type": "Feature", "geometry": {"type": "Point", "coordinates": [-96.62771587429256, 33.73433370173973]}, "properties": {"NAME": "Mc Keon Aviation", "IDENT": "9XS4", "TYPE_CODE": "AD", "SERVCITY": "DENISON", "ELEVATION": 759, "LATITUDE": "33-44-03.5800N", "LONGITUDE": "096-37-39.7500W"}}, {"type": "Feature", "geometry": {"type": "Point", "coordinates": [-97.07112901295405, 33.268456928008156]}, "properties": {"NAME": "Hartlee Fld", "IDENT": "3XS0", "TYPE_CODE": "AD", "SERVCITY": "DENTON", "ELEVATION": 588, "LATITUDE": "33-16-06.4240N", "LONGITUDE": "097-04-16.0370W"}}, {"type": "Feature", "geometry": {"type": "Point", "coordinates": [-97.11140819231547, 33.30290026563334]}, "properties": {"NAME": "Warschun Ranch", "IDENT": "4TA1", "TYPE_CODE": "AD", "SERVCITY": "DENTON", "ELEVATION": 600, "LATITUDE": "33-18-10.4200N", "LONGITUDE": "097-06-41.0420W"}}, {"type": "Feature", "geometry": {"type": "Point", "coordinates": [-97.09278541003918, 33.30972804573667]}, "properties": {"NAME": "Smither Fld", "IDENT": "TE81", "TYPE_CODE": "AD", "SERVCITY": "DENTON", "ELEVATION": 655, "LATITUDE": "33-18-35.0000N", "LONGITUDE": "097-05-34.0000W"}}, {"type": "Feature", "geometry": {"type": "Point", "coordinates": [-97.19910515210427, 33.20196635491902]}, "properties": {"NAME": "Denton Enterprise", "IDENT": "DTO", "TYPE_CODE": "AD", "SERVCITY": "DENTON", "ELEVATION": 642.8000000000001, "LATITUDE": "33-12-07.0580N", "LONGITUDE": "097-11-56.7510W"}}, {"type": "Feature", "geometry": {"type": "Point", "coordinates": [-102.84510522920156, 32.974665000972784]}, "properties": {"NAME": "Denver City", "IDENT": "E57", "TYPE_CODE": "AD", "SERVCITY": "DENVER CITY", "ELEVATION": 3575, "LATITUDE": "32-58-28.7742N", "LONGITUDE": "102-50-42.3464W"}}, {"type": "Feature", "geometry": {"type": "Point", "coordinates": [-98.94189675919436, 29.138393841227956]}, "properties": {"NAME": "Devine Muni", "IDENT": "23R", "TYPE_CODE": "AD", "SERVCITY": "DEVINE", "ELEVATION": 702.2, "LATITUDE": "29-08-18.2000N", "LONGITUDE": "098-56-30.8000W"}}, {"type": "Feature", "geometry": {"type": "Point", "coordinates": [-99.34199464502395, 29.374960818061894]}, "properties": {"NAME": "Rusty's Flying Service", "IDENT": "4TS8", "TYPE_CODE": "AD", "SERVCITY": "D'HANIS", "ELEVATION": 1089, "LATITUDE": "29-22-29.8410N", "LONGITUDE": "099-20-31.1520W"}}, {"type": "Feature", "geometry": {"type": "Point", "coordinates": [-99.35060630823473, 29.26413024118821]}, "properties": {"NAME": "Squirrel Creek Ranch", "IDENT": "4TE9", "TYPE_CODE": "AD", "SERVCITY": "D'HANIS", "ELEVATION": 970, "LATITUDE": "29-15-50.8510N", "LONGITUDE": "099-21-02.1540W"}}, {"type": "Feature", "geometry": {"type": "Point", "coordinates": [-98.32532869856277, 32.068204705346034]}, "properties": {"NAME": "Dublin Muni", "IDENT": "9F0", "TYPE_CODE": "AD", "SERVCITY": "DUBLIN", "ELEVATION": 1495, "LATITUDE": "32-04-05.5170N", "LONGITUDE": "098-19-31.1550W"}}, {"type": "Feature", "geometry": {"type": "Point", "coordinates": [-102.01331827598088, 35.85743668943711]}, "properties": {"NAME": "Moore County", "IDENT": "DUX", "TYPE_CODE": "AD", "SERVCITY": "DUMAS", "ELEVATION": 3706.4, "LATITUDE": "35-51-26.7504N", "LONGITUDE": "102-00-47.9133W"}}, {"type": "Feature", "geometry": {"type": "Point", "coordinates": [-96.32195168263726, 29.600032910185252]}, "properties": {"NAME": "Eagle Lake", "IDENT": "ELA", "TYPE_CODE": "AD", "SERVCITY": "EAGLE LAKE", "ELEVATION": 184.1, "LATITUDE": "29-36-00.1000N", "LONGITUDE": "096-19-19.0000W"}}, {"type": "Feature", "geometry": {"type": "Point", "coordinates": [-96.30941696277735, 29.71940654578431]}, "properties": {"NAME": "Renz Ranch", "IDENT": "5TE7", "TYPE_CODE": "AD", "SERVCITY": "EAGLE LAKE", "ELEVATION": 220, "LATITUDE": "29-43-09.8450N", "LONGITUDE": "096-18-33.8750W"}}, {"type": "Feature", "geometry": {"type": "Point", "coordinates": [-100.16169425515012, 28.62776870164889]}, "properties": {"NAME": "Comanche Ranch", "IDENT": "5TE0", "TYPE_CODE": "AD", "SERVCITY": "EAGLE PASS", "ELEVATION": 734.4, "LATITUDE": "28-37-39.9500N", "LONGITUDE": "100-09-42.0700W"}}, {"type": "Feature", "geometry": {"type": "Point", "coordinates": [-100.51347601589747, 28.85709762372082]}, "properties": {"NAME": "Maverick County Meml Intl", "IDENT": "5T9", "TYPE_CODE": "AD", "SERVCITY": "EAGLE PASS", "ELEVATION": 887.3000000000001, "LATITUDE": "28-51-25.5340N", "LONGITUDE": "100-30-48.4840W"}}, {"type": "Feature", "geometry": {"type": "Point", "coordinates": [-98.80970244959931, 32.41489447138684]}, "properties": {"NAME": "Eastland Muni", "IDENT": "ETN", "TYPE_CODE": "AD", "SERVCITY": "EASTLAND", "ELEVATION": 1467.9, "LATITUDE": "32-24-53.6000N", "LONGITUDE": "098-48-34.9000W"}}, {"type": "Feature", "geometry": {"type": "Point", "coordinates": [-96.27665549845128, 33.591778135008305]}, "properties": {"NAME": "Parker Place", "IDENT": "TX68", "TYPE_CODE": "AD", "SERVCITY": "ECTOR", "ELEVATION": 620, "LATITUDE": "33-35-30.3800N", "LONGITUDE": "096-16-35.9330W"}}, {"type": "Feature", "geometry": {"type": "Point", "coordinates": [-97.94945335604521, 26.290353845833664]}, "properties": {"NAME": "Skalitsky", "IDENT": "6TE0", "TYPE_CODE": "AD", "SERVCITY": "EDCOUCH", "ELEVATION": 60, "LATITUDE": "26-17-25.2580N", "LONGITUDE": "097-56-58.0050W"}}, {"type": "Feature", "geometry": {"type": "Point", "coordinates": [-97.29695784446068, 31.294622376447595]}, "properties": {"NAME": "Liberty Hill Intl", "IDENT": "TS29", "TYPE_CODE": "AD", "SERVCITY": "EDDY", "ELEVATION": 790, "LATITUDE": "31-17-40.6210N", "LONGITUDE": "097-17-49.0210W"}}, {"type": "Feature", "geometry": {"type": "Point", "coordinates": [-98.12222979224973, 26.441671096268614]}, "properties": {"NAME": "South Texas Intl At Edinburg", "IDENT": "EBG", "TYPE_CODE": "AD", "SERVCITY": "EDINBURG", "ELEVATION": 75.2, "LATITUDE": "26-26-30.0000N", "LONGITUDE": "098-07-20.0000W"}}, {"type": "Feature", "geometry": {"type": "Point", "coordinates": [-98.15251701928005, 26.361462189772727]}, "properties": {"NAME": "Norman & White", "IDENT": "6TE1", "TYPE_CODE": "AD", "SERVCITY": "EDINBURG", "ELEVATION": 90, "LATITUDE": "26-21-41.2480N", "LONGITUDE": "098-09-09.0340W"}}, {"type": "Feature", "geometry": {"type": "Point", "coordinates": [-96.5497031013132, 28.9488780481277]}, "properties": {"NAME": "Hahns", "IDENT": "6TE3", "TYPE_CODE": "AD", "SERVCITY": "EDNA", "ELEVATION": 52, "LATITUDE": "28-56-55.9430N", "LONGITUDE": "096-32-58.9050W"}}, {"type": "Feature", "geometry": {"type": "Point", "coordinates": [-96.58196922260771, 29.001004168744032]}, "properties": {"NAME": "Jackson County", "IDENT": "26R", "TYPE_CODE": "AD", "SERVCITY": "EDNA", "ELEVATION": 61.5, "LATITUDE": "29-00-03.5970N", "LONGITUDE": "096-34-55.0630W"}}, {"type": "Feature", "geometry": {"type": "Point", "coordinates": [-96.62192756583771, 28.980821663340503]}, "properties": {"NAME": "Kubecka Flying Service Inc", "IDENT": "6TE5", "TYPE_CODE": "AD", "SERVCITY": "EDNA", "ELEVATION": 65, "LATITUDE": "28-58-50.9400N", "LONGITUDE": "096-37-18.9130W"}}, {"type": "Feature", "geometry": {"type": "Point", "coordinates": [-96.2252483062617, 29.162757268334705]}, "properties": {"NAME": "Tradewind Ag", "IDENT": "8TE8", "TYPE_CODE": "AD", "SERVCITY": "EL CAMPO", "ELEVATION": 95, "LATITUDE": "29-09-45.9080N", "LONGITUDE": "096-13-30.8680W"}}, {"type": "Feature", "geometry": {"type": "Point", "coordinates": [-96.55442339103746, 29.200257265255324]}, "properties": {"NAME": "Stovall Ranch Nr 1", "IDENT": "7TE6", "TYPE_CODE": "AD", "SERVCITY": "EL CAMPO", "ELEVATION": 108, "LATITUDE": "29-12-00.9080N", "LONGITUDE": "096-33-15.8980W"}}, {"type": "Feature", "geometry": {"type": "Point", "coordinates": [-96.34972945407601, 29.287782845794606]}, "properties": {"NAME": "Rodgers Roost", "IDENT": "0XS1", "TYPE_CODE": "AD", "SERVCITY": "EL CAMPO", "ELEVATION": 129, "LATITUDE": "29-17-16.0000N", "LONGITUDE": "096-20-59.0000W"}}, {"type": "Feature", "geometry": {"type": "Point", "coordinates": [-96.32274333163032, 29.179193935522605]}, "properties": {"NAME": "Frels", "IDENT": "2TE4", "TYPE_CODE": "AD", "SERVCITY": "EL CAMPO", "ELEVATION": 100, "LATITUDE": "29-10-45.0800N", "LONGITUDE": "096-19-21.8500W"}}, {"type": "Feature", "geometry": {"type": "Point", "coordinates": [-96.49192170809148, 29.196090600449985]}, "properties": {"NAME": "Norris Raun Ranch", "IDENT": "68TE", "TYPE_CODE": "AD", "SERVCITY": "EL CAMPO", "ELEVATION": 108, "LATITUDE": "29-11-45.9080N", "LONGITUDE": "096-29-30.8920W"}}, {"type": "Feature", "geometry": {"type": "Point", "coordinates": [-96.32525055799287, 29.266921175346102]}, "properties": {"NAME": "El Campo Airpark", "IDENT": "TS96", "TYPE_CODE": "AD", "SERVCITY": "EL CAMPO", "ELEVATION": 105, "LATITUDE": "29-16-00.8980N", "LONGITUDE": "096-19-30.8760W"}}, {"type": "Feature", "geometry": {"type": "Point", "coordinates": [-100.61086946687591, 30.8622274431317]}, "properties": {"NAME": "Eldorado", "IDENT": "27R", "TYPE_CODE": "AD", "SERVCITY": "ELDORADO", "ELEVATION": 2448, "LATITUDE": "30-51-44.0000N", "LONGITUDE": "100-36-39.1000W"}}, {"type": "Feature", "geometry": {"type": "Point", "coordinates": [-106.37637084008038, 31.80733847883288]}, "properties": {"NAME": "El Paso Intl", "IDENT": "ELP", "TYPE_CODE": "AD", "SERVCITY": "EL PASO", "ELEVATION": 3961.6, "LATITUDE": "31-48-26.4000N", "LONGITUDE": "106-22-34.9000W"}}, {"type": "Feature", "geometry": {"type": "Point", "coordinates": [-97.66278676735116, 30.14771825093147]}, "properties": {"NAME": "Seidel Ranch", "IDENT": "02XS", "TYPE_CODE": "AD", "SERVCITY": "ELROY", "ELEVATION": 510, "LATITUDE": "30-08-51.7670N", "LONGITUDE": "097-39-46.0050W"}}, {"type": "Feature", "geometry": {"type": "Point", "coordinates": [-95.73835726218786, 32.91149191867146]}, "properties": {"NAME": "John R Armstrong Meml Fld", "IDENT": "67TX", "TYPE_CODE": "AD", "SERVCITY": "EMORY", "ELEVATION": 450, "LATITUDE": "32-54-41.3500N", "LONGITUDE": "095-44-18.0600W"}}, {"type": "Feature", "geometry": {"type": "Point", "coordinates": [-99.56876770124074, 28.06975472127915]}, "properties": {"NAME": "La Esperanza Ranch", "IDENT": "TE29", "TYPE_CODE": "AD", "SERVCITY": "ENCINAL", "ELEVATION": 861, "LATITUDE": "28-04-11.1000N", "LONGITUDE": "099-34-07.5350W"}}, {"type": "Feature", "geometry": {"type": "Point", "coordinates": [-99.37670931845796, 27.98362304287034]}, "properties": {"NAME": "Lewis Ranch", "IDENT": "2TX4", "TYPE_CODE": "AD", "SERVCITY": "ENCINAL", "ELEVATION": 540, "LATITUDE": "27-59-01.0260N", "LONGITUDE": "099-22-36.1250W"}}, {"type": "Feature", "geometry": {"type": "Point", "coordinates": [-99.57032742630659, 28.140004735169033]}, "properties": {"NAME": "Strait Ranch", "IDENT": "8TS9", "TYPE_CODE": "AD", "SERVCITY": "ENCINAL", "ELEVATION": 620, "LATITUDE": "28-08-24.0000N", "LONGITUDE": "099-34-13.1500W"}}, {"type": "Feature", "geometry": {"type": "Point", "coordinates": [-99.28470235454546, 28.07389361961385]}, "properties": {"NAME": "El Jardin Ranch", "IDENT": "XA66", "TYPE_CODE": "AD", "SERVCITY": "ENCINAL", "ELEVATION": 485.3, "LATITUDE": "28-04-26.0000N", "LONGITUDE": "099-17-04.9000W"}}, {"type": "Feature", "geometry": {"type": "Point", "coordinates": [-98.22175660786336, 26.858281180340867]}, "properties": {"NAME": "El Coyote Ranch", "IDENT": "2TA8", "TYPE_CODE": "AD", "SERVCITY": "ENCINO", "ELEVATION": 181.9, "LATITUDE": "26-51-29.7960N", "LONGITUDE": "098-13-18.2964W"}}, {"type": "Feature", "geometry": {"type": "Point", "coordinates": [-96.66390663112611, 32.32970371318474]}, "properties": {"NAME": "Ennis Muni", "IDENT": "F41", "TYPE_CODE": "AD", "SERVCITY": "ENNIS", "ELEVATION": 500.3, "LATITUDE": "32-19-46.9130N", "LONGITUDE": "096-39-50.0370W"}}, {"type": "Feature", "geometry": {"type": "Point", "coordinates": [-97.27558699333937, 33.452689175088075]}, "properties": {"NAME": "Flying D Ranch", "IDENT": "TX94", "TYPE_CODE": "AD", "SERVCITY": "ERA", "ELEVATION": 882, "LATITUDE": "33-27-09.6600N", "LONGITUDE": "097-16-32.0855W"}}, {"type": "Feature", "geometry": {"type": "Point", "coordinates": [-96.32221020507647, 33.16317721930519]}, "properties": {"NAME": "Short Stop", "IDENT": "8TA5", "TYPE_CODE": "AD", "SERVCITY": "FARMERSVILLE", "ELEVATION": 640, "LATITUDE": "33-09-47.4170N", "LONGITUDE": "096-19-19.9300W"}}, {"type": "Feature", "geometry": {"type": "Point", "coordinates": [-96.3855460527081, 33.13845554486049]}, "properties": {"NAME": "Mullins Landing", "IDENT": "6XS3", "TYPE_CODE": "AD", "SERVCITY": "FARMERSVILLE", "ELEVATION": 550, "LATITUDE": "33-08-18.4190N", "LONGITUDE": "096-23-07.9390W"}}, {"type": "Feature", "geometry": {"type": "Point", "coordinates": [-97.77528649967925, 29.76828539409678]}, "properties": {"NAME": "Fentress Airpark", "IDENT": "XS90", "TYPE_CODE": "AD", "SERVCITY": "FENTRESS", "ELEVATION": 460, "LATITUDE": "29-46-05.8090N", "LONGITUDE": "097-46-31.0040W"}}, {"type": "Feature", "geometry": {"type": "Point", "coordinates": [-97.16332689871177, 29.69509678967099]}, "properties": {"NAME": "Piano Ranch", "IDENT": "2TE5", "TYPE_CODE": "AD", "SERVCITY": "FLATONIA", "ELEVATION": 383, "LATITUDE": "29-41-42.3300N", "LONGITUDE": "097-09-47.9500W"}}, {"type": "Feature", "geometry": {"type": "Point", "coordinates": [-98.28668520465796, 29.027197451794088]}, "properties": {"NAME": "Boening Brothers", "IDENT": "7TE9", "TYPE_CODE": "AD", "SERVCITY": "FLORESVILLE", "ELEVATION": 407, "LATITUDE": "29-01-37.8930N", "LONGITUDE": "098-17-12.0390W"}}, {"type": "Feature", "geometry": {"type": "Point", "coordinates": [-98.2764074287441, 29.135804695728243]}, "properties": {"NAME": "John B Connally Ranch", "IDENT": "8TA0", "TYPE_CODE": "AD", "SERVCITY": "FLORESVILLE", "ELEVATION": 530, "LATITUDE": "29-08-08.8790N", "LONGITUDE": "098-16-35.0390W"}}, {"type": "Feature", "geometry": {"type": "Point", "coordinates": [-98.21668269060146, 29.10274941312279]}, "properties": {"NAME": "Circle P Ranch", "IDENT": "82XS", "TYPE_CODE": "AD", "SERVCITY": "FLORESVILLE", "ELEVATION": 500, "LATITUDE": "29-06-09.8800N", "LONGITUDE": "098-13-00.0300W"}}, {"type": "Feature", "geometry": {"type": "Point", "coordinates": [-97.11974123197736, 33.02401743616327]}, "properties": {"NAME": "Shiloh", "IDENT": "0TX5", "TYPE_CODE": "AD", "SERVCITY": "FLOWER MOUND", "ELEVATION": 635, "LATITUDE": "33-01-26.4420N", "LONGITUDE": "097-07-11.0410W"}}, {"type": "Feature", "geometry": {"type": "Point", "coordinates": [-96.27387519189232, 33.14956610784607]}, "properties": {"NAME": "Flying M", "IDENT": "TA08", "TYPE_CODE": "AD", "SERVCITY": "FLOYD", "ELEVATION": 585, "LATITUDE": "33-08-58.4170N", "LONGITUDE": "096-16-25.9240W"}}, {"type": "Feature", "geometry": {"type": "Point", "coordinates": [-101.33025872045218, 34.00153352689205]}, "properties": {"NAME": "Floydada Muni", "IDENT": "41F", "TYPE_CODE": "AD", "SERVCITY": "FLOYDADA", "ELEVATION": 3187.2000000000003, "LATITUDE": "34-00-05.5000N", "LONGITUDE": "101-19-48.9000W"}}, {"type": "Feature", "geometry": {"type": "Point", "coordinates": [-97.362457669631, 32.8197759982952]}, "properties": {"NAME": "Fort Worth Meacham Intl", "IDENT": "FTW", "TYPE_CODE": "AD", "SERVCITY": "FORT WORTH", "ELEVATION": 710.1, "LATITUDE": "32-49-11.1730N", "LONGITUDE": "097-21-44.8200W"}}, {"type": "Feature", "geometry": {"type": "Point", "coordinates": [-97.1808531779696, 32.78819100023078]}, "properties": {"NAME": "Fuller", "IDENT": "TS00", "TYPE_CODE": "AD", "SERVCITY": "FORT WORTH", "ELEVATION": 490, "LATITUDE": "32-47-17.4670N", "LONGITUDE": "097-10-51.0440W"}}, {"type": "Feature", "geometry": {"type": "Point", "coordinates": [-97.59078549061385, 32.58183899880879]}, "properties": {"NAME": "Bourland Fld", "IDENT": "50F", "TYPE_CODE": "AD", "SERVCITY": "FORT WORTH", "ELEVATION": 873.2, "LATITUDE": "32-34-54.6000N", "LONGITUDE": "097-35-26.8000W"}}, {"type": "Feature", "geometry": {"type": "Point", "coordinates": [-97.49230137896544, 32.97763746614085]}, "properties": {"NAME": "Kenneth Copeland", "IDENT": "4T2", "TYPE_CODE": "AD", "SERVCITY": "FORT WORTH", "ELEVATION": 693, "LATITUDE": "32-58-39.4742N", "LONGITUDE": "097-29-32.2572W"}}, {"type": "Feature", "geometry": {"type": "Point", "coordinates": [-97.31943711326045, 32.99031242109623]}, "properties": {"NAME": "Perot Fld/Fort Worth Alliance", "IDENT": "AFW", "TYPE_CODE": "AD", "SERVCITY": "FORT WORTH", "ELEVATION": 723.2, "LATITUDE": "32-59-25.1040N", "LONGITUDE": "097-19-09.9460W"}}, {"type": "Feature", "geometry": {"type": "Point", "coordinates": [-96.54084069415346, 31.009727627922484]}, "properties": {"NAME": "Sandbur Ranches Pvt", "IDENT": "TX75", "TYPE_CODE": "AD", "SERVCITY": "FRANKLIN", "ELEVATION": 455, "LATITUDE": "31-00-35.0000N", "LONGITUDE": "096-32-27.0000W"}}, {"type": "Feature", "geometry": {"type": "Point", "coordinates": [-96.43965726606194, 31.271755461255797]}, "properties": {"NAME": "Rmr Ranch", "IDENT": "1TE9", "TYPE_CODE": "AD", "SERVCITY": "FRANKLIN", "ELEVATION": 420, "LATITUDE": "31-16-18.3000N", "LONGITUDE": "096-26-22.7397W"}}, {"type": "Feature", "geometry": {"type": "Point", "coordinates": [-95.4525099186768, 32.08175565888146]}, "properties": {"NAME": "Aero Estates", "IDENT": "T25", "TYPE_CODE": "AD", "SERVCITY": "FRANKSTON", "ELEVATION": 445, "LATITUDE": "32-04-54.3000N", "LONGITUDE": "095-27-09.0100W"}}, {"type": "Feature", "geometry": {"type": "Point", "coordinates": [-98.90919457971555, 30.24324822444965]}, "properties": {"NAME": "Gillespie County", "IDENT": "T82", "TYPE_CODE": "AD", "SERVCITY": "FREDERICKSBURG", "ELEVATION": 1694.9, "LATITUDE": "30-14-35.6750N", "LONGITUDE": "098-54-33.0720W"}}, {"type": "Feature", "geometry": {"type": "Point", "coordinates": [-98.91282736137606, 30.320759627240903]}, "properties": {"NAME": "Carter Ranch", "IDENT": "8TE7", "TYPE_CODE": "AD", "SERVCITY": "FREDERICKSBURG", "ELEVATION": 1840, "LATITUDE": "30-19-14.7160N", "LONGITUDE": "098-54-46.1500W"}}, {"type": "Feature", "geometry": {"type": "Point", "coordinates": [-98.88616208420795, 30.45019770910386]}, "properties": {"NAME": "Tschirhart Ranch", "IDENT": "XS01", "TYPE_CODE": "AD", "SERVCITY": "FREDERICKSBURG", "ELEVATION": 2060, "LATITUDE": "30-27-00.6930N", "LONGITUDE": "098-53-10.1550W"}}, {"type": "Feature", "geometry": {"type": "Point", "coordinates": [-99.14084130119777, 30.21956071143053]}, "properties": {"NAME": "Silver Wings", "IDENT": "TS36", "TYPE_CODE": "AD", "SERVCITY": "FREDRICKSBURG", "ELEVATION": 2110, "LATITUDE": "30-13-10.4000N", "LONGITUDE": "099-08-27.0000W"}}, {"type": "Feature", "geometry": {"type": "Point", "coordinates": [-98.93111902289597, 30.114727364861807]}, "properties": {"NAME": "Indian Springs Ranch", "IDENT": "7XS7", "TYPE_CODE": "AD", "SERVCITY": "FREDERICKSBURG", "ELEVATION": 2030, "LATITUDE": "30-06-53.0000N", "LONGITUDE": "098-55-52.0000W"}}, {"type": "Feature", "geometry": {"type": "Point", "coordinates": [-98.95834125506472, 30.187782933968915]}, "properties": {"NAME": "Cameron Ranch", "IDENT": "TE97", "TYPE_CODE": "AD", "SERVCITY": "FREDERICKSBURG", "ELEVATION": 1760, "LATITUDE": "30-11-16.0000N", "LONGITUDE": "098-57-30.0000W"}}, {"type": "Feature", "geometry": {"type": "Point", "coordinates": [-99.17306353848078, 30.351169068487195]}, "properties": {"NAME": "Circle Ranch", "IDENT": "6XA0", "TYPE_CODE": "AD", "SERVCITY": "FREDERICKSBURG", "ELEVATION": 2124, "LATITUDE": "30-21-04.1900N", "LONGITUDE": "099-10-23.0000W"}}, {"type": "Feature", "geometry": {"type": "Point", "coordinates": [-95.17531744220165, 29.504728151067482]}, "properties": {"NAME": "Polly Ranch", "IDENT": "7XS0", "TYPE_CODE": "AD", "SERVCITY": "FRIENDSWOOD", "ELEVATION": 22, "LATITUDE": "29-30-17.0028N", "LONGITUDE": "095-10-31.1178W"}}, {"type": "Feature", "geometry": {"type": "Point", "coordinates": [-95.84048073139381, 29.690088499777314]}, "properties": {"NAME": "Covey Trails", "IDENT": "X09", "TYPE_CODE": "AD", "SERVCITY": "FULSHEAR", "ELEVATION": 130, "LATITUDE": "29-41-24.3000N", "LONGITUDE": "095-50-25.7050W"}}, {"type": "Feature", "geometry": {"type": "Point", "coordinates": [-96.97694123322563, 28.154460648846918]}, "properties": {"NAME": "Kalt Ranch", "IDENT": "9TE5", "TYPE_CODE": "AD", "SERVCITY": "FULTON", "ELEVATION": 15, "LATITUDE": "28-09-16.0410N", "LONGITUDE": "096-58-36.9620W"}}, {"type": "Feature", "geometry": {"type": "Point", "coordinates": [-97.19728545848328, 33.65220032654425]}, "properties": {"NAME": "Gainesville Muni", "IDENT": "GLE", "TYPE_CODE": "AD", "SERVCITY": "GAINESVILLE", "ELEVATION": 845.5, "LATITUDE": "33-39-07.9000N", "LONGITUDE": "097-11-50.2000W"}}, {"type": "Feature", "geometry": {"type": "Point", "coordinates": [-97.19058545137347, 33.56894753446046]}, "properties": {"NAME": "Stahl", "IDENT": "XS62", "TYPE_CODE": "AD", "SERVCITY": "GAINESVILLE", "ELEVATION": 820, "LATITUDE": "33-34-08.1900N", "LONGITUDE": "097-11-26.0800W"}}, {"type": "Feature", "geometry": {"type": "Point", "coordinates": [-94.86042351801682, 29.265338444787265]}, "properties": {"NAME": "Scholes Intl At Galveston", "IDENT": "GLS", "TYPE_CODE": "AD", "SERVCITY": "GALVESTON", "ELEVATION": 5.6000000000000005, "LATITUDE": "29-15-55.2000N", "LONGITUDE": "094-51-37.5000W"}}, {"type": "Feature", "geometry": {"type": "Point", "coordinates": [-97.7514187996074, 31.45350238916062]}, "properties": {"NAME": "McGregor", "IDENT": "2TX5", "TYPE_CODE": "AD", "SERVCITY": "GATESVILLE", "ELEVATION": 757, "LATITUDE": "31-27-12.5890N", "LONGITUDE": "097-45-05.0800W"}}, {"type": "Feature", "geometry": {"type": "Point", "coordinates": [-97.7964715870834, 31.420944326136865]}, "properties": {"NAME": "Gatesville Muni", "IDENT": "GOP", "TYPE_CODE": "AD", "SERVCITY": "GATESVILLE", "ELEVATION": 905, "LATITUDE": "31-25-15.3800N", "LONGITUDE": "097-47-47.2700W"}}, {"type": "Feature", "geometry": {"type": "Point", "coordinates": [-97.65029456881112, 30.71269613897501]}, "properties": {"NAME": "Landry", "IDENT": "TS01", "TYPE_CODE": "AD", "SERVCITY": "GEORGETOWN", "ELEVATION": 780, "LATITUDE": "30-42-45.6870N", "LONGITUDE": "097-39-01.0330W"}}, {"type": "Feature", "geometry": {"type": "Point", "coordinates": [-97.66946012376553, 30.596034171524295]}, "properties": {"NAME": "Green", "IDENT": "TX92", "TYPE_CODE": "AD", "SERVCITY": "GEORGETOWN", "ELEVATION": 850, "LATITUDE": "30-35-45.7040N", "LONGITUDE": "097-40-10.0290W"}}, {"type": "Feature", "geometry": {"type": "Point", "coordinates": [-97.57136037876583, 30.625460847912954]}, "properties": {"NAME": "Cross Country Estates Marshall Fld", "IDENT": "07TS", "TYPE_CODE": "AD", "SERVCITY": "GEORGETOWN", "ELEVATION": 689, "LATITUDE": "30-37-31.6400N", "LONGITUDE": "097-34-16.8700W"}}, {"type": "Feature", "geometry": {"type": "Point", "coordinates": [-97.79141016043393, 30.72213863551767]}, "properties": {"NAME": "Hilde-Griff Fld", "IDENT": "05TE", "TYPE_CODE": "AD", "SERVCITY": "GEORGETOWN", "ELEVATION": 950, "LATITUDE": "30-43-19.6800N", "LONGITUDE": "097-47-29.0490W"}}, {"type": "Feature", "geometry": {"type": "Point", "coordinates": [-97.7225170807749, 30.59186722374118]}, "properties": {"NAME": "Tri-Modal Air Park", "IDENT": "30TA", "TYPE_CODE": "AD", "SERVCITY": "GEORGETOWN", "ELEVATION": 812, "LATITUDE": "30-35-30.7030N", "LONGITUDE": "097-43-21.0340W"}}, {"type": "Feature", "geometry": {"type": "Point", "coordinates": [-97.62248539335971, 30.66240807521726]}, "properties": {"NAME": "Bar 3 Ranch", "IDENT": "0XA7", "TYPE_CODE": "AD", "SERVCITY": "GEORGETOWN", "ELEVATION": 744, "LATITUDE": "30-39-44.6500N", "LONGITUDE": "097-37-20.9200W"}}, {"type": "Feature", "geometry": {"type": "Point", "coordinates": [-97.67939651936649, 30.678810854287786]}, "properties": {"NAME": "Georgetown Exec", "IDENT": "GTU", "TYPE_CODE": "AD", "SERVCITY": "GEORGETOWN", "ELEVATION": 789.5, "LATITUDE": "30-40-43.7000N", "LONGITUDE": "097-40-45.8000W"}}, {"type": "Feature", "geometry": {"type": "Point", "coordinates": [-98.15834652648321, 28.14306922225211]}, "properties": {"NAME": "Rossler Ranch", "IDENT": "59TS", "TYPE_CODE": "AD", "SERVCITY": "GEORGE WEST", "ELEVATION": 250, "LATITUDE": "28-08-35.0320N", "LONGITUDE": "098-09-30.0200W"}}, {"type": "Feature", "geometry": {"type": "Point", "coordinates": [-97.4902854597803, 32.48722787430642]}, "properties": {"NAME": "Benjamin Franklin", "IDENT": "59TX", "TYPE_CODE": "AD", "SERVCITY": "GODLEY", "ELEVATION": 990, "LATITUDE": "32-29-14.0000N", "LONGITUDE": "097-29-25.0000W"}}, {"type": "Feature", "geometry": {"type": "Point", "coordinates": [-97.56030825436396, 32.470700368216086]}, "properties": {"NAME": "Aresti Aerodrome", "IDENT": "20T", "TYPE_CODE": "AD", "SERVCITY": "GODLEY", "ELEVATION": 985, "LATITUDE": "32-28-14.5010N", "LONGITUDE": "097-33-37.0820W"}}, {"type": "Feature", "geometry": {"type": "Point", "coordinates": [-95.52778497682421, 32.75722800896976]}, "properties": {"NAME": "Fly 1 On", "IDENT": "XA90", "TYPE_CODE": "AD", "SERVCITY": "GOLDEN", "ELEVATION": 474, "LATITUDE": "32-45-26.0000N", "LONGITUDE": "095-31-40.0000W"}}, {"type": "Feature", "geometry": {"type": "Point", "coordinates": [-98.61560567487723, 31.342948445788114]}, "properties": {"NAME": "Edwards", "IDENT": "8TX3", "TYPE_CODE": "AD", "SERVCITY": "GOLDTHWAITE", "ELEVATION": 1300, "LATITUDE": "31-20-34.5950N", "LONGITUDE": "098-36-56.1520W"}}, {"type": "Feature", "geometry": {"type": "Point", "coordinates": [-98.60836345575534, 31.429072073381935]}, "properties": {"NAME": "Goldthwaite Muni", "IDENT": "T37", "TYPE_CODE": "AD", "SERVCITY": "GOLDTHWAITE", "ELEVATION": 1457.6000000000001, "LATITUDE": "31-25-44.6400N", "LONGITUDE": "098-36-30.0800W"}}, {"type": "Feature", "geometry": {"type": "Point", "coordinates": [-97.59875474114732, 28.659104899930853]}, "properties": {"NAME": "Lantana Ridge", "IDENT": "18XA", "TYPE_CODE": "AD", "SERVCITY": "GOLIAD", "ELEVATION": 250, "LATITUDE": "28-39-32.7600N", "LONGITUDE": "097-35-55.4900W"}}, {"type": "Feature", "geometry": {"type": "Point", "coordinates": [-97.46431030051073, 29.529128690240658]}, "properties": {"NAME": "Roger M Dreyer Meml", "IDENT": "T20", "TYPE_CODE": "AD", "SERVCITY": "GONZALES", "ELEVATION": 354, "LATITUDE": "29-31-44.8450N", "LONGITUDE": "097-27-51.4900W"}}, {"type": "Feature", "geometry": {"type": "Point", "coordinates": [-102.98661800018888, 34.006757611674814]}, "properties": {"NAME": "Williams Fld", "IDENT": "TX99", "TYPE_CODE": "AD", "SERVCITY": "GOODLAND", "ELEVATION": 4085, "LATITUDE": "34-00-24.3070N", "LONGITUDE": "102-59-11.7920W"}}, {"type": "Feature", "geometry": {"type": "Point", "coordinates": [-94.90915292345801, 30.592534382852595]}, "properties": {"NAME": "Loghouse /Stol", "IDENT": "TE38", "TYPE_CODE": "AD", "SERVCITY": "GOODRICH", "ELEVATION": 179, "LATITUDE": "30-35-33.1044N", "LONGITUDE": "094-54-32.9256W"}}, {"type": "Feature", "geometry": {"type": "Point", "coordinates": [-98.4197301319412, 32.42667226830252]}, "properties": {"NAME": "Moore Ranch", "IDENT": "83TS", "TYPE_CODE": "AD", "SERVCITY": "GORDON", "ELEVATION": 1200, "LATITUDE": "32-25-36.0000N", "LONGITUDE": "098-25-11.0000W"}}, {"type": "Feature", "geometry": {"type": "Point", "coordinates": [-100.33410550825401, 30.799577442257196]}, "properties": {"NAME": "Rocking R Ranch", "IDENT": "6TA0", "TYPE_CODE": "AD", "SERVCITY": "ELDORADO", "ELEVATION": 2380, "LATITUDE": "30-47-58.4600N", "LONGITUDE": "100-20-02.7500W"}}, {"type": "Feature", "geometry": {"type": "Point", "coordinates": [-97.35028003144949, 30.337714132600386]}, "properties": {"NAME": "Elgin Intracontinental", "IDENT": "56TS", "TYPE_CODE": "AD", "SERVCITY": "ELGIN", "ELEVATION": 558, "LATITUDE": "30-20-15.7520N", "LONGITUDE": "097-21-00.9810W"}}, {"type": "Feature", "geometry": {"type": "Point", "coordinates": [-97.4588945022335, 30.33021357118424]}, "properties": {"NAME": "Baker's Place", "IDENT": "TX61", "TYPE_CODE": "AD", "SERVCITY": "ELGIN", "ELEVATION": 460, "LATITUDE": "30-19-48.7500N", "LONGITUDE": "097-27-31.9930W"}}, {"type": "Feature", "geometry": {"type": "Point", "coordinates": [-97.1947199944994, 30.37910247940538]}, "properties": {"NAME": "Wood Triple D", "IDENT": "TX72", "TYPE_CODE": "AD", "SERVCITY": "ELGIN", "ELEVATION": 505, "LATITUDE": "30-22-44.7500N", "LONGITUDE": "097-11-40.9650W"}}, {"type": "Feature", "geometry": {"type": "Point", "coordinates": [-97.30222974049549, 30.3183385745225]}, "properties": {"NAME": "Hawken Air One", "IDENT": "62TA", "TYPE_CODE": "AD", "SERVCITY": "ELGIN", "ELEVATION": 520, "LATITUDE": "30-19-06.0000N", "LONGITUDE": "097-18-08.0000W"}}, {"type": "Feature", "geometry": {"type": "Point", "coordinates": [-97.42750505283543, 30.38076747126616]}, "properties": {"NAME": "Skye Dance", "IDENT": "1XS2", "TYPE_CODE": "AD", "SERVCITY": "ELGIN", "ELEVATION": 532, "LATITUDE": "30-22-50.7440N", "LONGITUDE": "097-25-38.9910W"}}, {"type": "Feature", "geometry": {"type": "Point", "coordinates": [-98.33696467138321, 29.26829971999684]}, "properties": {"NAME": "Midlake", "IDENT": "28TE", "TYPE_CODE": "AD", "SERVCITY": "ELMENDORF", "ELEVATION": 535, "LATITUDE": "29-16-05.8610N", "LONGITUDE": "098-20-13.0450W"}}, {"type": "Feature", "geometry": {"type": "Point", "coordinates": [-98.37946579506155, 29.296076113071837]}, "properties": {"NAME": "Harmony Fld", "IDENT": "6XS9", "TYPE_CODE": "AD", "SERVCITY": "ELMENDORF", "ELEVATION": 570, "LATITUDE": "29-17-45.8560N", "LONGITUDE": "098-22-46.0490W"}}, {"type": "Feature", "geometry": {"type": "Point", "coordinates": [-98.38363218101159, 29.225245543915552]}, "properties": {"NAME": "Russell Paradise", "IDENT": "2TX1", "TYPE_CODE": "AD", "SERVCITY": "ELMENDORF", "ELEVATION": 535, "LATITUDE": "29-13-30.8660N", "LONGITUDE": "098-23-01.0480W"}}, {"type": "Feature", "geometry": {"type": "Point", "coordinates": [-97.27238546386272, 33.4422780623038]}, "properties": {"NAME": "Bucker Fld", "IDENT": "TE39", "TYPE_CODE": "AD", "SERVCITY": "ERA", "ELEVATION": 887, "LATITUDE": "33-26-32.1800N", "LONGITUDE": "097-16-20.5600W"}}, {"type": "Feature", "geometry": {"type": "Point", "coordinates": [-97.25065212662419, 33.47724473676287]}, "properties": {"NAME": "Ruby Fld", "IDENT": "TX39", "TYPE_CODE": "AD", "SERVCITY": "ERA", "ELEVATION": 650, "LATITUDE": "33-28-38.0600N", "LONGITUDE": "097-15-02.3200W"}}, {"type": "Feature", "geometry": {"type": "Point", "coordinates": [-94.07352030500272, 30.321047023992524]}, "properties": {"NAME": "Ben Bruce Meml Airpark", "IDENT": "4TE8", "TYPE_CODE": "AD", "SERVCITY": "EVADALE", "ELEVATION": 44, "LATITUDE": "30-19-15.7500N", "LONGITUDE": "094-04-24.6490W"}}, {"type": "Feature", "geometry": {"type": "Point", "coordinates": [-97.24232984862458, 32.60794457463566]}, "properties": {"NAME": "Alpine Range", "IDENT": "00TS", "TYPE_CODE": "AD", "SERVCITY": "EVERMAN", "ELEVATION": 670, "LATITUDE": "32-36-28.5800N", "LONGITUDE": "097-14-32.3600W"}}, {"type": "Feature", "geometry": {"type": "Point", "coordinates": [-106.14707077264784, 31.517202330378034]}, "properties": {"NAME": "Fabens", "IDENT": "E35", "TYPE_CODE": "AD", "SERVCITY": "FABENS", "ELEVATION": 3680, "LATITUDE": "31-31-01.9100N", "LONGITUDE": "106-08-49.4200W"}}, {"type": "Feature", "geometry": {"type": "Point", "coordinates": [-96.19747926324018, 31.86266864216645]}, "properties": {"NAME": "Pyramid Ranch", "IDENT": "2TA6", "TYPE_CODE": "AD", "SERVCITY": "FAIRFIELD", "ELEVATION": 362, "LATITUDE": "31-51-45.5870N", "LONGITUDE": "096-11-50.8990W"}}, {"type": "Feature", "geometry": {"type": "Point", "coordinates": [-98.20584733409096, 27.10588345390849]}, "properties": {"NAME": "Cage Ranch", "IDENT": "7TE2", "TYPE_CODE": "AD", "SERVCITY": "FALFURRIAS", "ELEVATION": 148, "LATITUDE": "27-06-21.1640N", "LONGITUDE": "098-12-21.0230W"}}, {"type": "Feature", "geometry": {"type": "Point", "coordinates": [-98.1210353725615, 27.20606014384064]}, "properties": {"NAME": "Brooks County", "IDENT": "BKS", "TYPE_CODE": "AD", "SERVCITY": "FALFURRIAS", "ELEVATION": 111.7, "LATITUDE": "27-12-21.8000N", "LONGITUDE": "098-07-15.7000W"}}, {"type": "Feature", "geometry": {"type": "Point", "coordinates": [-94.208245321479, 29.913833324137947]}, "properties": {"NAME": "Kelley Crop Service", "IDENT": "7TE0", "TYPE_CODE": "AD", "SERVCITY": "FANNETT", "ELEVATION": 21, "LATITUDE": "29-54-49.7810N", "LONGITUDE": "094-12-29.6590W"}}, {"type": "Feature", "geometry": {"type": "Point", "coordinates": [-97.54975220879318, 33.581986409505426]}, "properties": {"NAME": "Bird Dog Landing", "IDENT": "64XA", "TYPE_CODE": "AD", "SERVCITY": "FORESTBURG", "ELEVATION": 960, "LATITUDE": "33-34-55.1300N", "LONGITUDE": "097-32-59.0800W"}}, {"type": "Feature", "geometry": {"type": "Point", "coordinates": [-96.47943882843167, 32.70708045898638]}, "properties": {"NAME": "Sunset", "IDENT": "TA18", "TYPE_CODE": "AD", "SERVCITY": "FORNEY", "ELEVATION": 444, "LATITUDE": "32-42-25.4690N", "LONGITUDE": "096-28-45.9530W"}}, {"type": "Feature", "geometry": {"type": "Point", "coordinates": [-106.38006251044949, 31.849534319531188]}, "properties": {"NAME": "Biggs AAF (Fort Bliss)", "IDENT": "BIF", "TYPE_CODE": "AD", "SERVCITY": "FORT BLISS/EL PASO/", "ELEVATION": 3946.6, "LATITUDE": "31-50-58.3050N", "LONGITUDE": "106-22-48.1900W"}}, {"type": "Feature", "geometry": {"type": "Point", "coordinates": [-97.82892435443608, 31.067255367883963]}, "properties": {"NAME": "Robert Gray AAF", "IDENT": "GRK", "TYPE_CODE": "AD", "SERVCITY": "FORT HOOD (KILLEEN)", "ELEVATION": 1015.2, "LATITUDE": "31-04-02.1000N", "LONGITUDE": "097-49-44.1000W"}}, {"type": "Feature", "geometry": {"type": "Point", "coordinates": [-97.66697155210366, 31.371005710669955]}, "properties": {"NAME": "Longhorn Aux Landing Strip", "IDENT": "22XS", "TYPE_CODE": "AD", "SERVCITY": "FORT HOOD (KILLEEN)", "ELEVATION": 720, "LATITUDE": "31-22-15.6010N", "LONGITUDE": "097-40-01.0700W"}}, {"type": "Feature", "geometry": {"type": "Point", "coordinates": [-97.67113794147504, 31.35850626310381]}, "properties": {"NAME": "Shorthorn Aux Landing Strip", "IDENT": "23XS", "TYPE_CODE": "AD", "SERVCITY": "FORT HOOD (KILLEEN)", "ELEVATION": 720, "LATITUDE": "31-21-30.6030N", "LONGITUDE": "097-40-16.0690W"}}, {"type": "Feature", "geometry": {"type": "Point", "coordinates": [-102.91278667800204, 30.91525513978287]}, "properties": {"NAME": "Fort Stockton-Pecos County", "IDENT": "FST", "TYPE_CODE": "AD", "SERVCITY": "FORT STOCKTON", "ELEVATION": 3011, "LATITUDE": "30-54-54.9000N", "LONGITUDE": "102-54-46.0000W"}}, {"type": "Feature", "geometry": {"type": "Point", "coordinates": [-102.92655471175014, 30.450173945271853]}, "properties": {"NAME": "Allison Ranch", "IDENT": "4TS7", "TYPE_CODE": "AD", "SERVCITY": "FORT STOCKTON", "ELEVATION": 4572, "LATITUDE": "30-27-00.6080N", "LONGITUDE": "102-55-35.5650W"}}, {"type": "Feature", "geometry": {"type": "Point", "coordinates": [-97.41169352183898, 32.93124240601352]}, "properties": {"NAME": "Hicks Airfield", "IDENT": "T67", "TYPE_CODE": "AD", "SERVCITY": "FORT WORTH", "ELEVATION": 855, "LATITUDE": "32-55-52.4520N", "LONGITUDE": "097-24-42.0690W"}}, {"type": "Feature", "geometry": {"type": "Point", "coordinates": [-97.3540145998715, 32.627033462452225]}, "properties": {"NAME": "Sycamore Strip", "IDENT": "9F9", "TYPE_CODE": "AD", "SERVCITY": "FORT WORTH", "ELEVATION": 762, "LATITUDE": "32-37-37.3000N", "LONGITUDE": "097-21-14.4250W"}}, {"type": "Feature", "geometry": {"type": "Point", "coordinates": [-97.53495076955952, 32.82927238157434]}, "properties": {"NAME": "Flying Oaks", "IDENT": "2TE2", "TYPE_CODE": "AD", "SERVCITY": "FORT WORTH", "ELEVATION": 720, "LATITUDE": "32-49-45.3600N", "LONGITUDE": "097-32-05.7950W"}}, {"type": "Feature", "geometry": {"type": "Point", "coordinates": [-97.44154240844173, 32.769191818383845]}, "properties": {"NAME": "Fort Worth NAS JRB (Carswell Fld)", "IDENT": "NFW", "TYPE_CODE": "AD", "SERVCITY": "FORT WORTH", "ELEVATION": 650, "LATITUDE": "32-46-09.0700N", "LONGITUDE": "097-26-29.5250W"}}, {"type": "Feature", "geometry": {"type": "Point", "coordinates": [-97.48780658742493, 32.77513431749254]}, "properties": {"NAME": "Stubbs Strip", "IDENT": "TS73", "TYPE_CODE": "AD", "SERVCITY": "FORT WORTH", "ELEVATION": 755, "LATITUDE": "32-46-30.4630N", "LONGITUDE": "097-29-16.0760W"}}, {"type": "Feature", "geometry": {"type": "Point", "coordinates": [-97.30844708471658, 32.565139285738375]}, "properties": {"NAME": "Fort Worth Spinks", "IDENT": "FWS", "TYPE_CODE": "AD", "SERVCITY": "FORT WORTH", "ELEVATION": 700.4, "LATITUDE": "32-33-54.4810N", "LONGITUDE": "097-18-30.3820W"}}, {"type": "Feature", "geometry": {"type": "Point", "coordinates": [-99.09477351251137, 30.210486266368736]}, "properties": {"NAME": "White Oak", "IDENT": "44TX", "TYPE_CODE": "AD", "SERVCITY": "FREDERICKSBURG", "ELEVATION": 1875, "LATITUDE": "30-12-37.7320N", "LONGITUDE": "099-05-41.1560W"}}, {"type": "Feature", "geometry": {"type": "Point", "coordinates": [-98.70124396551216, 30.092991257948544]}, "properties": {"NAME": "Headwaters", "IDENT": "25XA", "TYPE_CODE": "AD", "SERVCITY": "FREDERICKSBURG", "ELEVATION": 1974, "LATITUDE": "30-05-34.7500N", "LONGITUDE": "098-42-04.4500W"}}, {"type": "Feature", "geometry": {"type": "Point", "coordinates": [-98.70254108828837, 27.715504675679504]}, "properties": {"NAME": "Douglass Ranch", "IDENT": "TX56", "TYPE_CODE": "AD", "SERVCITY": "FREER", "ELEVATION": 680, "LATITUDE": "27-42-55.8000N", "LONGITUDE": "098-42-09.1200W"}}, {"type": "Feature", "geometry": {"type": "Point", "coordinates": [-98.88286892077875, 27.99711583821659]}, "properties": {"NAME": "Seven C's Ranch", "IDENT": "0XA4", "TYPE_CODE": "AD", "SERVCITY": "FREER", "ELEVATION": 336.40000000000003, "LATITUDE": "27-59-49.6000N", "LONGITUDE": "098-52-58.3000W"}}, {"type": "Feature", "geometry": {"type": "Point", "coordinates": [-98.71696970713747, 27.83363608815344]}, "properties": {"NAME": "Duval County Ranch Company", "IDENT": "28TA", "TYPE_CODE": "AD", "SERVCITY": "FREER", "ELEVATION": 665, "LATITUDE": "27-50-01.0730N", "LONGITUDE": "098-43-01.0630W"}}, {"type": "Feature", "geometry": {"type": "Point", "coordinates": [-98.40377157996292, 27.95882417764163]}, "properties": {"NAME": "Triple B Ranch", "IDENT": "42XS", "TYPE_CODE": "AD", "SERVCITY": "FREER", "ELEVATION": 500, "LATITUDE": "27-57-31.7500N", "LONGITUDE": "098-24-13.5500W"}}, {"type": "Feature", "geometry": {"type": "Point", "coordinates": [-98.59996606951375, 27.888699157694976]}, "properties": {"NAME": "Duval-Freer", "IDENT": "T19", "TYPE_CODE": "AD", "SERVCITY": "FREER", "ELEVATION": 564, "LATITUDE": "27-53-19.3000N", "LONGITUDE": "098-35-59.8500W"}}, {"type": "Feature", "geometry": {"type": "Point", "coordinates": [-96.50025615044942, 29.08359502123934]}, "properties": {"NAME": "Kubecka Aviation", "IDENT": "TS08", "TYPE_CODE": "AD", "SERVCITY": "GANADO", "ELEVATION": 74, "LATITUDE": "29-05-00.9240N", "LONGITUDE": "096-30-00.8960W"}}, {"type": "Feature", "geometry": {"type": "Point", "coordinates": [-98.30446607029572, 29.671896745737552]}, "properties": {"NAME": "Bat Cave Fld", "IDENT": "TS55", "TYPE_CODE": "AD", "SERVCITY": "GARDEN RIDGE", "ELEVATION": 850, "LATITUDE": "29-40-18.8100N", "LONGITUDE": "098-18-16.0500W"}}, {"type": "Feature", "geometry": {"type": "Point", "coordinates": [-98.11647985763868, 28.362810379970693]}, "properties": {"NAME": "Live Oak County", "IDENT": "8T6", "TYPE_CODE": "AD", "SERVCITY": "GEORGE WEST", "ELEVATION": 128.7, "LATITUDE": "28-21-46.1000N", "LONGITUDE": "098-06-59.3000W"}}, {"type": "Feature", "geometry": {"type": "Point", "coordinates": [-97.9961240507992, 29.687730648521967]}, "properties": {"NAME": "Moltz", "IDENT": "50TA", "TYPE_CODE": "AD", "SERVCITY": "GERONIMO", "ELEVATION": 600, "LATITUDE": "29-41-15.8120N", "LONGITUDE": "097-59-46.0190W"}}, {"type": "Feature", "geometry": {"type": "Point", "coordinates": [-96.85609823121868, 30.143278000828175]}, "properties": {"NAME": "Bar S Ranch", "IDENT": "9TX1", "TYPE_CODE": "AD", "SERVCITY": "GIDDINGS", "ELEVATION": 465, "LATITUDE": "30-08-35.7820N", "LONGITUDE": "096-51-21.9270W"}}, {"type": "Feature", "geometry": {"type": "Point", "coordinates": [-96.98003520860529, 30.169283001590756]}, "properties": {"NAME": "Giddings-Lee County", "IDENT": "GYB", "TYPE_CODE": "AD", "SERVCITY": "GIDDINGS", "ELEVATION": 484.1, "LATITUDE": "30-10-09.4000N", "LONGITUDE": "096-58-48.1000W"}}, {"type": "Feature", "geometry": {"type": "Point", "coordinates": [-94.94887537875933, 32.69803774381321]}, "properties": {"NAME": "Fox Stephens Fld/Gilmer Muni", "IDENT": "JXI", "TYPE_CODE": "AD", "SERVCITY": "GILMER", "ELEVATION": 415.40000000000003, "LATITUDE": "32-41-52.9150N", "LONGITUDE": "094-56-55.9260W"}}, {"type": "Feature", "geometry": {"type": "Point", "coordinates": [-94.97175704188032, 32.52883909888724]}, "properties": {"NAME": "Gladewater Muni", "IDENT": "07F", "TYPE_CODE": "AD", "SERVCITY": "GLADEWATER", "ELEVATION": 296.5, "LATITUDE": "32-31-43.8000N", "LONGITUDE": "094-58-18.3000W"}}, {"type": "Feature", "geometry": {"type": "Point", "coordinates": [-97.8423571970872, 32.20048447241183]}, "properties": {"NAME": "Rancho Hielo Brazos", "IDENT": "TA35", "TYPE_CODE": "AD", "SERVCITY": "GLEN ROSE", "ELEVATION": 928, "LATITUDE": "32-12-01.7240N", "LONGITUDE": "097-50-32.4580W"}}, {"type": "Feature", "geometry": {"type": "Point", "coordinates": [-97.86698387408728, 32.26681337286896]}, "properties": {"NAME": "Running M Ranch", "IDENT": "09TE", "TYPE_CODE": "AD", "SERVCITY": "GLEN ROSE", "ELEVATION": 787, "LATITUDE": "32-16-00.5080N", "LONGITUDE": "097-52-01.1140W"}}, {"type": "Feature", "geometry": {"type": "Point", "coordinates": [-97.83364885996652, 32.16681641042763]}, "properties": {"NAME": "Wright Ranch", "IDENT": "TX93", "TYPE_CODE": "AD", "SERVCITY": "GLEN ROSE", "ELEVATION": 900, "LATITUDE": "32-10-00.5190N", "LONGITUDE": "097-50-01.1080W"}}, {"type": "Feature", "geometry": {"type": "Point", "coordinates": [-97.7261463376371, 32.244870874653145]}, "properties": {"NAME": "Wyatt 3-Rivers", "IDENT": "8TS7", "TYPE_CODE": "AD", "SERVCITY": "GLEN ROSE", "ELEVATION": 615, "LATITUDE": "32-14-41.5150N", "LONGITUDE": "097-43-34.0990W"}}, {"type": "Feature", "geometry": {"type": "Point", "coordinates": [-97.87064665128416, 32.23732503316495]}, "properties": {"NAME": "Circle P Ranch", "IDENT": "41TA", "TYPE_CODE": "AD", "SERVCITY": "GLEN ROSE", "ELEVATION": 800, "LATITUDE": "32-14-14.3500N", "LONGITUDE": "097-52-14.3000W"}}, {"type": "Feature", "geometry": {"type": "Point", "coordinates": [-97.64217437071115, 32.21167226090141]}, "properties": {"NAME": "Little 'L' Ranch", "IDENT": "TS61", "TYPE_CODE": "AD", "SERVCITY": "GLEN ROSE", "ELEVATION": 585, "LATITUDE": "32-12-42.0000N", "LONGITUDE": "097-38-31.8000W"}}, {"type": "Feature", "geometry": {"type": "Point", "coordinates": [-97.8996515475364, 32.23762419900274]}, "properties": {"NAME": "Circle Eight Ranch", "IDENT": "XA04", "TYPE_CODE": "AD", "SERVCITY": "GLEN ROSE", "ELEVATION": 800, "LATITUDE": "32-14-15.4270N", "LONGITUDE": "097-53-58.7176W"}}, {"type": "Feature", "geometry": {"type": "Point", "coordinates": [-96.81007656659632, 33.839352017874944]}, "properties": {"NAME": "Cedar Mills", "IDENT": "3T0", "TYPE_CODE": "AD", "SERVCITY": "GORDONVILLE", "ELEVATION": 640, "LATITUDE": "33-50-21.6459N", "LONGITUDE": "096-48-36.2483W"}}, {"type": "Feature", "geometry": {"type": "Point", "coordinates": [-98.66561795761766, 32.2043097164775]}, "properties": {"NAME": "Gorman", "IDENT": "0TE6", "TYPE_CODE": "AD", "SERVCITY": "GORMAN", "ELEVATION": 1452, "LATITUDE": "32-12-15.4950N", "LONGITUDE": "098-39-56.1960W"}}, {"type": "Feature", "geometry": {"type": "Point", "coordinates": [-98.43688072243627, 32.923330275416355]}, "properties": {"NAME": "Possum Kingdom", "IDENT": "F35", "TYPE_CODE": "AD", "SERVCITY": "GRAFORD", "ELEVATION": 1008.3000000000001, "LATITUDE": "32-55-23.9685N", "LONGITUDE": "098-26-12.7420W"}}, {"type": "Feature", "geometry": {"type": "Point", "coordinates": [-98.55478492944142, 33.110731554536635]}, "properties": {"NAME": "Graham Muni", "IDENT": "RPH", "TYPE_CODE": "AD", "SERVCITY": "GRAHAM", "ELEVATION": 1122.8, "LATITUDE": "33-06-38.6130N", "LONGITUDE": "098-33-17.1970W"}}, {"type": "Feature", "geometry": {"type": "Point", "coordinates": [-98.46006155965584, 32.89873818686574]}, "properties": {"NAME": "Costello Island, Inc", "IDENT": "4TA3", "TYPE_CODE": "AD", "SERVCITY": "GRAHAM", "ELEVATION": 1020, "LATITUDE": "32-53-55.4370N", "LONGITUDE": "098-27-36.1930W"}}, {"type": "Feature", "geometry": {"type": "Point", "coordinates": [-98.62609133006214, 33.015116811847385]}, "properties": {"NAME": "Rosser Ranch", "IDENT": "10TT", "TYPE_CODE": "AD", "SERVCITY": "GRAHAM", "ELEVATION": 1112, "LATITUDE": "33-00-54.4000N", "LONGITUDE": "098-37-33.9000W"}}, {"type": "Feature", "geometry": {"type": "Point", "coordinates": [-97.82138054005861, 32.44307785191687]}, "properties": {"NAME": "Granbury Rgnl", "IDENT": "GDJ", "TYPE_CODE": "AD", "SERVCITY": "GRANBURY", "ELEVATION": 835.2, "LATITUDE": "32-26-35.0600N", "LONGITUDE": "097-49-16.9420W"}}, {"type": "Feature", "geometry": {"type": "Point", "coordinates": [-97.80872997547851, 32.351144502187964]}, "properties": {"NAME": "Parker", "IDENT": "TS89", "TYPE_CODE": "AD", "SERVCITY": "GRANBURY", "ELEVATION": 925, "LATITUDE": "32-21-04.1000N", "LONGITUDE": "097-48-31.4000W"}}, {"type": "Feature", "geometry": {"type": "Point", "coordinates": [-97.64501882438724, 32.365526455816955]}, "properties": {"NAME": "The Landings", "IDENT": "66TE", "TYPE_CODE": "AD", "SERVCITY": "GRANBURY", "ELEVATION": 708, "LATITUDE": "32-21-55.8750N", "LONGITUDE": "097-38-42.0400W"}}, {"type": "Feature", "geometry": {"type": "Point", "coordinates": [-97.71281273353229, 32.419589241120924]}, "properties": {"NAME": "Nassau Bay", "IDENT": "0TX0", "TYPE_CODE": "AD", "SERVCITY": "GRANBURY", "ELEVATION": 714, "LATITUDE": "32-25-10.5010N", "LONGITUDE": "097-42-46.0980W"}}, {"type": "Feature", "geometry": {"type": "Point", "coordinates": [-97.67613272048408, 32.35376256328603]}, "properties": {"NAME": "Pecan Plantation", "IDENT": "0TX1", "TYPE_CODE": "AD", "SERVCITY": "GRANBURY", "ELEVATION": 710, "LATITUDE": "32-21-13.5250N", "LONGITUDE": "097-40-34.0500W"}}, {"type": "Feature", "geometry": {"type": "Point", "coordinates": [-97.04692424978079, 32.69878348914778]}, "properties": {"NAME": "Grand Prairie Muni", "IDENT": "GPM", "TYPE_CODE": "AD", "SERVCITY": "GRAND PRAIRIE", "ELEVATION": 590, "LATITUDE": "32-41-55.6000N", "LONGITUDE": "097-02-48.9000W"}}, {"type": "Feature", "geometry": {"type": "Point", "coordinates": [-97.2044625989788, 32.300151184978354]}, "properties": {"NAME": "Flying M Ranch", "IDENT": "11TE", "TYPE_CODE": "AD", "SERVCITY": "GRANDVIEW", "ELEVATION": 700, "LATITUDE": "32-18-00.5240N", "LONGITUDE": "097-12-16.0380W"}}, {"type": "Feature", "geometry": {"type": "Point", "coordinates": [-97.23111871748615, 32.31389451947137]}, "properties": {"NAME": "Drennan", "IDENT": "3XA0", "TYPE_CODE": "AD", "SERVCITY": "GRANDVIEW", "ELEVATION": 726, "LATITUDE": "32-18-50.0000N", "LONGITUDE": "097-13-52.0000W"}}, {"type": "Feature", "geometry": {"type": "Point", "coordinates": [-97.09967424096521, 32.32400563789799]}, "properties": {"NAME": "Double A", "IDENT": "XA75", "TYPE_CODE": "AD", "SERVCITY": "GRANDVIEW", "ELEVATION": 635, "LATITUDE": "32-19-26.4000N", "LONGITUDE": "097-05-58.8000W"}}, {"type": "Feature", "geometry": {"type": "Point", "coordinates": [-98.37031140825641, 30.589359977116807]}, "properties": {"NAME": "Granite Shoals/ Bob Sylvester Airpark", "IDENT": "2G5", "TYPE_CODE": "AD", "SERVCITY": "GRANITE SHOALS", "ELEVATION": 860, "LATITUDE": "30-35-21.6770N", "LONGITUDE": "098-22-13.0930W"}}, {"type": "Feature", "geometry": {"type": "Point", "coordinates": [-95.63496021069649, 31.47657192169127]}, "properties": {"NAME": "W C Ranch", "IDENT": "7XS3", "TYPE_CODE": "AD", "SERVCITY": "GRAPELAND", "ELEVATION": 337, "LATITUDE": "31-28-35.6390N", "LONGITUDE": "095-38-05.8310W"}}, {"type": "Feature", "geometry": {"type": "Point", "coordinates": [-96.06534068853901, 33.067839156427965]}, "properties": {"NAME": "Majors", "IDENT": "GVT", "TYPE_CODE": "AD", "SERVCITY": "GREENVILLE", "ELEVATION": 534.9, "LATITUDE": "33-04-04.2000N", "LONGITUDE": "096-03-55.2000W"}}, {"type": "Feature", "geometry": {"type": "Point", "coordinates": [-101.90879747809903, 34.12924824199772]}, "properties": {"NAME": "Laney Farm", "IDENT": "1TX5", "TYPE_CODE": "AD", "SERVCITY": "HALE CENTER", "ELEVATION": 3483, "LATITUDE": "34-07-45.2730N", "LONGITUDE": "101-54-31.6390W"}}, {"type": "Feature", "geometry": {"type": "Point", "coordinates": [-101.92546665537215, 34.2167451999278]}, "properties": {"NAME": "Smith Farms", "IDENT": "0TA2", "TYPE_CODE": "AD", "SERVCITY": "HALFWAY", "ELEVATION": 3487, "LATITUDE": "34-13-00.2620N", "LONGITUDE": "101-55-31.6480W"}}, {"type": "Feature", "geometry": {"type": "Point", "coordinates": [-96.95606711124336, 29.389963401419017]}, "properties": {"NAME": "Hallettsville Muni", "IDENT": "34R", "TYPE_CODE": "AD", "SERVCITY": "HALLETTSVILLE", "ELEVATION": 277.7, "LATITUDE": "29-23-23.8500N", "LONGITUDE": "096-57-21.8150W"}}, {"type": "Feature", "geometry": {"type": "Point", "coordinates": [-98.14865085504186, 31.66592630273431]}, "properties": {"NAME": "Hamilton Muni", "IDENT": "MNZ", "TYPE_CODE": "AD", "SERVCITY": "HAMILTON", "ELEVATION": 1304.8, "LATITUDE": "31-39-57.3150N", "LONGITUDE": "098-08-55.1150W"}}, {"type": "Feature", "geometry": {"type": "Point", "coordinates": [-98.09643000988049, 31.698493256025902]}, "properties": {"NAME": "Muxworthy", "IDENT": "1TX6", "TYPE_CODE": "AD", "SERVCITY": "HAMILTON", "ELEVATION": 1210, "LATITUDE": "31-41-54.5560N", "LONGITUDE": "098-05-47.1200W"}}, {"type": "Feature", "geometry": {"type": "Point", "coordinates": [-98.10588278996008, 31.6936582547257]}, "properties": {"NAME": "Yacht Club", "IDENT": "8XA7", "TYPE_CODE": "AD", "SERVCITY": "HAMILTON", "ELEVATION": 1210, "LATITUDE": "31-41-37.1500N", "LONGITUDE": "098-06-21.1500W"}}, {"type": "Feature", "geometry": {"type": "Point", "coordinates": [-100.18372197606877, 32.80567059319587]}, "properties": {"NAME": "Killion Ranch", "IDENT": "1TX7", "TYPE_CODE": "AD", "SERVCITY": "HAMLIN", "ELEVATION": 1845, "LATITUDE": "32-48-20.3940N", "LONGITUDE": "100-11-01.3690W"}}, {"type": "Feature", "geometry": {"type": "Point", "coordinates": [-100.13665716244962, 32.849680853196325]}, "properties": {"NAME": "Hamlin", "IDENT": "16TX", "TYPE_CODE": "AD", "SERVCITY": "HAMLIN", "ELEVATION": 1753, "LATITUDE": "32-50-58.8309N", "LONGITUDE": "100-08-11.9357W"}}, {"type": "Feature", "geometry": {"type": "Point", "coordinates": [-97.65531939234248, 26.22656383951725]}, "properties": {"NAME": "Valley Intl", "IDENT": "HRL", "TYPE_CODE": "AD", "SERVCITY": "HARLINGEN", "ELEVATION": 36.300000000000004, "LATITUDE": "26-13-35.6140N", "LONGITUDE": "097-39-19.1230W"}}, {"type": "Feature", "geometry": {"type": "Point", "coordinates": [-98.73695219473574, 27.349560156398475]}, "properties": {"NAME": "Jim Hogg County", "IDENT": "HBV", "TYPE_CODE": "AD", "SERVCITY": "HEBBRONVILLE", "ELEVATION": 662.8000000000001, "LATITUDE": "27-20-58.4000N", "LONGITUDE": "098-44-13.0000W"}}, {"type": "Feature", "geometry": {"type": "Point", "coordinates": [-98.60169270831561, 27.075605381090064]}, "properties": {"NAME": "Puesta Del Sol", "IDENT": "TA44", "TYPE_CODE": "AD", "SERVCITY": "HEBBRONVILLE", "ELEVATION": 448, "LATITUDE": "27-04-32.1630N", "LONGITUDE": "098-36-06.0660W"}}, {"type": "Feature", "geometry": {"type": "Point", "coordinates": [-96.06047385458956, 29.939391320835984]}, "properties": {"NAME": "Pea Patch", "IDENT": "4TA4", "TYPE_CODE": "AD", "SERVCITY": "HEMPSTEAD", "ELEVATION": 174, "LATITUDE": "29-56-21.7900N", "LONGITUDE": "096-03-37.6800W"}}, {"type": "Feature", "geometry": {"type": "Point", "coordinates": [-96.01415996701026, 30.224042768876824]}, "properties": {"NAME": "Weeski Ranch", "IDENT": "00XA", "TYPE_CODE": "AD", "SERVCITY": "HEMPSTEAD", "ELEVATION": 271, "LATITUDE": "30-13-26.5350N", "LONGITUDE": "096-00-50.9500W"}}, {"type": "Feature", "geometry": {"type": "Point", "coordinates": [-94.85173532189002, 32.141728472858546]}, "properties": {"NAME": "Rusk County", "IDENT": "RFI", "TYPE_CODE": "AD", "SERVCITY": "HENDERSON", "ELEVATION": 441.90000000000003, "LATITUDE": "32-08-30.2020N", "LONGITUDE": "094-51-06.2220W"}}, {"type": "Feature", "geometry": {"type": "Point", "coordinates": [-98.28863637019083, 30.2240974093248]}, "properties": {"NAME": "Byram Ranch", "IDENT": "63XS", "TYPE_CODE": "AD", "SERVCITY": "HENLY", "ELEVATION": 1120, "LATITUDE": "30-13-26.7320N", "LONGITUDE": "098-17-19.0630W"}}, {"type": "Feature", "geometry": {"type": "Point", "coordinates": [-98.216997389271, 33.78344002649421]}, "properties": {"NAME": "Henrietta", "IDENT": "8TS2", "TYPE_CODE": "AD", "SERVCITY": "HENRIETTA", "ELEVATION": 932, "LATITUDE": "33-47-00.3630N", "LONGITUDE": "098-13-01.1620W"}}, {"type": "Feature", "geometry": {"type": "Point", "coordinates": [-98.22810878318326, 33.81538364276325]}, "properties": {"NAME": "Pierce", "IDENT": "TE10", "TYPE_CODE": "AD", "SERVCITY": "HENRIETTA", "ELEVATION": 885, "LATITUDE": "33-48-55.3600N", "LONGITUDE": "098-13-41.1630W"}}, {"type": "Feature", "geometry": {"type": "Point", "coordinates": [-102.20048594791578, 35.03339532179296]}, "properties": {"NAME": "Kimball Farm Service Inc", "IDENT": "5XS2", "TYPE_CODE": "AD", "SERVCITY": "HEREFORD", "ELEVATION": 3700, "LATITUDE": "35-02-00.2020N", "LONGITUDE": "102-12-01.7170W"}}, {"type": "Feature", "geometry": {"type": "Point", "coordinates": [-102.32589227013605, 34.86070473175943]}, "properties": {"NAME": "Hereford Muni", "IDENT": "HRX", "TYPE_CODE": "AD", "SERVCITY": "HEREFORD", "ELEVATION": 3787.6, "LATITUDE": "34-51-38.5160N", "LONGITUDE": "102-19-33.1797W"}}, {"type": "Feature", "geometry": {"type": "Point", "coordinates": [-99.48368141979648, 30.916846108190377]}, "properties": {"NAME": "Smith I-Ranch", "IDENT": "14TE", "TYPE_CODE": "AD", "SERVCITY": "HEXT", "ELEVATION": 1793, "LATITUDE": "30-55-00.6270N", "LONGITUDE": "099-29-01.2240W"}}, {"type": "Feature", "geometry": {"type": "Point", "coordinates": [-98.0100416738693, 32.026540821622646]}, "properties": {"NAME": "Ray Smith Farm", "IDENT": "2TX2", "TYPE_CODE": "AD", "SERVCITY": "HICO", "ELEVATION": 1050, "LATITUDE": "32-01-35.5270N", "LONGITUDE": "098-00-36.1220W"}}, {"type": "Feature", "geometry": {"type": "Point", "coordinates": [-98.35876473530462, 30.527056632512643]}, "properties": {"NAME": "Horseshoe Bay Resort", "IDENT": "DZB", "TYPE_CODE": "AD", "SERVCITY": "HORSESHOE BAY", "ELEVATION": 1093, "LATITUDE": "30-31-37.3850N", "LONGITUDE": "098-21-31.5250W"}}, {"type": "Feature", "geometry": {"type": "Point", "coordinates": [-95.2421458490652, 29.52128293026315]}, "properties": {"NAME": "Pearland Rgnl", "IDENT": "LVJ", "TYPE_CODE": "AD", "SERVCITY": "HOUSTON", "ELEVATION": 43.9, "LATITUDE": "29-31-16.6000N", "LONGITUDE": "095-14-31.7000W"}}, {"type": "Feature", "geometry": {"type": "Point", "coordinates": [-95.2752205794764, 29.519683761835015]}, "properties": {"NAME": "Houston Airpark", "IDENT": "21XS", "TYPE_CODE": "AD", "SERVCITY": "HOUSTON", "ELEVATION": 48, "LATITUDE": "29-31-10.8430N", "LONGITUDE": "095-16-30.7690W"}}, {"type": "Feature", "geometry": {"type": "Point", "coordinates": [-95.47692368653243, 29.506144030346025]}, "properties": {"NAME": "Houston/Southwest", "IDENT": "AXH", "TYPE_CODE": "AD", "SERVCITY": "HOUSTON", "ELEVATION": 68.9, "LATITUDE": "29-30-22.1000N", "LONGITUDE": "095-28-36.9000W"}}, {"type": "Feature", "geometry": {"type": "Point", "coordinates": [-95.65654123749913, 29.62225377013994]}, "properties": {"NAME": "Sugar Land Rgnl", "IDENT": "SGR", "TYPE_CODE": "AD", "SERVCITY": "HOUSTON", "ELEVATION": 81.10000000000001, "LATITUDE": "29-37-20.0950N", "LONGITUDE": "095-39-23.5230W"}}, {"type": "Feature", "geometry": {"type": "Point", "coordinates": [-95.89839601573087, 29.499171792880038]}, "properties": {"NAME": "Houston Fort Bend", "IDENT": "2H5", "TYPE_CODE": "AD", "SERVCITY": "HOUSTON", "ELEVATION": 105, "LATITUDE": "29-29-57.0000N", "LONGITUDE": "095-53-54.2000W"}}, {"type": "Feature", "geometry": {"type": "Point", "coordinates": [-95.27723855750705, 29.645805009713918]}, "properties": {"NAME": "William P Hobby", "IDENT": "HOU", "TYPE_CODE": "AD", "SERVCITY": "HOUSTON", "ELEVATION": 46.300000000000004, "LATITUDE": "29-38-44.8794N", "LONGITUDE": "095-16-38.0337W"}}, {"type": "Feature", "geometry": {"type": "Point", "coordinates": [-95.3414495061353, 29.984440521865206]}, "properties": {"NAME": "George Bush Intcntl/Houston", "IDENT": "IAH", "TYPE_CODE": "AD", "SERVCITY": "HOUSTON", "ELEVATION": 95.8, "LATITUDE": "29-59-03.9670N", "LONGITUDE": "095-20-29.1930W"}}, {"type": "Feature", "geometry": {"type": "Point", "coordinates": [-95.89789602915225, 29.805032966206586]}, "properties": {"NAME": "Houston Exec", "IDENT": "TME", "TYPE_CODE": "AD", "SERVCITY": "HOUSTON", "ELEVATION": 165.9, "LATITUDE": "29-48-18.1000N", "LONGITUDE": "095-53-52.4000W"}}, {"type": "Feature", "geometry": {"type": "Point", "coordinates": [-101.66850683458156, 33.68175651065041]}, "properties": {"NAME": "Everitt", "IDENT": "2TX6", "TYPE_CODE": "AD", "SERVCITY": "IDALOU", "ELEVATION": 3200, "LATITUDE": "33-40-54.3030N", "LONGITUDE": "101-40-06.5930W"}}, {"type": "Feature", "geometry": {"type": "Point", "coordinates": [-96.5274830788096, 28.530282406900483]}, "properties": {"NAME": "Big Duke's Place", "IDENT": "5TS9", "TYPE_CODE": "AD", "SERVCITY": "INDIANOLA", "ELEVATION": 5, "LATITUDE": "28-31-48.9990N", "LONGITUDE": "096-31-38.9130W"}}, {"type": "Feature", "geometry": {"type": "Point", "coordinates": [-96.58101982237459, 30.0035663156174]}, "properties": {"NAME": "Rabb and Nobra", "IDENT": "6TS8", "TYPE_CODE": "AD", "SERVCITY": "INDUSTRY", "ELEVATION": 417, "LATITUDE": "30-00-12.8200N", "LONGITUDE": "096-34-51.6450W"}}, {"type": "Feature", "geometry": {"type": "Point", "coordinates": [-97.21149461586852, 27.913036426163682]}, "properties": {"NAME": "Ingleside Rgnl", "IDENT": "TFP", "TYPE_CODE": "AD", "SERVCITY": "INGLESIDE", "ELEVATION": 17.7, "LATITUDE": "27-54-46.9140N", "LONGITUDE": "097-12-41.3540W"}}, {"type": "Feature", "geometry": {"type": "Point", "coordinates": [-96.13107529922706, 30.731588699212]}, "properties": {"NAME": "K Ranch", "IDENT": "3TE0", "TYPE_CODE": "AD", "SERVCITY": "IOLA", "ELEVATION": 285, "LATITUDE": "30-43-53.7000N", "LONGITUDE": "096-07-51.8450W"}}, {"type": "Feature", "geometry": {"type": "Point", "coordinates": [-101.88981421731413, 30.906227400891186]}, "properties": {"NAME": "Iraan Muni", "IDENT": "2F0", "TYPE_CODE": "AD", "SERVCITY": "IRAAN", "ELEVATION": 2200, "LATITUDE": "30-54-22.4000N", "LONGITUDE": "101-53-23.3000W"}}, {"type": "Feature", "geometry": {"type": "Point", "coordinates": [-96.11692515799126, 33.250118911751294]}, "properties": {"NAME": "Card Aerodrome", "IDENT": "0TX9", "TYPE_CODE": "AD", "SERVCITY": "GREENVILLE", "ELEVATION": 540, "LATITUDE": "33-15-00.4070N", "LONGITUDE": "096-07-00.9040W"}}, {"type": "Feature", "geometry": {"type": "Point", "coordinates": [-96.03997790034006, 32.9906799768422]}, "properties": {"NAME": "Jlinn", "IDENT": "37TS", "TYPE_CODE": "AD", "SERVCITY": "GREENVILLE", "ELEVATION": 460, "LATITUDE": "32-59-26.4270N", "LONGITUDE": "096-02-23.8940W"}}, {"type": "Feature", "geometry": {"type": "Point", "coordinates": [-96.07056290688048, 32.96945024847895]}, "properties": {"NAME": "Weese Intl", "IDENT": "XS14", "TYPE_CODE": "AD", "SERVCITY": "GREENVILLE", "ELEVATION": 487, "LATITUDE": "32-58-10.0000N", "LONGITUDE": "096-04-14.0000W"}}, {"type": "Feature", "geometry": {"type": "Point", "coordinates": [-95.16411812446513, 31.084338805629606]}, "properties": {"NAME": "Groveton/Trinity County", "IDENT": "33R", "TYPE_CODE": "AD", "SERVCITY": "GROVETON", "ELEVATION": 340, "LATITUDE": "31-05-03.6000N", "LONGITUDE": "095-09-50.8000W"}}, {"type": "Feature", "geometry": {"type": "Point", "coordinates": [-101.43219836269205, 36.23373222672521]}, "properties": {"NAME": "Gruver Muni", "IDENT": "E19", "TYPE_CODE": "AD", "SERVCITY": "GRUVER", "ELEVATION": 3205.3, "LATITUDE": "36-14-01.4140N", "LONGITUDE": "101-25-55.8820W"}}, {"type": "Feature", "geometry": {"type": "Point", "coordinates": [-96.1455628897134, 32.35472790553385]}, "properties": {"NAME": "Gun Barrel City Airpark", "IDENT": "74XA", "TYPE_CODE": "AD", "SERVCITY": "GUN BARREL CITY", "ELEVATION": 385, "LATITUDE": "32-21-17.0000N", "LONGITUDE": "096-08-44.0000W"}}, {"type": "Feature", "geometry": {"type": "Point", "coordinates": [-100.34720845931534, 33.64278906715141]}, "properties": {"NAME": "6666 Ranch", "IDENT": "6TE6", "TYPE_CODE": "AD", "SERVCITY": "GUTHRIE", "ELEVATION": 1782.3, "LATITUDE": "33-38-34.0200N", "LONGITUDE": "100-20-49.9200W"}}, {"type": "Feature", "geometry": {"type": "Point", "coordinates": [-100.15039063864506, 33.71675742349906]}, "properties": {"NAME": "J Y Ranch-R B Masterson Iii Estate", "IDENT": "1TX2", "TYPE_CODE": "AD", "SERVCITY": "GUTHRIE", "ELEVATION": 1808, "LATITUDE": "33-43-00.3060N", "LONGITUDE": "100-09-01.3760W"}}, {"type": "Feature", "geometry": {"type": "Point", "coordinates": [-100.54206988073673, 33.42509263071499]}, "properties": {"NAME": "Beggs Ranch", "IDENT": "1TX3", "TYPE_CODE": "AD", "SERVCITY": "GUTHRIE", "ELEVATION": 1870, "LATITUDE": "33-25-30.3130N", "LONGITUDE": "100-32-31.4210W"}}, {"type": "Feature", "geometry": {"type": "Point", "coordinates": [-97.73361135503795, 26.16841327037725]}, "properties": {"NAME": "Shofner Farms", "IDENT": "2TS2", "TYPE_CODE": "AD", "SERVCITY": "HARLINGEN", "ELEVATION": 57, "LATITUDE": "26-10-06.2720N", "LONGITUDE": "097-44-00.9740W"}}, {"type": "Feature", "geometry": {"type": "Point", "coordinates": [-99.24754133383449, 30.35502184447153]}, "properties": {"NAME": "Lone Star Flying Service", "IDENT": "XA41", "TYPE_CODE": "AD", "SERVCITY": "HARPER", "ELEVATION": 2220, "LATITUDE": "30-21-18.0600N", "LONGITUDE": "099-14-51.1200W"}}, {"type": "Feature", "geometry": {"type": "Point", "coordinates": [-102.08380420399071, 34.369522162616626]}, "properties": {"NAME": "Hart Aerial", "IDENT": "1TX8", "TYPE_CODE": "AD", "SERVCITY": "HART", "ELEVATION": 3655, "LATITUDE": "34-22-10.2590N", "LONGITUDE": "102-05-01.6630W"}}, {"type": "Feature", "geometry": {"type": "Point", "coordinates": [-97.43361168913569, 29.691902056745764]}, "properties": {"NAME": "Flying W Ranch", "IDENT": "32TA", "TYPE_CODE": "AD", "SERVCITY": "HARWOOD", "ELEVATION": 350, "LATITUDE": "29-41-30.8290N", "LONGITUDE": "097-26-00.9750W"}}, {"type": "Feature", "geometry": {"type": "Point", "coordinates": [-99.7178809155391, 33.19149254443915]}, "properties": {"NAME": "Haskell Muni", "IDENT": "15F", "TYPE_CODE": "AD", "SERVCITY": "HASKELL", "ELEVATION": 1625.4, "LATITUDE": "33-11-29.3527N", "LONGITUDE": "099-43-04.3415W"}}, {"type": "Feature", "geometry": {"type": "Point", "coordinates": [-95.16134070824914, 32.6376438352056]}, "properties": {"NAME": "Hawk Ranch", "IDENT": "1TX9", "TYPE_CODE": "AD", "SERVCITY": "HAWKINS", "ELEVATION": 335, "LATITUDE": "32-38-15.4970N", "LONGITUDE": "095-09-40.8010W"}}, {"type": "Feature", "geometry": {"type": "Point", "coordinates": [-95.20773016874683, 32.69764078891071]}, "properties": {"NAME": "Holly Lake Ranch", "IDENT": "16TE", "TYPE_CODE": "AD", "SERVCITY": "HAWKINS", "ELEVATION": 409, "LATITUDE": "32-41-51.4860N", "LONGITUDE": "095-12-27.8030W"}}, {"type": "Feature", "geometry": {"type": "Point", "coordinates": [-96.62220181874626, 30.872088708751935]}, "properties": {"NAME": "Hearne Muni", "IDENT": "LHB", "TYPE_CODE": "AD", "SERVCITY": "HEARNE", "ELEVATION": 284.7, "LATITUDE": "30-52-19.5000N", "LONGITUDE": "096-37-19.9000W"}}, {"type": "Feature", "geometry": {"type": "Point", "coordinates": [-96.60222958877168, 30.813894254023804]}, "properties": {"NAME": "Flying J", "IDENT": "1TE5", "TYPE_CODE": "AD", "SERVCITY": "HEARNE", "ELEVATION": 270, "LATITUDE": "30-48-50.0000N", "LONGITUDE": "096-36-08.0000W"}}, {"type": "Feature", "geometry": {"type": "Point", "coordinates": [-98.66196884811752, 27.485038241058632]}, "properties": {"NAME": "Barronena East", "IDENT": "TS69", "TYPE_CODE": "AD", "SERVCITY": "HEBBRONVILLE", "ELEVATION": 576, "LATITUDE": "27-29-06.1210N", "LONGITUDE": "098-39-43.0600W"}}, {"type": "Feature", "geometry": {"type": "Point", "coordinates": [-98.66946912816915, 27.491149075091325]}, "properties": {"NAME": "Barronena Ranch", "IDENT": "03TE", "TYPE_CODE": "AD", "SERVCITY": "HEBBRONVILLE", "ELEVATION": 600, "LATITUDE": "27-29-28.1200N", "LONGITUDE": "098-40-10.0610W"}}, {"type": "Feature", "geometry": {"type": "Point", "coordinates": [-98.06143168356617, 31.972375253274812]}, "properties": {"NAME": "Putty Ranch", "IDENT": "TA78", "TYPE_CODE": "AD", "SERVCITY": "HICO", "ELEVATION": 1143, "LATITUDE": "31-58-20.5310N", "LONGITUDE": "098-03-41.1260W"}}, {"type": "Feature", "geometry": {"type": "Point", "coordinates": [-100.02571523323417, 36.10590895037291]}, "properties": {"NAME": "Higgins/Lipscomb County", "IDENT": "1X1", "TYPE_CODE": "AD", "SERVCITY": "HIGGINS", "ELEVATION": 2565.5, "LATITUDE": "36-06-21.2500N", "LONGITUDE": "100-01-32.5440W"}}, {"type": "Feature", "geometry": {"type": "Point", "coordinates": [-96.95278528720266, 31.835561106508063]}, "properties": {"NAME": "The Landing", "IDENT": "9XS1", "TYPE_CODE": "AD", "SERVCITY": "HILL", "ELEVATION": 570, "LATITUDE": "31-50-08.0000N", "LONGITUDE": "096-57-10.0000W"}}, {"type": "Feature", "geometry": {"type": "Point", "coordinates": [-97.09725755954888, 32.08364448118484]}, "properties": {"NAME": "Hillsboro Muni", "IDENT": "INJ", "TYPE_CODE": "AD", "SERVCITY": "HILLSBORO", "ELEVATION": 685.7, "LATITUDE": "32-05-01.1000N", "LONGITUDE": "097-05-50.1000W"}}, {"type": "Feature", "geometry": {"type": "Point", "coordinates": [-96.21498783814253, 31.08081376528722]}, "properties": {"NAME": "Hilltop Lakes", "IDENT": "0TE4", "TYPE_CODE": "AD", "SERVCITY": "HILLTOP LAKES", "ELEVATION": 502, "LATITUDE": "31-04-50.9100N", "LONGITUDE": "096-12-53.9300W"}}, {"type": "Feature", "geometry": {"type": "Point", "coordinates": [-95.00993244950914, 29.36023929363179]}, "properties": {"NAME": "Freyer Fld", "IDENT": "37TE", "TYPE_CODE": "AD", "SERVCITY": "HITCHCOCK", "ELEVATION": 13, "LATITUDE": "29-21-36.8430N", "LONGITUDE": "095-00-35.7320W"}}, {"type": "Feature", "geometry": {"type": "Point", "coordinates": [-99.1774996042981, 29.359135543563887]}, "properties": {"NAME": "South Texas Rgnl At Hondo", "IDENT": "HDO", "TYPE_CODE": "AD", "SERVCITY": "HONDO", "ELEVATION": 930.1, "LATITUDE": "29-21-32.8700N", "LONGITUDE": "099-10-38.9700W"}}, {"type": "Feature", "geometry": {"type": "Point", "coordinates": [-99.12280514977097, 29.44480778413464]}, "properties": {"NAME": "Haass Fld", "IDENT": "TE57", "TYPE_CODE": "AD", "SERVCITY": "HONDO", "ELEVATION": 945, "LATITUDE": "29-26-41.2900N", "LONGITUDE": "099-07-22.0700W"}}, {"type": "Feature", "geometry": {"type": "Point", "coordinates": [-95.66723014816162, 30.042780522438218]}, "properties": {"NAME": "Dan Jones Intl", "IDENT": "T51", "TYPE_CODE": "AD", "SERVCITY": "HOUSTON", "ELEVATION": 166, "LATITUDE": "30-02-33.9910N", "LONGITUDE": "095-40-02.0030W"}}, {"type": "Feature", "geometry": {"type": "Point", "coordinates": [-95.15875694241879, 29.60733850576971]}, "properties": {"NAME": "Ellington", "IDENT": "EFD", "TYPE_CODE": "AD", "SERVCITY": "HOUSTON", "ELEVATION": 32.5, "LATITUDE": "29-36-26.4000N", "LONGITUDE": "095-09-31.5000W"}}, {"type": "Feature", "geometry": {"type": "Point", "coordinates": [-95.67261819432368, 29.81819964259157]}, "properties": {"NAME": "West Houston", "IDENT": "IWS", "TYPE_CODE": "AD", "SERVCITY": "HOUSTON", "ELEVATION": 111, "LATITUDE": "29-49-05.5000N", "LONGITUDE": "095-40-21.4000W"}}, {"type": "Feature", "geometry": {"type": "Point", "coordinates": [-95.41508898614721, 30.353400844265803]}, "properties": {"NAME": "Conroe/North Houston Rgnl", "IDENT": "CXO", "TYPE_CODE": "AD", "SERVCITY": "HOUSTON", "ELEVATION": 244.8, "LATITUDE": "30-21-12.2239N", "LONGITUDE": "095-24-54.2950W"}}, {"type": "Feature", "geometry": {"type": "Point", "coordinates": [-95.55279548079224, 30.061784363281365]}, "properties": {"NAME": "David Wayne Hooks Meml", "IDENT": "DWH", "TYPE_CODE": "AD", "SERVCITY": "HOUSTON", "ELEVATION": 152.4, "LATITUDE": "30-03-42.4048N", "LONGITUDE": "095-33-10.0383W"}}, {"type": "Feature", "geometry": {"type": "Point", "coordinates": [-96.5577019554605, 33.54900589236531]}, "properties": {"NAME": "Kahuna Bay", "IDENT": "1TE8", "TYPE_CODE": "AD", "SERVCITY": "HOWE", "ELEVATION": 702, "LATITUDE": "33-32-56.4000N", "LONGITUDE": "096-33-27.7000W"}}, {"type": "Feature", "geometry": {"type": "Point", "coordinates": [-96.77847135356102, 31.8243305553779]}, "properties": {"NAME": "Bar 16", "IDENT": "1TS2", "TYPE_CODE": "AD", "SERVCITY": "HUBBARD", "ELEVATION": 547, "LATITUDE": "31-49-27.5700N", "LONGITUDE": "096-46-42.4700W"}}, {"type": "Feature", "geometry": {"type": "Point", "coordinates": [-99.38297190676157, 30.023257886944744]}, "properties": {"NAME": "Comanche Caves Ranch", "IDENT": "4TA6", "TYPE_CODE": "AD", "SERVCITY": "HUNT", "ELEVATION": 2075, "LATITUDE": "30-01-23.7100N", "LONGITUDE": "099-22-58.6700W"}}, {"type": "Feature", "geometry": {"type": "Point", "coordinates": [-94.53243241046492, 31.16908412433514]}, "properties": {"NAME": "Bufords Fld", "IDENT": "8TA8", "TYPE_CODE": "AD", "SERVCITY": "HUNTINGTON", "ELEVATION": 200, "LATITUDE": "31-10-08.6830N", "LONGITUDE": "094-31-56.7320W"}}, {"type": "Feature", "geometry": {"type": "Point", "coordinates": [-95.58717377222565, 30.74689427830527]}, "properties": {"NAME": "Huntsville Muni", "IDENT": "UTS", "TYPE_CODE": "AD", "SERVCITY": "HUNTSVILLE", "ELEVATION": 362.90000000000003, "LATITUDE": "30-44-48.8000N", "LONGITUDE": "095-35-13.8000W"}}, {"type": "Feature", "geometry": {"type": "Point", "coordinates": [-97.83578551522223, 31.95212498075236]}, "properties": {"NAME": "Flying 5b Ranch", "IDENT": "13XA", "TYPE_CODE": "AD", "SERVCITY": "IREDELL", "ELEVATION": 1010, "LATITUDE": "31-57-07.6300N", "LONGITUDE": "097-50-08.8000W"}}, {"type": "Feature", "geometry": {"type": "Point", "coordinates": [-97.85434107197536, 31.90125552634883]}, "properties": {"NAME": "Spring Creek Fld", "IDENT": "79TX", "TYPE_CODE": "AD", "SERVCITY": "IREDELL", "ELEVATION": 1120, "LATITUDE": "31-54-04.5000N", "LONGITUDE": "097-51-15.6000W"}}, {"type": "Feature", "geometry": {"type": "Point", "coordinates": [-98.14645233539777, 33.22786687235993]}, "properties": {"NAME": "Jacksboro Muni", "IDENT": "21F", "TYPE_CODE": "AD", "SERVCITY": "JACKSBORO", "ELEVATION": 1062, "LATITUDE": "33-13-40.3000N", "LONGITUDE": "098-08-47.2000W"}}, {"type": "Feature", "geometry": {"type": "Point", "coordinates": [-98.23061012748927, 33.119566848685636]}, "properties": {"NAME": "One Sixty Four Place", "IDENT": "TS02", "TYPE_CODE": "AD", "SERVCITY": "JACKSBORO", "ELEVATION": 1200, "LATITUDE": "33-07-10.4200N", "LONGITUDE": "098-13-50.1680W"}}, {"type": "Feature", "geometry": {"type": "Point", "coordinates": [-98.28950069686091, 33.09928962032516]}, "properties": {"NAME": "Flamingo Airfield", "IDENT": "TA59", "TYPE_CODE": "AD", "SERVCITY": "JACKSBORO", "ELEVATION": 1160, "LATITUDE": "33-05-57.4220N", "LONGITUDE": "098-17-22.1740W"}}, {"type": "Feature", "geometry": {"type": "Point", "coordinates": [-98.19021069276467, 33.42169468388668]}, "properties": {"NAME": "Flyin Armadillo", "IDENT": "55TT", "TYPE_CODE": "AD", "SERVCITY": "JACKSBORO", "ELEVATION": 994, "LATITUDE": "33-25-18.0800N", "LONGITUDE": "098-11-24.7300W"}}, {"type": "Feature", "geometry": {"type": "Point", "coordinates": [-95.21741254043411, 31.869335987570096]}, "properties": {"NAME": "Cherokee County", "IDENT": "JSO", "TYPE_CODE": "AD", "SERVCITY": "JACKSONVILLE", "ELEVATION": 677.6, "LATITUDE": "31-52-09.5893N", "LONGITUDE": "095-13-02.6597W"}}, {"type": "Feature", "geometry": {"type": "Point", "coordinates": [-94.03495115491084, 30.88569991821726]}, "properties": {"NAME": "Jasper County/Bell Fld", "IDENT": "JAS", "TYPE_CODE": "AD", "SERVCITY": "JASPER", "ELEVATION": 212.6, "LATITUDE": "30-53-08.5000N", "LONGITUDE": "094-02-05.8000W"}}, {"type": "Feature", "geometry": {"type": "Point", "coordinates": [-100.51845541518583, 33.20009981515813]}, "properties": {"NAME": "Norris Fld", "IDENT": "TS62", "TYPE_CODE": "AD", "SERVCITY": "JAYTON", "ELEVATION": 1987, "LATITUDE": "33-12-00.3390N", "LONGITUDE": "100-31-06.4090W"}}, {"type": "Feature", "geometry": {"type": "Point", "coordinates": [-100.56911959629286, 33.22911676193827]}, "properties": {"NAME": "Kent County", "IDENT": "22F", "TYPE_CODE": "AD", "SERVCITY": "JAYTON", "ELEVATION": 2008, "LATITUDE": "33-13-44.8000N", "LONGITUDE": "100-34-08.8000W"}}, {"type": "Feature", "geometry": {"type": "Point", "coordinates": [-94.30466826976797, 32.744311946669875]}, "properties": {"NAME": "Cypress River", "IDENT": "24F", "TYPE_CODE": "AD", "SERVCITY": "JEFFERSON", "ELEVATION": 221.6, "LATITUDE": "32-44-39.5020N", "LONGITUDE": "094-18-16.7810W"}}, {"type": "Feature", "geometry": {"type": "Point", "coordinates": [-94.35453467662109, 32.827005849792016]}, "properties": {"NAME": "Manning Fld", "IDENT": "6F7", "TYPE_CODE": "AD", "SERVCITY": "JEFFERSON", "ELEVATION": 320, "LATITUDE": "32-49-37.2000N", "LONGITUDE": "094-21-16.3000W"}}, {"type": "Feature", "geometry": {"type": "Point", "coordinates": [-96.22052868457502, 31.312961588799812]}, "properties": {"NAME": "Miles Fld", "IDENT": "40TA", "TYPE_CODE": "AD", "SERVCITY": "JEWETT", "ELEVATION": 460, "LATITUDE": "31-18-46.6420N", "LONGITUDE": "096-13-13.8770W"}}, {"type": "Feature", "geometry": {"type": "Point", "coordinates": [-96.13486839085195, 31.428394392790402]}, "properties": {"NAME": "Hub Fld", "IDENT": "8TX0", "TYPE_CODE": "AD", "SERVCITY": "JEWETT", "ELEVATION": 361, "LATITUDE": "31-25-42.2000N", "LONGITUDE": "096-08-05.5000W"}}, {"type": "Feature", "geometry": {"type": "Point", "coordinates": [-98.62253895379888, 30.25181795856506]}, "properties": {"NAME": "LBJ Ranch", "IDENT": "0TE7", "TYPE_CODE": "AD", "SERVCITY": "JOHNSON CITY", "ELEVATION": 1515, "LATITUDE": "30-15-06.5260N", "LONGITUDE": "098-37-21.1120W"}}, {"type": "Feature", "geometry": {"type": "Point", "coordinates": [-98.30274804042466, 30.21888296379838]}, "properties": {"NAME": "Harris Ranch", "IDENT": "2XS1", "TYPE_CODE": "AD", "SERVCITY": "JOHNSON CITY", "ELEVATION": 1187.8, "LATITUDE": "30-13-07.9600N", "LONGITUDE": "098-18-09.8650W"}}, {"type": "Feature", "geometry": {"type": "Point", "coordinates": [-98.42641890689289, 30.280205193217128]}, "properties": {"NAME": "Danz Ranch", "IDENT": "XA02", "TYPE_CODE": "AD", "SERVCITY": "JOHNSON CITY", "ELEVATION": 1230, "LATITUDE": "30-16-48.7200N", "LONGITUDE": "098-25-35.0800W"}}, {"type": "Feature", "geometry": {"type": "Point", "coordinates": [-97.3961390840454, 33.09457188117434]}, "properties": {"NAME": "Jw", "IDENT": "2TX7", "TYPE_CODE": "AD", "SERVCITY": "JUSTIN", "ELEVATION": 875, "LATITUDE": "33-05-40.4380N", "LONGITUDE": "097-23-46.0730W"}}, {"type": "Feature", "geometry": {"type": "Point", "coordinates": [-97.28003544714784, 33.148172452301175]}, "properties": {"NAME": "Prose Fld", "IDENT": "XA0", "TYPE_CODE": "AD", "SERVCITY": "JUSTIN", "ELEVATION": 685, "LATITUDE": "33-08-53.4000N", "LONGITUDE": "097-16-48.1000W"}}, {"type": "Feature", "geometry": {"type": "Point", "coordinates": [-98.05029041845872, 28.887759098619647]}, "properties": {"NAME": "Burris Ranch", "IDENT": "2TE6", "TYPE_CODE": "AD", "SERVCITY": "KARNES CITY", "ELEVATION": 448, "LATITUDE": "28-53-15.9150N", "LONGITUDE": "098-03-01.0180W"}}, {"type": "Feature", "geometry": {"type": "Point", "coordinates": [-96.40110241094361, 32.56264154575196]}, "properties": {"NAME": "Baum", "IDENT": "TA46", "TYPE_CODE": "AD", "SERVCITY": "KAUFMAN", "ELEVATION": 500, "LATITUDE": "32-33-45.4890N", "LONGITUDE": "096-24-03.9420W"}}, {"type": "Feature", "geometry": {"type": "Point", "coordinates": [-96.27054181789242, 32.49792153884974]}, "properties": {"NAME": "Erco Fld", "IDENT": "0TA4", "TYPE_CODE": "AD", "SERVCITY": "KAUFMAN", "ELEVATION": 395, "LATITUDE": "32-29-52.4970N", "LONGITUDE": "096-16-13.9240W"}}, {"type": "Feature", "geometry": {"type": "Point", "coordinates": [-96.38582545215328, 32.37570289958343]}, "properties": {"NAME": "Tali Homma Fld", "IDENT": "XA42", "TYPE_CODE": "AD", "SERVCITY": "KAUFMAN", "ELEVATION": 343, "LATITUDE": "32-22-32.5100N", "LONGITUDE": "096-23-08.9450W"}}, {"type": "Feature", "geometry": {"type": "Point", "coordinates": [-96.32248822219458, 32.53319821042907]}, "properties": {"NAME": "Moore", "IDENT": "8TS6", "TYPE_CODE": "AD", "SERVCITY": "KAUFMAN", "ELEVATION": 418, "LATITUDE": "32-31-59.4930N", "LONGITUDE": "096-19-20.9310W"}}, {"type": "Feature", "geometry": {"type": "Point", "coordinates": [-97.30250762716597, 32.36060563633051]}, "properties": {"NAME": "Hodges Air Fld", "IDENT": "TX67", "TYPE_CODE": "AD", "SERVCITY": "KEENE", "ELEVATION": 910, "LATITUDE": "32-21-38.1600N", "LONGITUDE": "097-18-09.0000W"}}, {"type": "Feature", "geometry": {"type": "Point", "coordinates": [-99.3372774571507, 30.159097358663853]}, "properties": {"NAME": "Apache Springs", "IDENT": "64TE", "TYPE_CODE": "AD", "SERVCITY": "KERRVILLE", "ELEVATION": 2016, "LATITUDE": "30-09-32.7320N", "LONGITUDE": "099-20-14.1700W"}}, {"type": "Feature", "geometry": {"type": "Point", "coordinates": [-99.20691074746453, 29.90811620407974]}, "properties": {"NAME": "Fall Creek Ranch", "IDENT": "XA43", "TYPE_CODE": "AD", "SERVCITY": "KERRVILLE", "ELEVATION": 2030, "LATITUDE": "29-54-29.2000N", "LONGITUDE": "099-12-24.8500W"}}, {"type": "Feature", "geometry": {"type": "Point", "coordinates": [-99.15047463377732, 30.14138847305467]}, "properties": {"NAME": "Tierra Linda Ranch", "IDENT": "60TE", "TYPE_CODE": "AD", "SERVCITY": "KERRVILLE", "ELEVATION": 1990, "LATITUDE": "30-08-28.9800N", "LONGITUDE": "099-09-01.6800W"}}, {"type": "Feature", "geometry": {"type": "Point", "coordinates": [-99.08548016506955, 29.976671777649923]}, "properties": {"NAME": "Kerrville Muni/Louis Schreiner Fld", "IDENT": "ERV", "TYPE_CODE": "AD", "SERVCITY": "KERRVILLE", "ELEVATION": 1616.8, "LATITUDE": "29-58-36.0000N", "LONGITUDE": "099-05-07.7000W"}}, {"type": "Feature", "geometry": {"type": "Point", "coordinates": [-94.81827616244018, 32.412656027467975]}, "properties": {"NAME": "Kilgore", "IDENT": "4TX6", "TYPE_CODE": "AD", "SERVCITY": "KILGORE", "ELEVATION": 365, "LATITUDE": "32-24-45.5410N", "LONGITUDE": "094-49-05.7690W"}}, {"type": "Feature", "geometry": {"type": "Point", "coordinates": [-97.79669184032417, 30.949629790407606]}, "properties": {"NAME": "Fisher Ranch", "IDENT": "67TE", "TYPE_CODE": "AD", "SERVCITY": "KILLEEN", "ELEVATION": 870, "LATITUDE": "30-56-58.6480N", "LONGITUDE": "097-47-48.0630W"}}, {"type": "Feature", "geometry": {"type": "Point", "coordinates": [-97.75585822169091, 30.99879480147662]}, "properties": {"NAME": "White", "IDENT": "69TS", "TYPE_CODE": "AD", "SERVCITY": "KILLEEN", "ELEVATION": 890, "LATITUDE": "30-59-55.6420N", "LONGITUDE": "097-45-21.0620W"}}, {"type": "Feature", "geometry": {"type": "Point", "coordinates": [-97.6865076529215, 31.085838709964886]}, "properties": {"NAME": "Skylark Fld", "IDENT": "ILE", "TYPE_CODE": "AD", "SERVCITY": "KILLEEN", "ELEVATION": 847.5, "LATITUDE": "31-05-09.0000N", "LONGITUDE": "097-41-11.4000W"}}, {"type": "Feature", "geometry": {"type": "Point", "coordinates": [-97.81170205764728, 29.63419953228442]}, "properties": {"NAME": "Old Kingsbury Aerodrome", "IDENT": "85TE", "TYPE_CODE": "AD", "SERVCITY": "KINGSBURY", "ELEVATION": 560, "LATITUDE": "29-38-03.1000N", "LONGITUDE": "097-48-42.1000W"}}, {"type": "Feature", "geometry": {"type": "Point", "coordinates": [-98.47864921623945, 30.654356652582564]}, "properties": {"NAME": "Kingsland Estates", "IDENT": "TS18", "TYPE_CODE": "AD", "SERVCITY": "KINGSLAND", "ELEVATION": 873, "LATITUDE": "30-39-15.6650N", "LONGITUDE": "098-28-43.1090W"}}, {"type": "Feature", "geometry": {"type": "Point", "coordinates": [-98.5252745068921, 30.677421933263492]}, "properties": {"NAME": "Flying H Ranch", "IDENT": "54TX", "TYPE_CODE": "AD", "SERVCITY": "KINGSLAND", "ELEVATION": 1000, "LATITUDE": "30-40-38.7000N", "LONGITUDE": "098-31-30.9600W"}}, {"type": "Feature", "geometry": {"type": "Point", "coordinates": [-97.28945212362889, 33.276950252854746]}, "properties": {"NAME": "Stocker", "IDENT": "XA72", "TYPE_CODE": "AD", "SERVCITY": "KRUM", "ELEVATION": 770, "LATITUDE": "33-16-37.0000N", "LONGITUDE": "097-17-22.0000W"}}, {"type": "Feature", "geometry": {"type": "Point", "coordinates": [-97.31116879817252, 33.3095558139416]}, "properties": {"NAME": "Windmillcreek", "IDENT": "85XA", "TYPE_CODE": "AD", "SERVCITY": "KRUM", "ELEVATION": 800, "LATITUDE": "33-18-34.3800N", "LONGITUDE": "097-18-40.1800W"}}, {"type": "Feature", "geometry": {"type": "Point", "coordinates": [-97.93084146923727, 28.115570612468805]}, "properties": {"NAME": "Arrowhead", "IDENT": "79TE", "TYPE_CODE": "AD", "SERVCITY": "LAGARTO", "ELEVATION": 165, "LATITUDE": "28-06-56.0370N", "LONGITUDE": "097-55-51.0020W"}}, {"type": "Feature", "geometry": {"type": "Point", "coordinates": [-97.96947991554956, 30.49858858542451]}, "properties": {"NAME": "Lago Vista Tx/Rusty Allen", "IDENT": "RYW", "TYPE_CODE": "AD", "SERVCITY": "LAGO VISTA", "ELEVATION": 1230.4, "LATITUDE": "30-29-54.9000N", "LONGITUDE": "097-58-10.1000W"}}, {"type": "Feature", "geometry": {"type": "Point", "coordinates": [-96.95000741089056, 29.90797739459311]}, "properties": {"NAME": "Fayette Rgnl Air Center", "IDENT": "3T5", "TYPE_CODE": "AD", "SERVCITY": "LA GRANGE", "ELEVATION": 324, "LATITUDE": "29-54-28.7000N", "LONGITUDE": "096-57-00.0000W"}}, {"type": "Feature", "geometry": {"type": "Point", "coordinates": [-96.80026348464618, 29.91689712359716]}, "properties": {"NAME": "Rocky Creek Ranch", "IDENT": "9TE6", "TYPE_CODE": "AD", "SERVCITY": "LA GRANGE", "ELEVATION": 390, "LATITUDE": "29-55-00.8110N", "LONGITUDE": "096-48-00.9220W"}}, {"type": "Feature", "geometry": {"type": "Point", "coordinates": [-97.38118386853503, 31.863685399529402]}, "properties": {"NAME": "Laguna Park Community", "IDENT": "TX82", "TYPE_CODE": "AD", "SERVCITY": "LAGUNA PARK", "ELEVATION": 620, "LATITUDE": "31-51-49.2475N", "LONGITUDE": "097-22-52.2345W"}}, {"type": "Feature", "geometry": {"type": "Point", "coordinates": [-103.685803718141, 29.27713009529611]}, "properties": {"NAME": "Lajitas Intl", "IDENT": "T89", "TYPE_CODE": "AD", "SERVCITY": "LAJITAS", "ELEVATION": 2630, "LATITUDE": "29-16-37.6510N", "LONGITUDE": "103-41-08.8610W"}}, {"type": "Feature", "geometry": {"type": "Point", "coordinates": [-97.01420204496239, 33.13139468291574]}, "properties": {"NAME": "Lakeview", "IDENT": "30F", "TYPE_CODE": "AD", "SERVCITY": "LAKE DALLAS", "ELEVATION": 535, "LATITUDE": "33-07-53.0000N", "LONGITUDE": "097-00-51.1000W"}}, {"type": "Feature", "geometry": {"type": "Point", "coordinates": [-97.05140594599861, 33.17345885614259]}, "properties": {"NAME": "Hidden Valley Airpark", "IDENT": "5TX0", "TYPE_CODE": "AD", "SERVCITY": "SHADY SHORES", "ELEVATION": 611, "LATITUDE": "33-10-24.4310N", "LONGITUDE": "097-03-05.0340W"}}, {"type": "Feature", "geometry": {"type": "Point", "coordinates": [-99.9924803359151, 28.879060422975485]}, "properties": {"NAME": "Chaparrosa Ranch", "IDENT": "72TE", "TYPE_CODE": "AD", "SERVCITY": "LA PRYOR", "ELEVATION": 682, "LATITUDE": "28-52-44.6000N", "LONGITUDE": "099-59-32.9000W"}}, {"type": "Feature", "geometry": {"type": "Point", "coordinates": [-99.48143848646713, 27.30863901557206]}, "properties": {"NAME": "Rancho Blanco", "IDENT": "TE32", "TYPE_CODE": "AD", "SERVCITY": "LAREDO", "ELEVATION": 385, "LATITUDE": "27-18-31.0840N", "LONGITUDE": "099-28-53.1500W"}}, {"type": "Feature", "geometry": {"type": "Point", "coordinates": [-99.46159126692724, 27.54419906349507]}, "properties": {"NAME": "Laredo Intl", "IDENT": "LRD", "TYPE_CODE": "AD", "SERVCITY": "LAREDO", "ELEVATION": 508, "LATITUDE": "27-32-39.1000N", "LONGITUDE": "099-27-41.7000W"}}, {"type": "Feature", "geometry": {"type": "Point", "coordinates": [-99.18594675214753, 27.43379904901766]}, "properties": {"NAME": "Santa Maria Ranch", "IDENT": "0TE5", "TYPE_CODE": "AD", "SERVCITY": "LAREDO", "ELEVATION": 515.7, "LATITUDE": "27-26-01.6600N", "LONGITUDE": "099-11-09.3800W"}}, {"type": "Feature", "geometry": {"type": "Point", "coordinates": [-95.47328877569076, 31.390184688841018]}, "properties": {"NAME": "Bruner", "IDENT": "8TS3", "TYPE_CODE": "AD", "SERVCITY": "LATEXO", "ELEVATION": 387, "LATITUDE": "31-23-24.6450N", "LONGITUDE": "095-28-23.8140W"}}, {"type": "Feature", "geometry": {"type": "Point", "coordinates": [-96.49748002914731, 28.85165969588719]}, "properties": {"NAME": "Whites", "IDENT": "47TE", "TYPE_CODE": "AD", "SERVCITY": "LA WARD", "ELEVATION": 43, "LATITUDE": "28-51-05.9570N", "LONGITUDE": "096-29-50.9020W"}}, {"type": "Feature", "geometry": {"type": "Point", "coordinates": [-96.72389639138288, 32.72139461826692]}, "properties": {"NAME": "Culp", "IDENT": "6TA3", "TYPE_CODE": "AD", "SERVCITY": "LAWRENCE", "ELEVATION": 470, "LATITUDE": "32-43-17.0000N", "LONGITUDE": "096-43-26.0000W"}}, {"type": "Feature", "geometry": {"type": "Point", "coordinates": [-99.78784727318725, 29.816891721885888]}, "properties": {"NAME": "Lewis Ranch", "IDENT": "XA31", "TYPE_CODE": "AD", "SERVCITY": "LEAKEY", "ELEVATION": 1730, "LATITUDE": "29-49-00.7920N", "LONGITUDE": "099-47-16.2210W"}}, {"type": "Feature", "geometry": {"type": "Point", "coordinates": [-99.8453464429254, 29.59689973265459]}, "properties": {"NAME": "Flying J Ranch", "IDENT": "7TE4", "TYPE_CODE": "AD", "SERVCITY": "LEAKEY", "ELEVATION": 1620, "LATITUDE": "29-35-48.8210N", "LONGITUDE": "099-50-43.2180W"}}, {"type": "Feature", "geometry": {"type": "Point", "coordinates": [-99.7834039438427, 29.938830634376593]}, "properties": {"NAME": "Prade Ranch", "IDENT": "57TE", "TYPE_CODE": "AD", "SERVCITY": "LEAKEY", "ELEVATION": 2296, "LATITUDE": "29-56-19.7720N", "LONGITUDE": "099-47-00.2250W"}}, {"type": "Feature", "geometry": {"type": "Point", "coordinates": [-98.0173577143604, 30.67813306350056]}, "properties": {"NAME": "Liberty Hill Air Ranch", "IDENT": "XS12", "TYPE_CODE": "AD", "SERVCITY": "LIBERTY HILL", "ELEVATION": 1161, "LATITUDE": "30-40-41.2600N", "LONGITUDE": "098-01-02.4600W"}}, {"type": "Feature", "geometry": {"type": "Point", "coordinates": [-97.91113268706366, 30.659638618893272]}, "properties": {"NAME": "Flying H Ranch", "IDENT": "9TX4", "TYPE_CODE": "AD", "SERVCITY": "LIBERTY HILL", "ELEVATION": 1000, "LATITUDE": "30-39-34.6800N", "LONGITUDE": "097-54-40.0500W"}}, {"type": "Feature", "geometry": {"type": "Point", "coordinates": [-97.86274378924115, 30.723424744087435]}, "properties": {"NAME": "Britts Crosswind", "IDENT": "91TE", "TYPE_CODE": "AD", "SERVCITY": "LIBERTY HILL", "ELEVATION": 998, "LATITUDE": "30-43-24.3100N", "LONGITUDE": "097-51-45.8500W"}}, {"type": "Feature", "geometry": {"type": "Point", "coordinates": [-97.21889657112963, 33.593616981735295]}, "properties": {"NAME": "Freedom Fld", "IDENT": "7T0", "TYPE_CODE": "AD", "SERVCITY": "LINDSAY", "ELEVATION": 885, "LATITUDE": "33-35-37.0000N", "LONGITUDE": "097-13-08.0000W"}}, {"type": "Feature", "geometry": {"type": "Point", "coordinates": [-102.3866827430585, 33.923949877674886]}, "properties": {"NAME": "Littlefield Taylor Brown Muni", "IDENT": "LIU", "TYPE_CODE": "AD", "SERVCITY": "LITTLEFIELD", "ELEVATION": 3615.6, "LATITUDE": "33-55-26.1991N", "LONGITUDE": "102-23-12.0256W"}}, {"type": "Feature", "geometry": {"type": "Point", "coordinates": [-95.33411003152321, 29.33274372134002]}, "properties": {"NAME": "Toy Airpark", "IDENT": "15XS", "TYPE_CODE": "AD", "SERVCITY": "LIVERPOOL", "ELEVATION": 36, "LATITUDE": "29-19-57.8590N", "LONGITUDE": "095-20-02.7710W"}}, {"type": "Feature", "geometry": {"type": "Point", "coordinates": [-95.01792362302456, 30.685866508822176]}, "properties": {"NAME": "Livingston Muni", "IDENT": "00R", "TYPE_CODE": "AD", "SERVCITY": "LIVINGSTON", "ELEVATION": 150.70000000000002, "LATITUDE": "30-41-09.1000N", "LONGITUDE": "095-01-04.5000W"}}, {"type": "Feature", "geometry": {"type": "Point", "coordinates": [-98.83366152168576, 30.577691346522055]}, "properties": {"NAME": "Mc David Ranch", "IDENT": "44TS", "TYPE_CODE": "AD", "SERVCITY": "LLANO", "ELEVATION": 1407, "LATITUDE": "30-34-39.6700N", "LONGITUDE": "098-50-01.1530W"}}, {"type": "Feature", "geometry": {"type": "Point", "coordinates": [-98.748341225736, 30.63722747214202]}, "properties": {"NAME": "Flying D", "IDENT": "XS00", "TYPE_CODE": "AD", "SERVCITY": "LLANO", "ELEVATION": 1460, "LATITUDE": "30-38-14.0000N", "LONGITUDE": "098-44-54.0000W"}}, {"type": "Feature", "geometry": {"type": "Point", "coordinates": [-98.59559675680457, 30.885088636408845]}, "properties": {"NAME": "Indian Falls Ranch", "IDENT": "31XA", "TYPE_CODE": "AD", "SERVCITY": "LLANO", "ELEVATION": 1493, "LATITUDE": "30-53-06.3000N", "LONGITUDE": "098-35-44.1200W"}}, {"type": "Feature", "geometry": {"type": "Point", "coordinates": [-98.65989676745365, 30.784227503652865]}, "properties": {"NAME": "Llano Muni", "IDENT": "AQO", "TYPE_CODE": "AD", "SERVCITY": "LLANO", "ELEVATION": 1101.7, "LATITUDE": "30-47-03.2000N", "LONGITUDE": "098-39-35.6000W"}}, {"type": "Feature", "geometry": {"type": "Point", "coordinates": [-97.428044888803, 26.121191600661927]}, "properties": {"NAME": "Drennan Farm", "IDENT": "92TA", "TYPE_CODE": "AD", "SERVCITY": "LOS FRESNOS", "ELEVATION": 27, "LATITUDE": "26-07-16.2740N", "LONGITUDE": "097-25-40.9350W"}}, {"type": "Feature", "geometry": {"type": "Point", "coordinates": [-97.00393173868417, 31.21568109550718]}, "properties": {"NAME": "Jcj Farm", "IDENT": "63XA", "TYPE_CODE": "AD", "SERVCITY": "LOTT", "ELEVATION": 520, "LATITUDE": "31-12-56.4324N", "LONGITUDE": "097-00-14.1273W"}}, {"type": "Feature", "geometry": {"type": "Point", "coordinates": [-96.39878501486436, 29.108282807565782]}, "properties": {"NAME": "Flying V Ranch", "IDENT": "T26", "TYPE_CODE": "AD", "SERVCITY": "LOUISE", "ELEVATION": 60, "LATITUDE": "29-06-29.8000N", "LONGITUDE": "096-23-55.6000W"}}, {"type": "Feature", "geometry": {"type": "Point", "coordinates": [-98.48973019896087, 33.230839079419745]}, "properties": {"NAME": "Rob", "IDENT": "95TS", "TYPE_CODE": "AD", "SERVCITY": "LOVING", "ELEVATION": 1310, "LATITUDE": "33-13-51.0000N", "LONGITUDE": "098-29-23.0000W"}}, {"type": "Feature", "geometry": {"type": "Point", "coordinates": [-101.8130535212511, 33.483783136754376]}, "properties": {"NAME": "Lubbock Exec Airpark", "IDENT": "F82", "TYPE_CODE": "AD", "SERVCITY": "LUBBOCK", "ELEVATION": 3175.7000000000003, "LATITUDE": "33-29-01.5990N", "LONGITUDE": "101-48-46.9610W"}}, {"type": "Feature", "geometry": {"type": "Point", "coordinates": [-101.78528656991487, 33.472505636143175]}, "properties": {"NAME": "Bartos Farm", "IDENT": "47XS", "TYPE_CODE": "AD", "SERVCITY": "LUBBOCK", "ELEVATION": 3153, "LATITUDE": "33-28-21.0000N", "LONGITUDE": "101-47-07.0000W"}}, {"type": "Feature", "geometry": {"type": "Point", "coordinates": [-102.0434267222543, 33.59476728368658]}, "properties": {"NAME": "Reese Airpark", "IDENT": "8XS8", "TYPE_CODE": "AD", "SERVCITY": "LUBBOCK", "ELEVATION": 3338, "LATITUDE": "33-35-41.1419N", "LONGITUDE": "102-02-36.3043W"}}, {"type": "Feature", "geometry": {"type": "Point", "coordinates": [-97.47529928725027, 31.46516934734344]}, "properties": {"NAME": "Mockingbird Hill", "IDENT": "TE84", "TYPE_CODE": "AD", "SERVCITY": "MC GREGOR", "ELEVATION": 810, "LATITUDE": "31-27-54.5900N", "LONGITUDE": "097-28-31.0500W"}}, {"type": "Feature", "geometry": {"type": "Point", "coordinates": [-97.40479926960603, 31.465361017170196]}, "properties": {"NAME": "Havelka Haven", "IDENT": "XS57", "TYPE_CODE": "AD", "SERVCITY": "MC GREGOR", "ELEVATION": 711, "LATITUDE": "31-27-55.2800N", "LONGITUDE": "097-24-17.2500W"}}, {"type": "Feature", "geometry": {"type": "Point", "coordinates": [-96.56416304990519, 33.24595416827137]}, "properties": {"NAME": "Square Air", "IDENT": "TS63", "TYPE_CODE": "AD", "SERVCITY": "MC KINNEY", "ELEVATION": 655, "LATITUDE": "33-14-45.4140N", "LONGITUDE": "096-33-50.9600W"}}, {"type": "Feature", "geometry": {"type": "Point", "coordinates": [-96.74194864776314, 33.208455820375924]}, "properties": {"NAME": "Aero Country", "IDENT": "T31", "TYPE_CODE": "AD", "SERVCITY": "MC KINNEY", "ELEVATION": 765, "LATITUDE": "33-12-30.4200N", "LONGITUDE": "096-44-30.9880W"}}, {"type": "Feature", "geometry": {"type": "Point", "coordinates": [-96.69971586096943, 33.239380828046414]}, "properties": {"NAME": "Qz Ranch", "IDENT": "61XA", "TYPE_CODE": "AD", "SERVCITY": "MCKINNEY", "ELEVATION": 674, "LATITUDE": "33-14-21.7500N", "LONGITUDE": "096-41-58.9500W"}}, {"type": "Feature", "geometry": {"type": "Point", "coordinates": [-100.54681418040923, 35.24686711133999]}, "properties": {"NAME": "Mc Lean/Gray County", "IDENT": "2E7", "TYPE_CODE": "AD", "SERVCITY": "MC LEAN", "ELEVATION": 2835, "LATITUDE": "35-14-48.7000N", "LONGITUDE": "100-32-48.5000W"}}, {"type": "Feature", "geometry": {"type": "Point", "coordinates": [-95.95200081767744, 30.912842908913436]}, "properties": {"NAME": "Madisonville Muni", "IDENT": "51R", "TYPE_CODE": "AD", "SERVCITY": "MADISONVILLE", "ELEVATION": 286.40000000000003, "LATITUDE": "30-54-46.2150N", "LONGITUDE": "095-57-07.1770W"}}, {"type": "Feature", "geometry": {"type": "Point", "coordinates": [-95.91773803777414, 31.047969604033895]}, "properties": {"NAME": "Hensarling", "IDENT": "47TS", "TYPE_CODE": "AD", "SERVCITY": "MADISONVILLE", "ELEVATION": 315, "LATITUDE": "31-02-52.6710N", "LONGITUDE": "095-55-03.8310W"}}, {"type": "Feature", "geometry": {"type": "Point", "coordinates": [-95.97028505470058, 32.139727871171374]}, "properties": {"NAME": "Circle R Ranch", "IDENT": "2TS4", "TYPE_CODE": "AD", "SERVCITY": "MALAKOFF", "ELEVATION": 395, "LATITUDE": "32-08-23.0000N", "LONGITUDE": "095-58-13.0000W"}}, {"type": "Feature", "geometry": {"type": "Point", "coordinates": [-96.93889362191888, 31.929327791100267]}, "properties": {"NAME": "Gizmo Fld", "IDENT": "XS55", "TYPE_CODE": "AD", "SERVCITY": "MALONE", "ELEVATION": 551, "LATITUDE": "31-55-45.5600N", "LONGITUDE": "096-56-19.9900W"}}, {"type": "Feature", "geometry": {"type": "Point", "coordinates": [-97.46530545248442, 32.469867317096266]}, "properties": {"NAME": "Buffalo Chips Airpark", "IDENT": "TE45", "TYPE_CODE": "AD", "SERVCITY": "JOSHUA", "ELEVATION": 960, "LATITUDE": "32-28-11.5020N", "LONGITUDE": "097-27-55.0720W"}}, {"type": "Feature", "geometry": {"type": "Point", "coordinates": [-97.36835792802069, 32.467923431844206]}, "properties": {"NAME": "Stol Fld", "IDENT": "8TS5", "TYPE_CODE": "AD", "SERVCITY": "JOSHUA", "ELEVATION": 908, "LATITUDE": "32-28-04.5040N", "LONGITUDE": "097-22-06.0610W"}}, {"type": "Feature", "geometry": {"type": "Point", "coordinates": [-99.76289702277747, 30.511116298929394]}, "properties": {"NAME": "Kimble County", "IDENT": "JCT", "TYPE_CODE": "AD", "SERVCITY": "JUNCTION", "ELEVATION": 1753.6000000000001, "LATITUDE": "30-30-40.0000N", "LONGITUDE": "099-45-46.4000W"}}, {"type": "Feature", "geometry": {"type": "Point", "coordinates": [-99.74368172167264, 30.13631928450001]}, "properties": {"NAME": "West Kerr Ranch", "IDENT": "18TA", "TYPE_CODE": "AD", "SERVCITY": "JUNCTION", "ELEVATION": 2330, "LATITUDE": "30-08-10.7310N", "LONGITUDE": "099-44-37.2250W"}}, {"type": "Feature", "geometry": {"type": "Point", "coordinates": [-101.11484193974428, 33.08483893332565]}, "properties": {"NAME": "Roy Ranch", "IDENT": "TS21", "TYPE_CODE": "AD", "SERVCITY": "JUSTICEBURG", "ELEVATION": 2366, "LATITUDE": "33-05-05.4000N", "LONGITUDE": "101-06-53.4000W"}}, {"type": "Feature", "geometry": {"type": "Point", "coordinates": [-97.31974823336864, 33.11957105621138]}, "properties": {"NAME": "Sitton Fld", "IDENT": "3TX3", "TYPE_CODE": "AD", "SERVCITY": "JUSTIN", "ELEVATION": 682, "LATITUDE": "33-07-10.4350N", "LONGITUDE": "097-19-11.0660W"}}, {"type": "Feature", "geometry": {"type": "Point", "coordinates": [-97.35842435168067, 33.08061688023958]}, "properties": {"NAME": "Propwash", "IDENT": "16X", "TYPE_CODE": "AD", "SERVCITY": "JUSTIN", "ELEVATION": 804, "LATITUDE": "33-04-50.2000N", "LONGITUDE": "097-21-30.3000W"}}, {"type": "Feature", "geometry": {"type": "Point", "coordinates": [-97.37402158187408, 33.148889114268954]}, "properties": {"NAME": "Sagebrush", "IDENT": "7XA2", "TYPE_CODE": "AD", "SERVCITY": "JUSTIN", "ELEVATION": 810, "LATITUDE": "33-08-55.9800N", "LONGITUDE": "097-22-26.4500W"}}, {"type": "Feature", "geometry": {"type": "Point", "coordinates": [-97.29703545052269, 33.13361689283493]}, "properties": {"NAME": "Clark", "IDENT": "3T6", "TYPE_CODE": "AD", "SERVCITY": "JUSTIN", "ELEVATION": 705, "LATITUDE": "33-08-01.0000N", "LONGITUDE": "097-17-49.3000W"}}, {"type": "Feature", "geometry": {"type": "Point", "coordinates": [-97.37111880263875, 33.140839112898945]}, "properties": {"NAME": "Flying P", "IDENT": "3TX7", "TYPE_CODE": "AD", "SERVCITY": "JUSTIN", "ELEVATION": 805, "LATITUDE": "33-08-27.0000N", "LONGITUDE": "097-22-16.0000W"}}, {"type": "Feature", "geometry": {"type": "Point", "coordinates": [-97.23363347918753, 32.96679714245622]}, "properties": {"NAME": "Stage Coach Hills", "IDENT": "4TX2", "TYPE_CODE": "AD", "SERVCITY": "WESTLAKE", "ELEVATION": 684, "LATITUDE": "32-58-00.4490N", "LONGITUDE": "097-14-01.0530W"}}, {"type": "Feature", "geometry": {"type": "Point", "coordinates": [-97.2753012676905, 32.96679714063244]}, "properties": {"NAME": "Hillcrest", "IDENT": "7TX4", "TYPE_CODE": "AD", "SERVCITY": "KELLER", "ELEVATION": 710, "LATITUDE": "32-58-00.4490N", "LONGITUDE": "097-16-31.0570W"}}, {"type": "Feature", "geometry": {"type": "Point", "coordinates": [-98.07309108692021, 31.177952879695866]}, "properties": {"NAME": "Worrell", "IDENT": "6TS1", "TYPE_CODE": "AD", "SERVCITY": "KEMPNER", "ELEVATION": 960, "LATITUDE": "31-10-40.6110N", "LONGITUDE": "098-04-23.1000W"}}, {"type": "Feature", "geometry": {"type": "Point", "coordinates": [-97.86557592514175, 28.82499061894781]}, "properties": {"NAME": "Kenedy Rgnl", "IDENT": "2R9", "TYPE_CODE": "AD", "SERVCITY": "KENEDY", "ELEVATION": 288.7, "LATITUDE": "28-49-29.9485N", "LONGITUDE": "097-51-56.0460W"}}, {"type": "Feature", "geometry": {"type": "Point", "coordinates": [-97.76546589889712, 28.790435477185163]}, "properties": {"NAME": "Card Airfield", "IDENT": "4XA2", "TYPE_CODE": "AD", "SERVCITY": "KENEDY", "ELEVATION": 320, "LATITUDE": "28-47-25.5500N", "LONGITUDE": "097-45-55.6500W"}}, {"type": "Feature", "geometry": {"type": "Point", "coordinates": [-95.20577925999736, 31.353519968817423]}, "properties": {"NAME": "Flying S Ranch", "IDENT": "63TE", "TYPE_CODE": "AD", "SERVCITY": "KENNARD", "ELEVATION": 370, "LATITUDE": "31-21-12.6520N", "LONGITUDE": "095-12-20.7800W"}}, {"type": "Feature", "geometry": {"type": "Point", "coordinates": [-104.21231475849324, 31.015282882833816]}, "properties": {"NAME": "Rancho Del Cielo", "IDENT": "XS44", "TYPE_CODE": "AD", "SERVCITY": "KENT", "ELEVATION": 4411, "LATITUDE": "31-00-55.0000N", "LONGITUDE": "104-12-44.3000W"}}, {"type": "Feature", "geometry": {"type": "Point", "coordinates": [-96.25970652266925, 32.22987593274933]}, "properties": {"NAME": "Hancock", "IDENT": "4TX5", "TYPE_CODE": "AD", "SERVCITY": "KERENS", "ELEVATION": 305, "LATITUDE": "32-13-47.5330N", "LONGITUDE": "096-15-34.9170W"}}, {"type": "Feature", "geometry": {"type": "Point", "coordinates": [-99.16838157420347, 29.97466344029575]}, "properties": {"NAME": "Barclay's Roost", "IDENT": "TA73", "TYPE_CODE": "AD", "SERVCITY": "KERRVILLE", "ELEVATION": 1680, "LATITUDE": "29-58-28.7700N", "LONGITUDE": "099-10-06.1450W"}}, {"type": "Feature", "geometry": {"type": "Point", "coordinates": [-98.41698114649995, 30.68352249351842]}, "properties": {"NAME": "Shirley Williams", "IDENT": "44TE", "TYPE_CODE": "AD", "SERVCITY": "KINGSLAND", "ELEVATION": 880, "LATITUDE": "30-41-00.6620N", "LONGITUDE": "098-25-01.1040W"}}, {"type": "Feature", "geometry": {"type": "Point", "coordinates": [-97.80829752757568, 27.504519101934296]}, "properties": {"NAME": "Kingsville NAS", "IDENT": "NQI", "TYPE_CODE": "AD", "SERVCITY": "KINGSVILLE", "ELEVATION": 49.7, "LATITUDE": "27-30-16.2520N", "LONGITUDE": "097-48-29.8440W"}}, {"type": "Feature", "geometry": {"type": "Point", "coordinates": [-98.03092425126866, 27.55086577221861]}, "properties": {"NAME": "Kleberg County", "IDENT": "IKG", "TYPE_CODE": "AD", "SERVCITY": "KINGSVILLE", "ELEVATION": 130.1, "LATITUDE": "27-33-03.1000N", "LONGITUDE": "098-01-51.3000W"}}, {"type": "Feature", "geometry": {"type": "Point", "coordinates": [-93.91491000100078, 30.646570429592547]}, "properties": {"NAME": "Kirbyville", "IDENT": "T12", "TYPE_CODE": "AD", "SERVCITY": "KIRBYVILLE", "ELEVATION": 121, "LATITUDE": "30-38-47.6340N", "LONGITUDE": "093-54-53.6520W"}}, {"type": "Feature", "geometry": {"type": "Point", "coordinates": [-100.64760838571353, 31.255588625206467]}, "properties": {"NAME": "Hunter's Creek", "IDENT": "5XA0", "TYPE_CODE": "AD", "SERVCITY": "KINCKERBOKER", "ELEVATION": 2050, "LATITUDE": "31-15-20.1000N", "LONGITUDE": "100-38-51.3600W"}}, {"type": "Feature", "geometry": {"type": "Point", "coordinates": [-99.8128772048457, 33.43815627909731]}, "properties": {"NAME": "Harrison Fld of Knox City", "IDENT": "F75", "TYPE_CODE": "AD", "SERVCITY": "KNOX CITY", "ELEVATION": 1500, "LATITUDE": "33-26-17.3420N", "LONGITUDE": "099-48-46.3280W"}}, {"type": "Feature", "geometry": {"type": "Point", "coordinates": [-99.8656566604708, 33.419544606330454]}, "properties": {"NAME": "Oliver", "IDENT": "4TX7", "TYPE_CODE": "AD", "SERVCITY": "KNOX CITY", "ELEVATION": 1500, "LATITUDE": "33-25-10.3400N", "LONGITUDE": "099-51-56.3340W"}}, {"type": "Feature", "geometry": {"type": "Point", "coordinates": [-94.25756229859165, 30.336338686693416]}, "properties": {"NAME": "Hawthorne Fld", "IDENT": "45R", "TYPE_CODE": "AD", "SERVCITY": "KOUNTZE/SILSBEE", "ELEVATION": 70.8, "LATITUDE": "30-20-10.8000N", "LONGITUDE": "094-15-27.2000W"}}, {"type": "Feature", "geometry": {"type": "Point", "coordinates": [-101.54434490709201, 34.34340579644444]}, "properties": {"NAME": "Whitfield", "IDENT": "6TX4", "TYPE_CODE": "AD", "SERVCITY": "KRESS", "ELEVATION": 3330, "LATITUDE": "34-20-36.2400N", "LONGITUDE": "101-32-39.6100W"}}, {"type": "Feature", "geometry": {"type": "Point", "coordinates": [-101.75992551799135, 34.39283912692179]}, "properties": {"NAME": "Joe Vaughn Spraying", "IDENT": "29F", "TYPE_CODE": "AD", "SERVCITY": "KRESS", "ELEVATION": 3500, "LATITUDE": "34-23-34.2000N", "LONGITUDE": "101-45-35.7000W"}}, {"type": "Feature", "geometry": {"type": "Point", "coordinates": [-97.22391293931064, 33.24873497352916]}, "properties": {"NAME": "Addington Fld", "IDENT": "4TX8", "TYPE_CODE": "AD", "SERVCITY": "KRUM", "ELEVATION": 705, "LATITUDE": "33-14-55.4250N", "LONGITUDE": "097-13-26.0590W"}}, {"type": "Feature", "geometry": {"type": "Point", "coordinates": [-97.37975131537007, 33.30817719961416]}, "properties": {"NAME": "Eagle's Landing", "IDENT": "2TX8", "TYPE_CODE": "AD", "SERVCITY": "KRUM", "ELEVATION": 930, "LATITUDE": "33-18-29.4170N", "LONGITUDE": "097-22-47.0770W"}}, {"type": "Feature", "geometry": {"type": "Point", "coordinates": [-97.24500766996512, 33.30139470438511]}, "properties": {"NAME": "Richards", "IDENT": "TA47", "TYPE_CODE": "AD", "SERVCITY": "KRUM", "ELEVATION": 785, "LATITUDE": "33-18-05.0000N", "LONGITUDE": "097-14-42.0000W"}}, {"type": "Feature", "geometry": {"type": "Point", "coordinates": [-97.34713547404272, 33.306461367756704]}, "properties": {"NAME": "Bird Dog Airfield", "IDENT": "E58", "TYPE_CODE": "AD", "SERVCITY": "KRUM", "ELEVATION": 895, "LATITUDE": "33-18-23.2400N", "LONGITUDE": "097-20-49.6600W"}}, {"type": "Feature", "geometry": {"type": "Point", "coordinates": [-101.92023099862944, 32.7563110620088]}, "properties": {"NAME": "Lamesa Muni", "IDENT": "LUV", "TYPE_CODE": "AD", "SERVCITY": "LAMESA", "ELEVATION": 2998.6, "LATITUDE": "32-45-22.7000N", "LONGITUDE": "101-55-12.8000W"}}, {"type": "Feature", "geometry": {"type": "Point", "coordinates": [-101.93099237887996, 32.5778885304119]}, "properties": {"NAME": "Thorp", "IDENT": "9TE3", "TYPE_CODE": "AD", "SERVCITY": "LAMESA", "ELEVATION": 2900, "LATITUDE": "32-34-40.3790N", "LONGITUDE": "101-55-51.5410W"}}, {"type": "Feature", "geometry": {"type": "Point", "coordinates": [-101.77945318692917, 32.7486166220708]}, "properties": {"NAME": "Benny White Flying", "IDENT": "XA77", "TYPE_CODE": "AD", "SERVCITY": "LAMESA", "ELEVATION": 2943, "LATITUDE": "32-44-55.0000N", "LONGITUDE": "101-46-46.0000W"}}, {"type": "Feature", "geometry": {"type": "Point", "coordinates": [-98.19592444759829, 31.10619980516263]}, "properties": {"NAME": "Lampasas", "IDENT": "LZZ", "TYPE_CODE": "AD", "SERVCITY": "LAMPASAS", "ELEVATION": 1214.4, "LATITUDE": "31-06-22.3000N", "LONGITUDE": "098-11-45.3000W"}}, {"type": "Feature", "geometry": {"type": "Point", "coordinates": [-98.04281079543159, 31.044902022325424]}, "properties": {"NAME": "Kings Ranch", "IDENT": "TE48", "TYPE_CODE": "AD", "SERVCITY": "LAMPASAS", "ELEVATION": 1025, "LATITUDE": "31-02-41.6280N", "LONGITUDE": "098-02-34.0910W"}}, {"type": "Feature", "geometry": {"type": "Point", "coordinates": [-98.23642472526686, 30.926293103077867]}, "properties": {"NAME": "Deer Pasture", "IDENT": "69TE", "TYPE_CODE": "AD", "SERVCITY": "LAMPASAS", "ELEVATION": 1422, "LATITUDE": "30-55-34.6360N", "LONGITUDE": "098-14-11.1010W"}}, {"type": "Feature", "geometry": {"type": "Point", "coordinates": [-96.71751027020802, 32.577609869228795]}, "properties": {"NAME": "Lancaster Rgnl", "IDENT": "LNC", "TYPE_CODE": "AD", "SERVCITY": "LANCASTER", "ELEVATION": 501.1, "LATITUDE": "32-34-39.3750N", "LONGITUDE": "096-43-03.0100W"}}, {"type": "Feature", "geometry": {"type": "Point", "coordinates": [-101.57307104184667, 30.020996945922626]}, "properties": {"NAME": "4m Ranch Airfield", "IDENT": "48TE", "TYPE_CODE": "AD", "SERVCITY": "LANGTRY", "ELEVATION": 1900, "LATITUDE": "30-01-15.5709N", "LONGITUDE": "101-34-23.0250W"}}, {"type": "Feature", "geometry": {"type": "Point", "coordinates": [-101.7874530260137, 29.80754664859775]}, "properties": {"NAME": "Stand Fast", "IDENT": "2TE8", "TYPE_CODE": "AD", "SERVCITY": "LANGTRY", "ELEVATION": 1340, "LATITUDE": "29-48-27.1500N", "LONGITUDE": "101-47-14.8000W"}}, {"type": "Feature", "geometry": {"type": "Point", "coordinates": [-95.0642013648438, 29.66925518869035]}, "properties": {"NAME": "La Porte Muni", "IDENT": "T41", "TYPE_CODE": "AD", "SERVCITY": "LA PORTE", "ELEVATION": 25.1, "LATITUDE": "29-40-09.3000N", "LONGITUDE": "095-03-51.1000W"}}, {"type": "Feature", "geometry": {"type": "Point", "coordinates": [-99.75615805870585, 28.920804882815553]}, "properties": {"NAME": "Westwind Ranch", "IDENT": "TE83", "TYPE_CODE": "AD", "SERVCITY": "LA PRYOR", "ELEVATION": 686, "LATITUDE": "28-55-14.8800N", "LONGITUDE": "099-45-22.1400W"}}, {"type": "Feature", "geometry": {"type": "Point", "coordinates": [-99.76090059635479, 29.745506153152572]}, "properties": {"NAME": "Real County", "IDENT": "49R", "TYPE_CODE": "AD", "SERVCITY": "LEAKEY", "ELEVATION": 1640, "LATITUDE": "29-44-43.8040N", "LONGITUDE": "099-45-39.2130W"}}, {"type": "Feature", "geometry": {"type": "Point", "coordinates": [-96.2169293603825, 33.42233727284356]}, "properties": {"NAME": "Grove Hill", "IDENT": "5TX2", "TYPE_CODE": "AD", "SERVCITY": "LEONARD", "ELEVATION": 721, "LATITUDE": "33-25-20.3930N", "LONGITUDE": "096-13-00.9190W"}}, {"type": "Feature", "geometry": {"type": "Point", "coordinates": [-96.31693243923071, 33.379283093297616]}, "properties": {"NAME": "Casey Fld", "IDENT": "TE06", "TYPE_CODE": "AD", "SERVCITY": "LEONARD", "ELEVATION": 670, "LATITUDE": "33-22-45.3980N", "LONGITUDE": "096-19-00.9300W"}}, {"type": "Feature", "geometry": {"type": "Point", "coordinates": [-96.36222967235462, 33.37222808995972]}, "properties": {"NAME": "Flying Tiger Fld", "IDENT": "6TA2", "TYPE_CODE": "AD", "SERVCITY": "LEONARD", "ELEVATION": 685, "LATITUDE": "33-22-20.0000N", "LONGITUDE": "096-21-44.0000W"}}, {"type": "Feature", "geometry": {"type": "Point", "coordinates": [-102.37253671374266, 33.55253339962557]}, "properties": {"NAME": "Levelland Muni", "IDENT": "LLN", "TYPE_CODE": "AD", "SERVCITY": "LEVELLAND", "ELEVATION": 3514.1, "LATITUDE": "33-33-09.1000N", "LONGITUDE": "102-22-21.1000W"}}, {"type": "Feature", "geometry": {"type": "Point", "coordinates": [-97.11918567647665, 33.018184101094654]}, "properties": {"NAME": "Windmill Hill", "IDENT": "TA21", "TYPE_CODE": "AD", "SERVCITY": "LEWISVILLE", "ELEVATION": 620, "LATITUDE": "33-01-05.4420N", "LONGITUDE": "097-07-09.0410W"}}, {"type": "Feature", "geometry": {"type": "Point", "coordinates": [-96.96667410587165, 30.4125052722899]}, "properties": {"NAME": "Lexington Airfield", "IDENT": "TE75", "TYPE_CODE": "AD", "SERVCITY": "LEXINGTON", "ELEVATION": 470, "LATITUDE": "30-24-45.0000N", "LONGITUDE": "096-58-00.0000W"}}, {"type": "Feature", "geometry": {"type": "Point", "coordinates": [-94.69856240093193, 30.07781084119392]}, "properties": {"NAME": "Liberty Muni", "IDENT": "T78", "TYPE_CODE": "AD", "SERVCITY": "LIBERTY", "ELEVATION": 69.5, "LATITUDE": "30-04-40.1000N", "LONGITUDE": "094-41-54.8000W"}}, {"type": "Feature", "geometry": {"type": "Point", "coordinates": [-97.6724242558621, 29.85033846891437]}, "properties": {"NAME": "Lockhart Muni", "IDENT": "50R", "TYPE_CODE": "AD", "SERVCITY": "LOCKHART", "ELEVATION": 531.6, "LATITUDE": "29-51-01.2000N", "LONGITUDE": "097-40-20.7000W"}}, {"type": "Feature", "geometry": {"type": "Point", "coordinates": [-97.69122425839923, 29.80368845902629]}, "properties": {"NAME": "Someday Ranch", "IDENT": "2XA5", "TYPE_CODE": "AD", "SERVCITY": "LOCKHART", "ELEVATION": 466, "LATITUDE": "29-48-13.2600N", "LONGITUDE": "097-41-28.3800W"}}, {"type": "Feature", "geometry": {"type": "Point", "coordinates": [-98.46698979835739, 31.233505652878854]}, "properties": {"NAME": "Lometa Air Strip", "IDENT": "7TE3", "TYPE_CODE": "AD", "SERVCITY": "LOMETA", "ELEVATION": 1400, "LATITUDE": "31-14-00.6010N", "LONGITUDE": "098-28-01.1350W"}}, {"type": "Feature", "geometry": {"type": "Point", "coordinates": [-98.42389673445554, 31.26611649378235]}, "properties": {"NAME": "Birchfield Ranch", "IDENT": "XA44", "TYPE_CODE": "AD", "SERVCITY": "LOMETA", "ELEVATION": 1550, "LATITUDE": "31-15-58.0000N", "LONGITUDE": "098-25-26.0000W"}}, {"type": "Feature", "geometry": {"type": "Point", "coordinates": [-94.7002164142492, 32.50848716209583]}, "properties": {"NAME": "East Side", "IDENT": "3TS0", "TYPE_CODE": "AD", "SERVCITY": "LONGVIEW", "ELEVATION": 373, "LATITUDE": "32-30-30.5330N", "LONGITUDE": "094-42-00.7540W"}}, {"type": "Feature", "geometry": {"type": "Point", "coordinates": [-94.76556254935836, 32.61500579124547]}, "properties": {"NAME": "Tailwheel", "IDENT": "2XA7", "TYPE_CODE": "AD", "SERVCITY": "LONGVIEW", "ELEVATION": 360, "LATITUDE": "32-36-54.0000N", "LONGITUDE": "094-45-56.0000W"}}, {"type": "Feature", "geometry": {"type": "Point", "coordinates": [-94.71150696609453, 32.38400574820625]}, "properties": {"NAME": "East Texas Rgnl", "IDENT": "GGG", "TYPE_CODE": "AD", "SERVCITY": "LONGVIEW", "ELEVATION": 365.5, "LATITUDE": "32-23-02.4000N", "LONGITUDE": "094-42-41.4000W"}}, {"type": "Feature", "geometry": {"type": "Point", "coordinates": [-101.82056436936153, 33.66367233420944]}, "properties": {"NAME": "Lubbock Preston Smith Intl", "IDENT": "LBB", "TYPE_CODE": "AD", "SERVCITY": "LUBBOCK", "ELEVATION": 3282.4, "LATITUDE": "33-39-49.2000N", "LONGITUDE": "101-49-14.0000W"}}, {"type": "Feature", "geometry": {"type": "Point", "coordinates": [-94.75000691416096, 31.234033296231186]}, "properties": {"NAME": "Angelina County", "IDENT": "LFK", "TYPE_CODE": "AD", "SERVCITY": "LUFKIN", "ELEVATION": 295.6, "LATITUDE": "31-14-02.5000N", "LONGITUDE": "094-45-00.0000W"}}, {"type": "Feature", "geometry": {"type": "Point", "coordinates": [-94.69945134802023, 31.29167219871633]}, "properties": {"NAME": "One Eyed Creek", "IDENT": "TX49", "TYPE_CODE": "AD", "SERVCITY": "LUFKIN", "ELEVATION": 295, "LATITUDE": "31-17-30.0000N", "LONGITUDE": "094-41-58.0000W"}}, {"type": "Feature", "geometry": {"type": "Point", "coordinates": [-101.03376307942675, 33.800087672679076]}, "properties": {"NAME": "Gardner Farm", "IDENT": "18XS", "TYPE_CODE": "AD", "SERVCITY": "MC ADOO", "ELEVATION": 3000, "LATITUDE": "33-48-00.2950N", "LONGITUDE": "101-02-01.5160W"}}, {"type": "Feature", "geometry": {"type": "Point", "coordinates": [-98.23861870195582, 26.175837703871558]}, "properties": {"NAME": "Mc Allen Intl", "IDENT": "MFE", "TYPE_CODE": "AD", "SERVCITY": "MC ALLEN", "ELEVATION": 107.2, "LATITUDE": "26-10-33.0000N", "LONGITUDE": "098-14-19.0000W"}}, {"type": "Feature", "geometry": {"type": "Point", "coordinates": [-102.22542375171575, 31.12515353786474]}, "properties": {"NAME": "Upton County", "IDENT": "E48", "TYPE_CODE": "AD", "SERVCITY": "MC CAMEY", "ELEVATION": 2433, "LATITUDE": "31-07-30.5340N", "LONGITUDE": "102-13-31.4940W"}}, {"type": "Feature", "geometry": {"type": "Point", "coordinates": [-97.13085037235376, 32.53764317710512]}, "properties": {"NAME": "Flying L Airpark", "IDENT": "6TX7", "TYPE_CODE": "AD", "SERVCITY": "MANSFIELD", "ELEVATION": 680, "LATITUDE": "32-32-15.4950N", "LONGITUDE": "097-07-51.0340W"}}, {"type": "Feature", "geometry": {"type": "Point", "coordinates": [-97.20640844748384, 32.55597623335754]}, "properties": {"NAME": "Hess", "IDENT": "6TX8", "TYPE_CODE": "AD", "SERVCITY": "MANSFIELD", "ELEVATION": 673, "LATITUDE": "32-33-21.4940N", "LONGITUDE": "097-12-23.0430W"}}, {"type": "Feature", "geometry": {"type": "Point", "coordinates": [-95.326562535874, 29.479088473770393]}, "properties": {"NAME": "Wolfe Air Park", "IDENT": "3T2", "TYPE_CODE": "AD", "SERVCITY": "MANVEL", "ELEVATION": 55, "LATITUDE": "29-28-44.7000N", "LONGITUDE": "095-19-35.6000W"}}, {"type": "Feature", "geometry": {"type": "Point", "coordinates": [-102.93378302327895, 29.966859135974797]}, "properties": {"NAME": "Chaney San Francisco Ranch", "IDENT": "92TE", "TYPE_CODE": "AD", "SERVCITY": "MARATHON", "ELEVATION": 3250, "LATITUDE": "29-58-00.6750N", "LONGITUDE": "102-56-01.5870W"}}, {"type": "Feature", "geometry": {"type": "Point", "coordinates": [-103.23362560710048, 30.266863344719415]}, "properties": {"NAME": "Iron Mountain Ranch", "IDENT": "5TE5", "TYPE_CODE": "AD", "SERVCITY": "MARATHON", "ELEVATION": 4313, "LATITUDE": "30-16-00.6900N", "LONGITUDE": "103-14-01.0200W"}}, {"type": "Feature", "geometry": {"type": "Point", "coordinates": [-103.2949078263243, 29.92657494839902]}, "properties": {"NAME": "Maravillas Gap Ranch", "IDENT": "48XS", "TYPE_CODE": "AD", "SERVCITY": "MARATHON", "ELEVATION": 3325, "LATITUDE": "29-55-35.6520N", "LONGITUDE": "103-17-41.6360W"}}, {"type": "Feature", "geometry": {"type": "Point", "coordinates": [-102.79155381804983, 29.85491828689104]}, "properties": {"NAME": "Stovall Ranch Nr 4", "IDENT": "6TX9", "TYPE_CODE": "AD", "SERVCITY": "MARATHON", "ELEVATION": 3010, "LATITUDE": "29-51-17.6880N", "LONGITUDE": "102-47-29.5620W"}}, {"type": "Feature", "geometry": {"type": "Point", "coordinates": [-103.16298666405442, 29.482635428874076]}, "properties": {"NAME": "Pitcock Rosillos Mountain Ranch", "IDENT": "09TS", "TYPE_CODE": "AD", "SERVCITY": "MARATHON", "ELEVATION": 3100, "LATITUDE": "29-28-57.4700N", "LONGITUDE": "103-09-46.7200W"}}, {"type": "Feature", "geometry": {"type": "Point", "coordinates": [-103.15000889327138, 29.700921579952677]}, "properties": {"NAME": "Persimmon Gap Ranch", "IDENT": "TA64", "TYPE_CODE": "AD", "SERVCITY": "MARATHON", "ELEVATION": 2680, "LATITUDE": "29-42-03.3000N", "LONGITUDE": "103-09-00.0000W"}}, {"type": "Feature", "geometry": {"type": "Point", "coordinates": [-102.90850467587128, 29.80964077440843]}, "properties": {"NAME": "Mayhew Ranch Nr 1", "IDENT": "93TE", "TYPE_CODE": "AD", "SERVCITY": "MARATHON", "ELEVATION": 2783, "LATITUDE": "29-48-34.6890N", "LONGITUDE": "102-54-30.5850W"}}, {"type": "Feature", "geometry": {"type": "Point", "coordinates": [-98.29753166944798, 30.61269248434406]}, "properties": {"NAME": "Slaughter Ranch", "IDENT": "86TA", "TYPE_CODE": "AD", "SERVCITY": "MARBLE FALLS", "ELEVATION": 890, "LATITUDE": "30-36-45.6740N", "LONGITUDE": "098-17-51.0860W"}}, {"type": "Feature", "geometry": {"type": "Point", "coordinates": [-98.28113943686935, 30.481309126540992]}, "properties": {"NAME": "Herbert Ranch", "IDENT": "XS03", "TYPE_CODE": "AD", "SERVCITY": "MARBLE FALLS", "ELEVATION": 1140, "LATITUDE": "30-28-52.6940N", "LONGITUDE": "098-16-52.0740W"}}, {"type": "Feature", "geometry": {"type": "Point", "coordinates": [-103.94584240495774, 29.640004873312115]}, "properties": {"NAME": "Rawls Ranch", "IDENT": "5TE1", "TYPE_CODE": "AD", "SERVCITY": "MARFA", "ELEVATION": 4520, "LATITUDE": "29-38-24.0000N", "LONGITUDE": "103-56-45.0000W"}}, {"type": "Feature", "geometry": {"type": "Point", "coordinates": [-104.01753690219503, 30.371116111228652]}, "properties": {"NAME": "Marfa Muni", "IDENT": "MRF", "TYPE_CODE": "AD", "SERVCITY": "MARFA", "ELEVATION": 4848.8, "LATITUDE": "30-22-16.0000N", "LONGITUDE": "104-01-03.1000W"}}, {"type": "Feature", "geometry": {"type": "Point", "coordinates": [-104.26107582239126, 29.89354101785123]}, "properties": {"NAME": "Cibolo Creek Ranch", "IDENT": "TS15", "TYPE_CODE": "AD", "SERVCITY": "MARFA", "ELEVATION": 4400, "LATITUDE": "29-53-36.7300N", "LONGITUDE": "104-15-39.8400W"}}, {"type": "Feature", "geometry": {"type": "Point", "coordinates": [-98.15888686043843, 29.495636992981773]}, "properties": {"NAME": "Zuehl", "IDENT": "1TE4", "TYPE_CODE": "AD", "SERVCITY": "MARION", "ELEVATION": 592, "LATITUDE": "29-29-44.2750N", "LONGITUDE": "098-09-31.9650W"}}, {"type": "Feature", "geometry": {"type": "Point", "coordinates": [-96.05996742251426, 28.950263341039896]}, "properties": {"NAME": "W D Cornelius Ranch", "IDENT": "XS07", "TYPE_CODE": "AD", "SERVCITY": "MARKHAM", "ELEVATION": 47, "LATITUDE": "28-57-00.9300N", "LONGITUDE": "096-03-35.8570W"}}, {"type": "Feature", "geometry": {"type": "Point", "coordinates": [-96.85203523498453, 31.34067212573086]}, "properties": {"NAME": "Marlin", "IDENT": "T15", "TYPE_CODE": "AD", "SERVCITY": "MARLIN", "ELEVATION": 410.7, "LATITUDE": "31-20-26.4000N", "LONGITUDE": "096-51-07.3000W"}}, {"type": "Feature", "geometry": {"type": "Point", "coordinates": [-96.2163609028164, 31.261296300802133]}, "properties": {"NAME": "Morris Lazy K Ranch", "IDENT": "TA23", "TYPE_CODE": "AD", "SERVCITY": "MARQUEZ", "ELEVATION": 360, "LATITUDE": "31-15-40.6470N", "LONGITUDE": "096-12-58.8730W"}}, {"type": "Feature", "geometry": {"type": "Point", "coordinates": [-94.30777936869814, 32.52050051355141]}, "properties": {"NAME": "Harrison County", "IDENT": "ASL", "TYPE_CODE": "AD", "SERVCITY": "MARSHALL", "ELEVATION": 357.1, "LATITUDE": "32-31-13.7810N", "LONGITUDE": "094-18-27.9810W"}}, {"type": "Feature", "geometry": {"type": "Point", "coordinates": [-99.63257395462436, 30.8910133205543]}, "properties": {"NAME": "M & M Land Company", "IDENT": "TE15", "TYPE_CODE": "AD", "SERVCITY": "MENARD", "ELEVATION": 1800, "LATITUDE": "30-53-27.6290N", "LONGITUDE": "099-37-57.2370W"}}, {"type": "Feature", "geometry": {"type": "Point", "coordinates": [-100.10278601226115, 30.87000524236686]}, "properties": {"NAME": "Herd Ranch", "IDENT": "XA92", "TYPE_CODE": "AD", "SERVCITY": "MENARD", "ELEVATION": 2185, "LATITUDE": "30-52-12.0000N", "LONGITUDE": "100-06-10.0000W"}}, {"type": "Feature", "geometry": {"type": "Point", "coordinates": [-97.79517160971093, 31.83882218392012]}, "properties": {"NAME": "Francis Ranch", "IDENT": "4TE6", "TYPE_CODE": "AD", "SERVCITY": "MERIDIAN", "ELEVATION": 960, "LATITUDE": "31-50-19.7400N", "LONGITUDE": "097-47-42.5900W"}}, {"type": "Feature", "geometry": {"type": "Point", "coordinates": [-97.87528361230856, 26.17535715745654]}, "properties": {"NAME": "Old Reb", "IDENT": "5XS6", "TYPE_CODE": "AD", "SERVCITY": "MERCEDES", "ELEVATION": 60, "LATITUDE": "26-10-31.2700N", "LONGITUDE": "097-52-30.9940W"}}, {"type": "Feature", "geometry": {"type": "Point", "coordinates": [-96.27026297108377, 33.183730836466566]}, "properties": {"NAME": "Fly-N-Ski", "IDENT": "31XS", "TYPE_CODE": "AD", "SERVCITY": "MERIT", "ELEVATION": 638, "LATITUDE": "33-11-01.4100N", "LONGITUDE": "096-16-12.9200W"}}, {"type": "Feature", "geometry": {"type": "Point", "coordinates": [-100.75417508162167, 31.31806085535497]}, "properties": {"NAME": "Creekside", "IDENT": "03XS", "TYPE_CODE": "AD", "SERVCITY": "MERTZON", "ELEVATION": 2100, "LATITUDE": "31-19-05.0000N", "LONGITUDE": "100-45-15.0000W"}}, {"type": "Feature", "geometry": {"type": "Point", "coordinates": [-96.53042467678257, 32.746968520398084]}, "properties": {"NAME": "Mesquite Metro", "IDENT": "HQZ", "TYPE_CODE": "AD", "SERVCITY": "MESQUITE", "ELEVATION": 446.5, "LATITUDE": "32-44-49.0660N", "LONGITUDE": "096-31-49.5020W"}}, {"type": "Feature", "geometry": {"type": "Point", "coordinates": [-96.5144668316967, 31.64118386345606]}, "properties": {"NAME": "Mexia-Limestone County", "IDENT": "LXY", "TYPE_CODE": "AD", "SERVCITY": "MEXIA", "ELEVATION": 544.7, "LATITUDE": "31-38-28.2420N", "LONGITUDE": "096-30-52.0540W"}}, {"type": "Feature", "geometry": {"type": "Point", "coordinates": [-96.96611836458295, 32.17321061471279]}, "properties": {"NAME": "Hirok", "IDENT": "TE50", "TYPE_CODE": "AD", "SERVCITY": "MILFORD", "ELEVATION": 700, "LATITUDE": "32-10-23.5380N", "LONGITUDE": "096-57-57.9990W"}}, {"type": "Feature", "geometry": {"type": "Point", "coordinates": [-96.22468975011782, 30.38465696058243]}, "properties": {"NAME": "Tom J Moore Farm", "IDENT": "XS18", "TYPE_CODE": "AD", "SERVCITY": "MILLICAN", "ELEVATION": 198, "LATITUDE": "30-23-04.7460N", "LONGITUDE": "096-13-28.8570W"}}, {"type": "Feature", "geometry": {"type": "Point", "coordinates": [-97.97282643007874, 32.76263568307954]}, "properties": {"NAME": "Reb Folbre's Place", "IDENT": "TE34", "TYPE_CODE": "AD", "SERVCITY": "MILLSAP", "ELEVATION": 940, "LATITUDE": "32-45-45.4680N", "LONGITUDE": "097-58-22.1470W"}}, {"type": "Feature", "geometry": {"type": "Point", "coordinates": [-95.51096530074608, 32.67668074413408]}, "properties": {"NAME": "Mineola Wisener Fld", "IDENT": "3F9", "TYPE_CODE": "AD", "SERVCITY": "MINEOLA", "ELEVATION": 430, "LATITUDE": "32-40-36.0299N", "LONGITUDE": "095-30-39.4492W"}}, {"type": "Feature", "geometry": {"type": "Point", "coordinates": [-95.43912855771042, 32.6334740997921]}, "properties": {"NAME": "Rhodes Ranch", "IDENT": "TX62", "TYPE_CODE": "AD", "SERVCITY": "MINEOLA", "ELEVATION": 405, "LATITUDE": "32-38-00.4860N", "LONGITUDE": "095-26-20.8370W"}}, {"type": "Feature", "geometry": {"type": "Point", "coordinates": [-95.45436828716367, 32.69364188878877]}, "properties": {"NAME": "Creekside Air Park", "IDENT": "XA46", "TYPE_CODE": "AD", "SERVCITY": "MINEOLA", "ELEVATION": 450, "LATITUDE": "32-41-37.0900N", "LONGITUDE": "095-27-15.7000W"}}, {"type": "Feature", "geometry": {"type": "Point", "coordinates": [-95.49647941187347, 32.74220022939251]}, "properties": {"NAME": "Wood County/Collins Fld", "IDENT": "JDD", "TYPE_CODE": "AD", "SERVCITY": "MINEOLA/QUITMAN", "ELEVATION": 432.90000000000003, "LATITUDE": "32-44-31.9000N", "LONGITUDE": "095-29-47.3000W"}}, {"type": "Feature", "geometry": {"type": "Point", "coordinates": [-98.06018284202277, 32.781611238793936]}, "properties": {"NAME": "Mineral Wells Rgnl", "IDENT": "MWL", "TYPE_CODE": "AD", "SERVCITY": "MINERAL WELLS", "ELEVATION": 973.6, "LATITUDE": "32-46-53.7800N", "LONGITUDE": "098-03-36.6300W"}}, {"type": "Feature", "geometry": {"type": "Point", "coordinates": [-98.12533008343587, 32.8334651335575]}, "properties": {"NAME": "Flying U", "IDENT": "0TS7", "TYPE_CODE": "AD", "SERVCITY": "MINERAL WELLS", "ELEVATION": 978, "LATITUDE": "32-50-00.4540N", "LONGITUDE": "098-07-31.1600W"}}, {"type": "Feature", "geometry": {"type": "Point", "coordinates": [-97.98431338317324, 32.847964031428184]}, "properties": {"NAME": "Windy Tales", "IDENT": "TX34", "TYPE_CODE": "AD", "SERVCITY": "MINERAL WELLS", "ELEVATION": 980, "LATITUDE": "32-50-52.6500N", "LONGITUDE": "097-59-03.5000W"}}, {"type": "Feature", "geometry": {"type": "Point", "coordinates": [-97.58859101464151, 32.06092223458007]}, "properties": {"NAME": "Boyd", "IDENT": "TX36", "TYPE_CODE": "AD", "SERVCITY": "MORGAN", "ELEVATION": 755, "LATITUDE": "32-03-39.3000N", "LONGITUDE": "097-35-18.9000W"}}, {"type": "Feature", "geometry": {"type": "Point", "coordinates": [-97.6264188000703, 32.025156115229954]}, "properties": {"NAME": "Diamond Seven Ranch", "IDENT": "43TA", "TYPE_CODE": "AD", "SERVCITY": "MORGAN", "ELEVATION": 797, "LATITUDE": "32-01-30.5420N", "LONGITUDE": "097-37-35.0800W"}}, {"type": "Feature", "geometry": {"type": "Point", "coordinates": [-97.54318822213497, 31.988072222614214]}, "properties": {"NAME": "W4 Ranch", "IDENT": "84TE", "TYPE_CODE": "AD", "SERVCITY": "MORGAN", "ELEVATION": 833, "LATITUDE": "31-59-17.0400N", "LONGITUDE": "097-32-35.4500W"}}, {"type": "Feature", "geometry": {"type": "Point", "coordinates": [-102.73509036599023, 33.73133919016111]}, "properties": {"NAME": "Cochran County", "IDENT": "F85", "TYPE_CODE": "AD", "SERVCITY": "MORTON", "ELEVATION": 3747.2000000000003, "LATITUDE": "33-43-52.8008N", "LONGITUDE": "102-44-06.2928W"}}, {"type": "Feature", "geometry": {"type": "Point", "coordinates": [-99.3988969217909, 30.25500515276986]}, "properties": {"NAME": "Lang Ranch", "IDENT": "84XS", "TYPE_CODE": "AD", "SERVCITY": "MOUNTAIN HOME", "ELEVATION": 2200, "LATITUDE": "30-15-18.0000N", "LONGITUDE": "099-23-56.0000W"}}, {"type": "Feature", "geometry": {"type": "Point", "coordinates": [-99.29783189230727, 30.15409791514091]}, "properties": {"NAME": "Dos Arroyos Ranch", "IDENT": "XS20", "TYPE_CODE": "AD", "SERVCITY": "MOUNTAIN HOME", "ELEVATION": 2058, "LATITUDE": "30-09-14.7340N", "LONGITUDE": "099-17-52.1660W"}}, {"type": "Feature", "geometry": {"type": "Point", "coordinates": [-99.26977605416306, 30.18909625587628]}, "properties": {"NAME": "Cielo Grande Ranch", "IDENT": "87TA", "TYPE_CODE": "AD", "SERVCITY": "MOUNTAIN HOME", "ELEVATION": 2180, "LATITUDE": "30-11-20.7280N", "LONGITUDE": "099-16-11.1650W"}}, {"type": "Feature", "geometry": {"type": "Point", "coordinates": [-99.47116943313897, 30.126598458567123]}, "properties": {"NAME": "Priour Ranch", "IDENT": "XS23", "TYPE_CODE": "AD", "SERVCITY": "MOUNTAIN HOME", "ELEVATION": 2200, "LATITUDE": "30-07-35.7360N", "LONGITUDE": "099-28-16.1810W"}}, {"type": "Feature", "geometry": {"type": "Point", "coordinates": [-99.49840805536417, 30.221921809797546]}, "properties": {"NAME": "Goebel Fld", "IDENT": "4TS5", "TYPE_CODE": "AD", "SERVCITY": "MOUNTAIN HOME", "ELEVATION": 2189, "LATITUDE": "30-13-18.9000N", "LONGITUDE": "099-29-54.2400W"}}, {"type": "Feature", "geometry": {"type": "Point", "coordinates": [-97.07098819224936, 33.46231418610187]}, "properties": {"NAME": "Melody Ranch", "IDENT": "XA78", "TYPE_CODE": "AD", "SERVCITY": "MOUNTAIN SPRINGS", "ELEVATION": 729, "LATITUDE": "33-27-44.3100N", "LONGITUDE": "097-04-15.5300W"}}, {"type": "Feature", "geometry": {"type": "Point", "coordinates": [-95.02258764722941, 33.14058921537486]}, "properties": {"NAME": "Glover", "IDENT": "XS70", "TYPE_CODE": "AD", "SERVCITY": "MOUNT PLEASANT", "ELEVATION": 400, "LATITUDE": "33-08-26.1000N", "LONGITUDE": "095-01-21.2900W"}}, {"type": "Feature", "geometry": {"type": "Point", "coordinates": [-94.96175707279801, 33.09689476555967]}, "properties": {"NAME": "Mount Pleasant Rgnl", "IDENT": "OSA", "TYPE_CODE": "AD", "SERVCITY": "MOUNT PLEASANT", "ELEVATION": 364.2, "LATITUDE": "33-05-48.8000N", "LONGITUDE": "094-57-42.3000W"}}, {"type": "Feature", "geometry": {"type": "Point", "coordinates": [-96.11295166490564, 30.36714418309156]}, "properties": {"NAME": "Navasota Muni", "IDENT": "60R", "TYPE_CODE": "AD", "SERVCITY": "NAVASOTA", "ELEVATION": 229, "LATITUDE": "30-22-01.7000N", "LONGITUDE": "096-06-46.6000W"}}, {"type": "Feature", "geometry": {"type": "Point", "coordinates": [-95.68301012291299, 29.384691220577118]}, "properties": {"NAME": "Flying C", "IDENT": "XS25", "TYPE_CODE": "AD", "SERVCITY": "NEEDVILLE", "ELEVATION": 70, "LATITUDE": "29-23-04.8700N", "LONGITUDE": "095-40-58.8110W"}}, {"type": "Feature", "geometry": {"type": "Point", "coordinates": [-95.86551544930987, 29.451913728313944]}, "properties": {"NAME": "Mospino", "IDENT": "87TE", "TYPE_CODE": "AD", "SERVCITY": "NEEDVILLE", "ELEVATION": 100, "LATITUDE": "29-27-06.8710N", "LONGITUDE": "095-51-55.8300W"}}, {"type": "Feature", "geometry": {"type": "Point", "coordinates": [-98.13167990576851, 29.429127258744654]}, "properties": {"NAME": "Cibolo Sea-Willo Airpark", "IDENT": "TE67", "TYPE_CODE": "AD", "SERVCITY": "NEW BERLIN", "ELEVATION": 517, "LATITUDE": "29-25-44.8400N", "LONGITUDE": "098-07-54.0200W"}}, {"type": "Feature", "geometry": {"type": "Point", "coordinates": [-98.11278545777512, 29.444449484418538]}, "properties": {"NAME": "Heritage Airfield", "IDENT": "TE86", "TYPE_CODE": "AD", "SERVCITY": "NEW BERLIN", "ELEVATION": 555, "LATITUDE": "29-26-40.0000N", "LONGITUDE": "098-06-46.0000W"}}, {"type": "Feature", "geometry": {"type": "Point", "coordinates": [-98.04322989628147, 29.705755094450012]}, "properties": {"NAME": "New Braunfels Ntl", "IDENT": "BAZ", "TYPE_CODE": "AD", "SERVCITY": "NEW BRAUNFELS", "ELEVATION": 658.4, "LATITUDE": "29-42-20.7000N", "LONGITUDE": "098-02-35.6000W"}}, {"type": "Feature", "geometry": {"type": "Point", "coordinates": [-98.13779408453455, 29.658564248873226]}, "properties": {"NAME": "Hilltop Ranch", "IDENT": "9TA1", "TYPE_CODE": "AD", "SERVCITY": "NEW BRAUNFELS", "ELEVATION": 762, "LATITUDE": "29-39-30.8130N", "LONGITUDE": "098-08-16.0310W"}}, {"type": "Feature", "geometry": {"type": "Point", "coordinates": [-98.27252162465999, 29.808557884692465]}, "properties": {"NAME": "Bear Creek Ranch", "IDENT": "5TS8", "TYPE_CODE": "AD", "SERVCITY": "NEW BRAUNFELS", "ELEVATION": 1360, "LATITUDE": "29-48-30.7900N", "LONGITUDE": "098-16-21.0500W"}}, {"type": "Feature", "geometry": {"type": "Point", "coordinates": [-102.38714169580268, 31.921420506337917]}, "properties": {"NAME": "Odessa-Schlemeyer Fld", "IDENT": "ODO", "TYPE_CODE": "AD", "SERVCITY": "ODESSA", "ELEVATION": 3003.6, "LATITUDE": "31-55-17.0946N", "LONGITUDE": "102-23-13.6783W"}}, {"type": "Feature", "geometry": {"type": "Point", "coordinates": [-98.92642030070382, 27.45531156062163]}, "properties": {"NAME": "Van Es Ranch", "IDENT": "13TS", "TYPE_CODE": "AD", "SERVCITY": "OILTON", "ELEVATION": 830, "LATITUDE": "27-27-19.1050N", "LONGITUDE": "098-55-35.0850W"}}, {"type": "Feature", "geometry": {"type": "Point", "coordinates": [-94.43770667423018, 33.35873817167007]}, "properties": {"NAME": "Ashford Fld", "IDENT": "7TX9", "TYPE_CODE": "AD", "SERVCITY": "OLD BOSTON", "ELEVATION": 305, "LATITUDE": "33-21-31.4360N", "LONGITUDE": "094-26-15.7190W"}}, {"type": "Feature", "geometry": {"type": "Point", "coordinates": [-98.81917473327196, 33.350894642279606]}, "properties": {"NAME": "Olney Muni", "IDENT": "ONY", "TYPE_CODE": "AD", "SERVCITY": "OLNEY", "ELEVATION": 1275.4, "LATITUDE": "33-21-03.2000N", "LONGITUDE": "098-49-09.0000W"}}, {"type": "Feature", "geometry": {"type": "Point", "coordinates": [-95.77750707926988, 29.1080606055913]}, "properties": {"NAME": "Peterson", "IDENT": "08XS", "TYPE_CODE": "AD", "SERVCITY": "OLD OCEAN", "ELEVATION": 45, "LATITUDE": "29-06-29.0000N", "LONGITUDE": "095-46-39.0000W"}}, {"type": "Feature", "geometry": {"type": "Point", "coordinates": [-93.80402683415198, 30.068456925016488]}, "properties": {"NAME": "Orange County", "IDENT": "ORG", "TYPE_CODE": "AD", "SERVCITY": "ORANGE", "ELEVATION": 13.200000000000001, "LATITUDE": "30-04-06.4258N", "LONGITUDE": "093-48-14.4728W"}}, {"type": "Feature", "geometry": {"type": "Point", "coordinates": [-93.86462134969535, 30.062438921693243]}, "properties": {"NAME": "Chesson", "IDENT": "XS33", "TYPE_CODE": "AD", "SERVCITY": "ORANGEFIELD", "ELEVATION": 10, "LATITUDE": "30-03-44.7610N", "LONGITUDE": "093-51-52.6130W"}}, {"type": "Feature", "geometry": {"type": "Point", "coordinates": [-98.04356451690846, 27.896822898599886]}, "properties": {"NAME": "Orange Grove NALF", "IDENT": "NOG", "TYPE_CODE": "AD", "SERVCITY": "ORANGE GROVE", "ELEVATION": 257.2, "LATITUDE": "27-53-48.5454N", "LONGITUDE": "098-02-36.8049W"}}, {"type": "Feature", "geometry": {"type": "Point", "coordinates": [-98.14204929718646, 28.056657539213894]}, "properties": {"NAME": "Floyd Ranch", "IDENT": "TA56", "TYPE_CODE": "AD", "SERVCITY": "ORANGE GROVE", "ELEVATION": 282, "LATITUDE": "28-03-23.9500N", "LONGITUDE": "098-08-31.3500W"}}, {"type": "Feature", "geometry": {"type": "Point", "coordinates": [-95.96885159472356, 29.637464040717116]}, "properties": {"NAME": "White Wing Ranch", "IDENT": "TA97", "TYPE_CODE": "AD", "SERVCITY": "ORCHARD", "ELEVATION": 125, "LATITUDE": "29-38-14.8520N", "LONGITUDE": "095-58-07.8400W"}}, {"type": "Feature", "geometry": {"type": "Point", "coordinates": [-96.6854241451747, 32.4773890174952]}, "properties": {"NAME": "Dallas South Port", "IDENT": "T13", "TYPE_CODE": "AD", "SERVCITY": "PALMER", "ELEVATION": 474, "LATITUDE": "32-28-38.5800N", "LONGITUDE": "096-41-07.5000W"}}, {"type": "Feature", "geometry": {"type": "Point", "coordinates": [-98.47867322646991, 32.82124011577517]}, "properties": {"NAME": "Sportsman's World", "IDENT": "TA65", "TYPE_CODE": "AD", "SERVCITY": "PALO PINTO", "ELEVATION": 1142, "LATITUDE": "32-49-16.4440N", "LONGITUDE": "098-28-43.1950W"}}, {"type": "Feature", "geometry": {"type": "Point", "coordinates": [-101.03014768191602, 35.88928385962139]}, "properties": {"NAME": "Mesa Vista Ranch", "IDENT": "TX13", "TYPE_CODE": "AD", "SERVCITY": "PAMPA", "ELEVATION": 2772.3, "LATITUDE": "35-53-21.4000N", "LONGITUDE": "101-01-48.5000W"}}, {"type": "Feature", "geometry": {"type": "Point", "coordinates": [-100.99625876220061, 35.61300603776508]}, "properties": {"NAME": "Perry Lefors Fld", "IDENT": "PPA", "TYPE_CODE": "AD", "SERVCITY": "PAMPA", "ELEVATION": 3245.2000000000003, "LATITUDE": "35-36-46.8000N", "LONGITUDE": "100-59-46.5000W"}}, {"type": "Feature", "geometry": {"type": "Point", "coordinates": [-101.3851757771897, 35.330609859105564]}, "properties": {"NAME": "Stamps Fld", "IDENT": "3TE5", "TYPE_CODE": "AD", "SERVCITY": "PANHANDLE", "ELEVATION": 3445, "LATITUDE": "35-19-50.1740N", "LONGITUDE": "101-23-06.6010W"}}, {"type": "Feature", "geometry": {"type": "Point", "coordinates": [-101.36509216383931, 35.3617004203317]}, "properties": {"NAME": "Panhandle-Carson County", "IDENT": "T45", "TYPE_CODE": "AD", "SERVCITY": "PANHANDLE", "ELEVATION": 3453.7000000000003, "LATITUDE": "35-21-42.1000N", "LONGITUDE": "101-21-54.3000W"}}, {"type": "Feature", "geometry": {"type": "Point", "coordinates": [-97.73167445108734, 33.17056132538232]}, "properties": {"NAME": "Teate Fld", "IDENT": "4XS2", "TYPE_CODE": "AD", "SERVCITY": "PARADISE", "ELEVATION": 795, "LATITUDE": "33-10-14.0000N", "LONGITUDE": "097-43-54.0000W"}}, {"type": "Feature", "geometry": {"type": "Point", "coordinates": [-95.65580089790275, 33.65261039629072]}, "properties": {"NAME": "Flying Tigers", "IDENT": "39TA", "TYPE_CODE": "AD", "SERVCITY": "PARIS", "ELEVATION": 588, "LATITUDE": "33-39-09.3760N", "LONGITUDE": "095-39-20.8570W"}}, {"type": "Feature", "geometry": {"type": "Point", "coordinates": [-95.48190640599327, 33.60511289505953]}, "properties": {"NAME": "Burress", "IDENT": "XS30", "TYPE_CODE": "AD", "SERVCITY": "PARIS", "ELEVATION": 484, "LATITUDE": "33-36-18.3850N", "LONGITUDE": "095-28-54.8370W"}}, {"type": "Feature", "geometry": {"type": "Point", "coordinates": [-95.32709865033893, 29.555688489519124]}, "properties": {"NAME": "Skyway Manor", "IDENT": "T79", "TYPE_CODE": "AD", "SERVCITY": "PEARLAND", "ELEVATION": 55, "LATITUDE": "29-33-20.4600N", "LONGITUDE": "095-19-37.5300W"}}, {"type": "Feature", "geometry": {"type": "Point", "coordinates": [-99.1090356756032, 28.822254884498893]}, "properties": {"NAME": "Mc Kinley Fld", "IDENT": "T30", "TYPE_CODE": "AD", "SERVCITY": "PEARSALL", "ELEVATION": 586.4, "LATITUDE": "28-49-20.1000N", "LONGITUDE": "099-06-32.5000W"}}, {"type": "Feature", "geometry": {"type": "Point", "coordinates": [-99.00615509381764, 28.805385440480315]}, "properties": {"NAME": "Jay Kay Ranch", "IDENT": "XS40", "TYPE_CODE": "AD", "SERVCITY": "PEARSALL", "ELEVATION": 667, "LATITUDE": "28-48-19.3700N", "LONGITUDE": "099-00-22.1300W"}}, {"type": "Feature", "geometry": {"type": "Point", "coordinates": [-103.51073128533199, 31.382394086449285]}, "properties": {"NAME": "Pecos Muni", "IDENT": "PEQ", "TYPE_CODE": "AD", "SERVCITY": "PECOS", "ELEVATION": 2613.1, "LATITUDE": "31-22-56.6000N", "LONGITUDE": "103-30-38.6000W"}}, {"type": "Feature", "geometry": {"type": "Point", "coordinates": [-103.64389797725617, 31.28444961887614]}, "properties": {"NAME": "Gnaws Farm", "IDENT": "96XA", "TYPE_CODE": "AD", "SERVCITY": "PECOS", "ELEVATION": 2717, "LATITUDE": "31-17-04.0000N", "LONGITUDE": "103-38-38.0000W"}}, {"type": "Feature", "geometry": {"type": "Point", "coordinates": [-97.2537409284062, 32.021505573881555]}, "properties": {"NAME": "Barnstormer", "IDENT": "TE99", "TYPE_CODE": "AD", "SERVCITY": "PEORIA", "ELEVATION": 625, "LATITUDE": "32-01-17.4000N", "LONGITUDE": "097-15-13.4400W"}}, {"type": "Feature", "geometry": {"type": "Point", "coordinates": [-100.75158515842651, 36.41292396099502]}, "properties": {"NAME": "Perryton Ochiltree County", "IDENT": "PYX", "TYPE_CODE": "AD", "SERVCITY": "PERRYTON", "ELEVATION": 2918.4, "LATITUDE": "36-24-46.5040N", "LONGITUDE": "100-45-05.6750W"}}, {"type": "Feature", "geometry": {"type": "Point", "coordinates": [-95.83358483324423, 33.6612198349518]}, "properties": {"NAME": "Forest Hill", "IDENT": "4TX3", "TYPE_CODE": "AD", "SERVCITY": "PETTY", "ELEVATION": 525, "LATITUDE": "33-39-40.3700N", "LONGITUDE": "095-50-00.8790W"}}, {"type": "Feature", "geometry": {"type": "Point", "coordinates": [-99.18401397623916, 30.73219827976581]}, "properties": {"NAME": "Mason County", "IDENT": "T92", "TYPE_CODE": "AD", "SERVCITY": "MASON", "ELEVATION": 1514, "LATITUDE": "30-43-55.8949N", "LONGITUDE": "099-11-02.4215W"}}, {"type": "Feature", "geometry": {"type": "Point", "coordinates": [-99.19950607146286, 30.876845556619884]}, "properties": {"NAME": "Polk Ranch", "IDENT": "XS08", "TYPE_CODE": "AD", "SERVCITY": "MASON", "ELEVATION": 1840, "LATITUDE": "30-52-36.6250N", "LONGITUDE": "099-11-58.1930W"}}, {"type": "Feature", "geometry": {"type": "Point", "coordinates": [-99.51577197605468, 30.771210802475327]}, "properties": {"NAME": "Comanche Ridge Ranch", "IDENT": "5XA6", "TYPE_CODE": "AD", "SERVCITY": "MASON", "ELEVATION": 1888, "LATITUDE": "30-46-16.3400N", "LONGITUDE": "099-30-56.7500W"}}, {"type": "Feature", "geometry": {"type": "Point", "coordinates": [-100.78868914405284, 33.96472799103422]}, "properties": {"NAME": "Tee Pee Creek", "IDENT": "8TE0", "TYPE_CODE": "AD", "SERVCITY": "MATADOR", "ELEVATION": 2380, "LATITUDE": "33-57-53.0000N", "LONGITUDE": "100-47-19.2500W"}}, {"type": "Feature", "geometry": {"type": "Point", "coordinates": [-97.00861976768742, 32.232097291193156]}, "properties": {"NAME": "Bee Creek", "IDENT": "34TE", "TYPE_CODE": "AD", "SERVCITY": "MAYPEARL", "ELEVATION": 760, "LATITUDE": "32-13-55.5300N", "LONGITUDE": "097-00-31.0040W"}}, {"type": "Feature", "geometry": {"type": "Point", "coordinates": [-97.08689923618988, 32.29720007733377]}, "properties": {"NAME": "Draggintail Acres", "IDENT": "19XS", "TYPE_CODE": "AD", "SERVCITY": "MAYPEARL", "ELEVATION": 585, "LATITUDE": "32-17-49.9000N", "LONGITUDE": "097-05-12.8100W"}}, {"type": "Feature", "geometry": {"type": "Point", "coordinates": [-97.05681311755473, 32.29636674543208]}, "properties": {"NAME": "Coyote Crossing", "IDENT": "TA26", "TYPE_CODE": "AD", "SERVCITY": "MAYPEARL", "ELEVATION": 580, "LATITUDE": "32-17-46.9000N", "LONGITUDE": "097-03-24.5000W"}}, {"type": "Feature", "geometry": {"type": "Point", "coordinates": [-99.2641746449582, 29.79111617945301]}, "properties": {"NAME": "Cinco B Ranch", "IDENT": "87XS", "TYPE_CODE": "AD", "SERVCITY": "MEDINA", "ELEVATION": 1457, "LATITUDE": "29-47-28.0000N", "LONGITUDE": "099-15-51.0000W"}}, {"type": "Feature", "geometry": {"type": "Point", "coordinates": [-99.35921855641078, 29.776615895301738]}, "properties": {"NAME": "Idlewild", "IDENT": "XS11", "TYPE_CODE": "AD", "SERVCITY": "MEDINA", "ELEVATION": 1660, "LATITUDE": "29-46-35.7990N", "LONGITUDE": "099-21-33.1580W"}}, {"type": "Feature", "geometry": {"type": "Point", "coordinates": [-99.19671407370868, 29.81661451976313]}, "properties": {"NAME": "T-4 Ranch", "IDENT": "XS13", "TYPE_CODE": "AD", "SERVCITY": "MEDINA", "ELEVATION": 1595, "LATITUDE": "29-48-59.7940N", "LONGITUDE": "099-11-48.1420W"}}, {"type": "Feature", "geometry": {"type": "Point", "coordinates": [-100.52970941459522, 34.7395953591083]}, "properties": {"NAME": "Memphis Muni", "IDENT": "F21", "TYPE_CODE": "AD", "SERVCITY": "MEMPHIS", "ELEVATION": 2102, "LATITUDE": "34-44-22.5220N", "LONGITUDE": "100-31-46.9230W"}}, {"type": "Feature", "geometry": {"type": "Point", "coordinates": [-99.80923594461453, 30.93247748747492]}, "properties": {"NAME": "Menard County", "IDENT": "T50", "TYPE_CODE": "AD", "SERVCITY": "MENARD", "ELEVATION": 1933, "LATITUDE": "30-55-56.9000N", "LONGITUDE": "099-48-33.2200W"}}, {"type": "Feature", "geometry": {"type": "Point", "coordinates": [-99.9003587362589, 30.771016342663685]}, "properties": {"NAME": "Womack Ranch", "IDENT": "XS15", "TYPE_CODE": "AD", "SERVCITY": "MENARD", "ELEVATION": 2200, "LATITUDE": "30-46-15.6400N", "LONGITUDE": "099-54-01.2620W"}}, {"type": "Feature", "geometry": {"type": "Point", "coordinates": [-100.60320089716403, 35.713938297697226]}, "properties": {"NAME": "Miami-Roberts County", "IDENT": "3E0", "TYPE_CODE": "AD", "SERVCITY": "MIAMI", "ELEVATION": 2720, "LATITUDE": "35-42-50.1560N", "LONGITUDE": "100-36-11.4920W"}}, {"type": "Feature", "geometry": {"type": "Point", "coordinates": [-102.10153633082311, 32.03657581593134]}, "properties": {"NAME": "Midland Airpark", "IDENT": "MDD", "TYPE_CODE": "AD", "SERVCITY": "MIDLAND", "ELEVATION": 2805.4, "LATITUDE": "32-02-11.6536N", "LONGITUDE": "102-06-05.4992W"}}, {"type": "Feature", "geometry": {"type": "Point", "coordinates": [-102.15987463237632, 32.21706456810027]}, "properties": {"NAME": "Mabee Ranch", "IDENT": "7TX5", "TYPE_CODE": "AD", "SERVCITY": "MIDLAND", "ELEVATION": 2862, "LATITUDE": "32-13-01.4130N", "LONGITUDE": "102-09-35.5170W"}}, {"type": "Feature", "geometry": {"type": "Point", "coordinates": [-102.07395320161233, 31.855088674082943]}, "properties": {"NAME": "Skywest Inc", "IDENT": "7T7", "TYPE_CODE": "AD", "SERVCITY": "MIDLAND", "ELEVATION": 2805, "LATITUDE": "31-51-18.3000N", "LONGITUDE": "102-04-26.2000W"}}, {"type": "Feature", "geometry": {"type": "Point", "coordinates": [-102.02570042599096, 32.06945538101307]}, "properties": {"NAME": "Ryan Aerodrome", "IDENT": "7TX7", "TYPE_CODE": "AD", "SERVCITY": "MIDLAND", "ELEVATION": 2740, "LATITUDE": "32-04-10.0200N", "LONGITUDE": "102-01-32.4900W"}}, {"type": "Feature", "geometry": {"type": "Point", "coordinates": [-102.20192545975442, 31.942533129029226]}, "properties": {"NAME": "Midland Intl Air and Space Port", "IDENT": "MAF", "TYPE_CODE": "AD", "SERVCITY": "MIDLAND", "ELEVATION": 2872.1, "LATITUDE": "31-56-33.1000N", "LONGITUDE": "102-12-06.9000W"}}, {"type": "Feature", "geometry": {"type": "Point", "coordinates": [-96.92678434736516, 32.51281790305193]}, "properties": {"NAME": "Eagle's Nest Estates", "IDENT": "T56", "TYPE_CODE": "AD", "SERVCITY": "MIDLOTHIAN", "ELEVATION": 780, "LATITUDE": "32-30-46.1240N", "LONGITUDE": "096-55-36.3965W"}}, {"type": "Feature", "geometry": {"type": "Point", "coordinates": [-96.91253392355743, 32.4582987272942]}, "properties": {"NAME": "Mid-Way Rgnl", "IDENT": "JWY", "TYPE_CODE": "AD", "SERVCITY": "MIDLOTHIAN/WAXAHACHIE", "ELEVATION": 727, "LATITUDE": "32-27-29.8550N", "LONGITUDE": "096-54-45.0950W"}}, {"type": "Feature", "geometry": {"type": "Point", "coordinates": [-97.97726977314632, 32.90846320995833]}, "properties": {"NAME": "Blo", "IDENT": "12TS", "TYPE_CODE": "AD", "SERVCITY": "MINERAL WELLS", "ELEVATION": 1050, "LATITUDE": "32-54-30.4470N", "LONGITUDE": "097-58-38.1430W"}}, {"type": "Feature", "geometry": {"type": "Point", "coordinates": [-98.96750016561981, 27.279624912829853]}, "properties": {"NAME": "Jacalon Ranch", "IDENT": "TE89", "TYPE_CODE": "AD", "SERVCITY": "MIRANDO CITY", "ELEVATION": 826, "LATITUDE": "27-16-46.6332N", "LONGITUDE": "098-58-02.9725W"}}, {"type": "Feature", "geometry": {"type": "Point", "coordinates": [-98.33363428752406, 26.383683022966288]}, "properties": {"NAME": "Moore Fld", "IDENT": "7TE7", "TYPE_CODE": "AD", "SERVCITY": "MISSION", "ELEVATION": 219, "LATITUDE": "26-23-01.2430N", "LONGITUDE": "098-20-01.0560W"}}, {"type": "Feature", "geometry": {"type": "Point", "coordinates": [-97.39057091721509, 31.186292074836015]}, "properties": {"NAME": "Stampede Valley", "IDENT": "6TS4", "TYPE_CODE": "AD", "SERVCITY": "MOFFAT", "ELEVATION": 670, "LATITUDE": "31-11-10.6320N", "LONGITUDE": "097-23-26.0280W"}}, {"type": "Feature", "geometry": {"type": "Point", "coordinates": [-102.90903671428597, 31.58247747963003]}, "properties": {"NAME": "Roy Hurd Meml", "IDENT": "E01", "TYPE_CODE": "AD", "SERVCITY": "MONAHANS", "ELEVATION": 2614.5, "LATITUDE": "31-34-56.9000N", "LONGITUDE": "102-54-32.5000W"}}, {"type": "Feature", "geometry": {"type": "Point", "coordinates": [-96.03653495937584, 29.93653576608815]}, "properties": {"NAME": "Fair Weather Fld", "IDENT": "TX42", "TYPE_CODE": "AD", "SERVCITY": "MONAVILLE", "ELEVATION": 182, "LATITUDE": "29-56-11.5100N", "LONGITUDE": "096-02-11.5000W"}}, {"type": "Feature", "geometry": {"type": "Point", "coordinates": [-94.83437409229656, 29.8635594034724]}, "properties": {"NAME": "Slack", "IDENT": "4TX0", "TYPE_CODE": "AD", "SERVCITY": "MONT BELVIEU", "ELEVATION": 35, "LATITUDE": "29-51-48.7950N", "LONGITUDE": "094-50-03.7220W"}}, {"type": "Feature", "geometry": {"type": "Point", "coordinates": [-95.61188317455377, 30.332860833107272]}, "properties": {"NAME": "Lake Bonanza", "IDENT": "33TA", "TYPE_CODE": "AD", "SERVCITY": "MONTGOMERY", "ELEVATION": 291, "LATITUDE": "30-19-58.2799N", "LONGITUDE": "095-36-42.7539W"}}, {"type": "Feature", "geometry": {"type": "Point", "coordinates": [-95.6613321046363, 30.342216416234017]}, "properties": {"NAME": "Marmack", "IDENT": "TE85", "TYPE_CODE": "AD", "SERVCITY": "MONTGOMERY", "ELEVATION": 295, "LATITUDE": "30-20-31.9600N", "LONGITUDE": "095-39-40.7700W"}}, {"type": "Feature", "geometry": {"type": "Point", "coordinates": [-97.4848131703163, 31.309727650024897]}, "properties": {"NAME": "Tick Hill Airfield", "IDENT": "XA47", "TYPE_CODE": "AD", "SERVCITY": "MOODY", "ELEVATION": 645, "LATITUDE": "31-18-35.0000N", "LONGITUDE": "097-29-05.3000W"}}, {"type": "Feature", "geometry": {"type": "Point", "coordinates": [-99.14028587780128, 32.62833894030605]}, "properties": {"NAME": "Area 142", "IDENT": "1TA1", "TYPE_CODE": "AD", "SERVCITY": "MORAN", "ELEVATION": 1311, "LATITUDE": "32-37-42.0000N", "LONGITUDE": "099-08-25.0000W"}}, {"type": "Feature", "geometry": {"type": "Point", "coordinates": [-99.14618587096584, 32.492027804064065]}, "properties": {"NAME": "Mission Mtn", "IDENT": "57XS", "TYPE_CODE": "AD", "SERVCITY": "MORAN", "ELEVATION": 1443, "LATITUDE": "32-29-31.2800N", "LONGITUDE": "099-08-46.2400W"}}, {"type": "Feature", "geometry": {"type": "Point", "coordinates": [-95.29486821196193, 32.097505668324835]}, "properties": {"NAME": "Tarrant Fld", "IDENT": "6X0", "TYPE_CODE": "AD", "SERVCITY": "MOUNT SELMAN", "ELEVATION": 590, "LATITUDE": "32-05-51.0000N", "LONGITUDE": "095-17-41.5000W"}}, {"type": "Feature", "geometry": {"type": "Point", "coordinates": [-95.23722937340271, 33.21533922048373]}, "properties": {"NAME": "Franklin County", "IDENT": "F53", "TYPE_CODE": "AD", "SERVCITY": "MOUNT VERNON", "ELEVATION": 412.1, "LATITUDE": "33-12-55.2000N", "LONGITUDE": "095-14-14.0000W"}}, {"type": "Feature", "geometry": {"type": "Point", "coordinates": [-97.09915994473513, 29.829676818769702]}, "properties": {"NAME": "Cherry Spraying Service", "IDENT": "XS24", "TYPE_CODE": "AD", "SERVCITY": "MULDOON", "ELEVATION": 370, "LATITUDE": "29-49-46.8180N", "LONGITUDE": "097-05-56.9490W"}}, {"type": "Feature", "geometry": {"type": "Point", "coordinates": [-102.64110709951808, 34.18514210367345]}, "properties": {"NAME": "Muleshoe Muni", "IDENT": "2T1", "TYPE_CODE": "AD", "SERVCITY": "MULESHOE", "ELEVATION": 3779.3, "LATITUDE": "34-11-06.4910N", "LONGITUDE": "102-38-27.9530W"}}, {"type": "Feature", "geometry": {"type": "Point", "coordinates": [-102.71716878949441, 34.26952739184758]}, "properties": {"NAME": "Locker Brothers", "IDENT": "1TE0", "TYPE_CODE": "AD", "SERVCITY": "MULESHOE", "ELEVATION": 3802, "LATITUDE": "34-16-10.2780N", "LONGITUDE": "102-43-01.7750W"}}, {"type": "Feature", "geometry": {"type": "Point", "coordinates": [-98.8003335081944, 31.523779305545613]}, "properties": {"NAME": "Vaughan Ranch", "IDENT": "TA89", "TYPE_CODE": "AD", "SERVCITY": "MULLIN", "ELEVATION": 1310, "LATITUDE": "31-31-25.5860N", "LONGITUDE": "098-48-01.1720W"}}, {"type": "Feature", "geometry": {"type": "Point", "coordinates": [-98.66361903813844, 31.67917211832553]}, "properties": {"NAME": "Carlisle", "IDENT": "7TE5", "TYPE_CODE": "AD", "SERVCITY": "MULLIN", "ELEVATION": 1790, "LATITUDE": "31-40-45.0000N", "LONGITUDE": "098-39-49.0000W"}}, {"type": "Feature", "geometry": {"type": "Point", "coordinates": [-99.58623048454415, 33.46872796109152]}, "properties": {"NAME": "Munday Muni", "IDENT": "37F", "TYPE_CODE": "AD", "SERVCITY": "MUNDAY", "ELEVATION": 1474, "LATITUDE": "33-28-07.4000N", "LONGITUDE": "099-35-10.4000W"}}, {"type": "Feature", "geometry": {"type": "Point", "coordinates": [-95.7163350017659, 32.35293625693555]}, "properties": {"NAME": "Red Star", "IDENT": "71XA", "TYPE_CODE": "AD", "SERVCITY": "MURCHISON", "ELEVATION": 530, "LATITUDE": "32-21-10.5500N", "LONGITUDE": "095-42-58.7800W"}}, {"type": "Feature", "geometry": {"type": "Point", "coordinates": [-94.71013664367051, 31.577775032586207]}, "properties": {"NAME": "Nacogdoches A L Mangham Jr Rgnl", "IDENT": "OCH", "TYPE_CODE": "AD", "SERVCITY": "NACOGDOCHES", "ELEVATION": 343.2, "LATITUDE": "31-34-39.9700N", "LONGITUDE": "094-42-36.4670W"}}, {"type": "Feature", "geometry": {"type": "Point", "coordinates": [-98.08500768890065, 29.799449555459276]}, "properties": {"NAME": "Flying R Ranch", "IDENT": "77TS", "TYPE_CODE": "AD", "SERVCITY": "NEW BRAUNFELS", "ELEVATION": 850, "LATITUDE": "29-47-58.0000N", "LONGITUDE": "098-05-06.0000W"}}, {"type": "Feature", "geometry": {"type": "Point", "coordinates": [-93.74247885641114, 30.88406104052834]}, "properties": {"NAME": "Newton Muni", "IDENT": "61R", "TYPE_CODE": "AD", "SERVCITY": "NEWTON", "ELEVATION": 322, "LATITUDE": "30-53-02.6000N", "LONGITUDE": "093-44-32.9000W"}}, {"type": "Feature", "geometry": {"type": "Point", "coordinates": [-95.43623205643812, 30.53916090903891]}, "properties": {"NAME": "Estates Airpark", "IDENT": "XS09", "TYPE_CODE": "AD", "SERVCITY": "NEW WAVERLY", "ELEVATION": 326, "LATITUDE": "30-32-20.9600N", "LONGITUDE": "095-26-10.4100W"}}, {"type": "Feature", "geometry": {"type": "Point", "coordinates": [-94.39602954279812, 30.03771945436035]}, "properties": {"NAME": "Farm Air Service", "IDENT": "XS27", "TYPE_CODE": "AD", "SERVCITY": "NOME", "ELEVATION": 45, "LATITUDE": "30-02-15.7710N", "LONGITUDE": "094-23-45.6820W"}}, {"type": "Feature", "geometry": {"type": "Point", "coordinates": [-94.67075765251579, 29.670508535130942]}, "properties": {"NAME": "Eagle Air", "IDENT": "1TS0", "TYPE_CODE": "AD", "SERVCITY": "OAK ISLAND", "ELEVATION": 8, "LATITUDE": "29-40-13.8120N", "LONGITUDE": "094-40-14.7030W"}}, {"type": "Feature", "geometry": {"type": "Point", "coordinates": [-96.94389949058234, 32.527920683194395]}, "properties": {"NAME": "Flying B Ranch", "IDENT": "TS71", "TYPE_CODE": "AD", "SERVCITY": "OVILLA", "ELEVATION": 780, "LATITUDE": "32-31-40.4940N", "LONGITUDE": "096-56-38.0110W"}}, {"type": "Feature", "geometry": {"type": "Point", "coordinates": [-101.20220293408845, 30.735199618675942]}, "properties": {"NAME": "Ozona Muni", "IDENT": "OZA", "TYPE_CODE": "AD", "SERVCITY": "OZONA", "ELEVATION": 2376.9, "LATITUDE": "30-44-06.7000N", "LONGITUDE": "101-12-07.9000W"}}, {"type": "Feature", "geometry": {"type": "Point", "coordinates": [-100.28201097005771, 34.027638860595495]}, "properties": {"NAME": "Dan E Richards Muni", "IDENT": "3F6", "TYPE_CODE": "AD", "SERVCITY": "PADUCAH", "ELEVATION": 1859.5, "LATITUDE": "34-01-39.4790N", "LONGITUDE": "100-16-55.2090W"}}, {"type": "Feature", "geometry": {"type": "Point", "coordinates": [-97.14292413686807, 30.135021877987135]}, "properties": {"NAME": "Flying Armadillo Fld", "IDENT": "1XA5", "TYPE_CODE": "AD", "SERVCITY": "PAIGE", "ELEVATION": 410, "LATITUDE": "30-08-06.0600N", "LONGITUDE": "097-08-34.5000W"}}, {"type": "Feature", "geometry": {"type": "Point", "coordinates": [-97.08278523800792, 30.24528301299319]}, "properties": {"NAME": "Flying G H Ranch", "IDENT": "9TE7", "TYPE_CODE": "AD", "SERVCITY": "PAIGE", "ELEVATION": 455, "LATITUDE": "30-14-43.0000N", "LONGITUDE": "097-04-58.0000W"}}, {"type": "Feature", "geometry": {"type": "Point", "coordinates": [-96.21914050925174, 28.739160792521417]}, "properties": {"NAME": "Trull", "IDENT": "XS35", "TYPE_CODE": "AD", "SERVCITY": "PALACIOS", "ELEVATION": 18, "LATITUDE": "28-44-20.9610N", "LONGITUDE": "096-13-08.8800W"}}, {"type": "Feature", "geometry": {"type": "Point", "coordinates": [-96.30692025558949, 28.767216073550735]}, "properties": {"NAME": "Kubecka Aviation", "IDENT": "3XS1", "TYPE_CODE": "AD", "SERVCITY": "PALACIOS", "ELEVATION": 20, "LATITUDE": "28-46-01.9600N", "LONGITUDE": "096-18-24.8870W"}}, {"type": "Feature", "geometry": {"type": "Point", "coordinates": [-96.25095162783252, 28.72750495612364]}, "properties": {"NAME": "Palacios Muni", "IDENT": "PSX", "TYPE_CODE": "AD", "SERVCITY": "PALACIOS", "ELEVATION": 14.1, "LATITUDE": "28-43-39.0000N", "LONGITUDE": "096-15-03.4000W"}}, {"type": "Feature", "geometry": {"type": "Point", "coordinates": [-95.70631274522009, 31.779700033555347]}, "properties": {"NAME": "Palestine Muni", "IDENT": "PSN", "TYPE_CODE": "AD", "SERVCITY": "PALESTINE", "ELEVATION": 422.6, "LATITUDE": "31-46-46.9000N", "LONGITUDE": "095-42-22.7000W"}}, {"type": "Feature", "geometry": {"type": "Point", "coordinates": [-95.71306275626256, 31.94972784457716]}, "properties": {"NAME": "Briar Lakes Ranch", "IDENT": "11XA", "TYPE_CODE": "AD", "SERVCITY": "PALESTINE", "ELEVATION": 480, "LATITUDE": "31-56-59.0000N", "LONGITUDE": "095-42-47.0000W"}}, {"type": "Feature", "geometry": {"type": "Point", "coordinates": [-95.70480175674956, 33.85738932167062]}, "properties": {"NAME": "Parson Fld", "IDENT": "XS88", "TYPE_CODE": "AD", "SERVCITY": "PARIS", "ELEVATION": 475, "LATITUDE": "33-51-26.5800N", "LONGITUDE": "095-42-17.2600W"}}, {"type": "Feature", "geometry": {"type": "Point", "coordinates": [-95.45075723294772, 33.63661706941749]}, "properties": {"NAME": "Cox Fld", "IDENT": "PRX", "TYPE_CODE": "AD", "SERVCITY": "PARIS", "ELEVATION": 547.6, "LATITUDE": "33-38-11.8000N", "LONGITUDE": "095-27-02.7000W"}}, {"type": "Feature", "geometry": {"type": "Point", "coordinates": [-97.28168733595666, 32.22320950013669]}, "properties": {"NAME": "Birdnest", "IDENT": "65XS", "TYPE_CODE": "AD", "SERVCITY": "PARKER", "ELEVATION": 815, "LATITUDE": "32-13-23.5340N", "LONGITUDE": "097-16-54.0470W"}}, {"type": "Feature", "geometry": {"type": "Point", "coordinates": [-97.29724345243959, 32.250430615657955]}, "properties": {"NAME": "Cow Pasture", "IDENT": "TE16", "TYPE_CODE": "AD", "SERVCITY": "PARKER", "ELEVATION": 795, "LATITUDE": "32-15-01.5300N", "LONGITUDE": "097-17-50.0490W"}}, {"type": "Feature", "geometry": {"type": "Point", "coordinates": [-97.27528539255276, 32.26139450765677]}, "properties": {"NAME": "Thomas Flying Fld", "IDENT": "TX74", "TYPE_CODE": "AD", "SERVCITY": "PARKER", "ELEVATION": 830, "LATITUDE": "32-15-41.0000N", "LONGITUDE": "097-16-31.0000W"}}, {"type": "Feature", "geometry": {"type": "Point", "coordinates": [-96.02561689632475, 29.84245241341762]}, "properties": {"NAME": "Dry Branch Ranch", "IDENT": "TS44", "TYPE_CODE": "AD", "SERVCITY": "PATTISON", "ELEVATION": 130, "LATITUDE": "29-50-32.8100N", "LONGITUDE": "096-01-32.1950W"}}, {"type": "Feature", "geometry": {"type": "Point", "coordinates": [-95.99413022551032, 29.912731039738386]}, "properties": {"NAME": "Laas Farm", "IDENT": "1TS1", "TYPE_CODE": "AD", "SERVCITY": "PATTISON", "ELEVATION": 165, "LATITUDE": "29-54-45.8130N", "LONGITUDE": "095-59-38.8430W"}}, {"type": "Feature", "geometry": {"type": "Point", "coordinates": [-98.0455354115502, 28.74867157088252]}, "properties": {"NAME": "San Christoval Ranch", "IDENT": "XS71", "TYPE_CODE": "AD", "SERVCITY": "PAWNEE", "ELEVATION": 377.7, "LATITUDE": "28-44-55.2000N", "LONGITUDE": "098-02-43.9000W"}}, {"type": "Feature", "geometry": {"type": "Point", "coordinates": [-95.43440135715352, 33.01484695151381]}, "properties": {"NAME": "Flying B", "IDENT": "TS54", "TYPE_CODE": "AD", "SERVCITY": "PICKTON", "ELEVATION": 535, "LATITUDE": "33-00-53.4280N", "LONGITUDE": "095-26-03.8190W"}}, {"type": "Feature", "geometry": {"type": "Point", "coordinates": [-93.98186227037964, 31.233527490966825]}, "properties": {"NAME": "Pineland Muni", "IDENT": "T24", "TYPE_CODE": "AD", "SERVCITY": "PINELAND", "ELEVATION": 260, "LATITUDE": "31-14-00.6790N", "LONGITUDE": "093-58-54.6800W"}}, {"type": "Feature", "geometry": {"type": "Point", "coordinates": [-104.59800516262007, 31.71818243082906]}, "properties": {"NAME": "Triangle Ranch Private", "IDENT": "2TA3", "TYPE_CODE": "AD", "SERVCITY": "PINE SPRINGS", "ELEVATION": 4400, "LATITUDE": "31-43-05.4380N", "LONGITUDE": "104-35-52.7850W"}}, {"type": "Feature", "geometry": {"type": "Point", "coordinates": [-98.9564278969264, 29.661619776109507]}, "properties": {"NAME": "Medina River Ranch", "IDENT": "XS43", "TYPE_CODE": "AD", "SERVCITY": "PIPE CREEK", "ELEVATION": 1216, "LATITUDE": "29-39-41.8130N", "LONGITUDE": "098-57-23.1120W"}}, {"type": "Feature", "geometry": {"type": "Point", "coordinates": [-98.85916931958532, 29.715278400947245]}, "properties": {"NAME": "Freedom Springs Ranch", "IDENT": "TA66", "TYPE_CODE": "AD", "SERVCITY": "PIPE CREEK", "ELEVATION": 1379, "LATITUDE": "29-42-54.9840N", "LONGITUDE": "098-51-32.9812W"}}, {"type": "Feature", "geometry": {"type": "Point", "coordinates": [-94.97000707017365, 33.01778363892945]}, "properties": {"NAME": "Richardson Fld", "IDENT": "XA23", "TYPE_CODE": "AD", "SERVCITY": "PITTSBURG", "ELEVATION": 415, "LATITUDE": "33-01-04.0000N", "LONGITUDE": "094-58-12.0000W"}}, {"type": "Feature", "geometry": {"type": "Point", "coordinates": [-102.83009235281632, 33.21719998687788]}, "properties": {"NAME": "Yoakum County", "IDENT": "F98", "TYPE_CODE": "AD", "SERVCITY": "PLAINS", "ELEVATION": 3705, "LATITUDE": "33-13-01.9000N", "LONGITUDE": "102-49-48.3000W"}}, {"type": "Feature", "geometry": {"type": "Point", "coordinates": [-101.71734493551484, 34.16815298011684]}, "properties": {"NAME": "Hale County", "IDENT": "PVW", "TYPE_CODE": "AD", "SERVCITY": "PLAINVIEW", "ELEVATION": 3374, "LATITUDE": "34-10-05.3300N", "LONGITUDE": "101-43-02.4100W"}}, {"type": "Feature", "geometry": {"type": "Point", "coordinates": [-101.63518019405181, 34.16896659534706]}, "properties": {"NAME": "Horan", "IDENT": "9TX3", "TYPE_CODE": "AD", "SERVCITY": "PLAINVIEW", "ELEVATION": 3339, "LATITUDE": "34-10-08.2590N", "LONGITUDE": "101-38-06.6170W"}}, {"type": "Feature", "geometry": {"type": "Point", "coordinates": [-101.83740857591843, 34.18091186528588]}, "properties": {"NAME": "Quarterway", "IDENT": "7TA3", "TYPE_CODE": "AD", "SERVCITY": "PLAINVIEW", "ELEVATION": 3470, "LATITUDE": "34-10-51.2620N", "LONGITUDE": "101-50-14.6390W"}}, {"type": "Feature", "geometry": {"type": "Point", "coordinates": [-101.74047021333027, 34.089226021591]}, "properties": {"NAME": "True", "IDENT": "6TS0", "TYPE_CODE": "AD", "SERVCITY": "PLAINVIEW", "ELEVATION": 3385, "LATITUDE": "34-05-21.1930N", "LONGITUDE": "101-44-25.6610W"}}, {"type": "Feature", "geometry": {"type": "Point", "coordinates": [-98.51997998099141, 28.954199373680524]}, "properties": {"NAME": "Pleasanton Muni", "IDENT": "PEZ", "TYPE_CODE": "AD", "SERVCITY": "PLEASANTON", "ELEVATION": 430.40000000000003, "LATITUDE": "28-57-15.1000N", "LONGITUDE": "098-31-11.9000W"}}, {"type": "Feature", "geometry": {"type": "Point", "coordinates": [-95.8669517417453, 32.95361692122065]}, "properties": {"NAME": "Bucker Fld", "IDENT": "TE74", "TYPE_CODE": "AD", "SERVCITY": "POINT", "ELEVATION": 485, "LATITUDE": "32-57-13.0000N", "LONGITUDE": "095-52-01.0000W"}}, {"type": "Feature", "geometry": {"type": "Point", "coordinates": [-97.2546201649227, 33.183016903922564]}, "properties": {"NAME": "Hicks", "IDENT": "74T", "TYPE_CODE": "AD", "SERVCITY": "PONDER", "ELEVATION": 725, "LATITUDE": "33-10-58.8400N", "LONGITUDE": "097-15-16.6050W"}}, {"type": "Feature", "geometry": {"type": "Point", "coordinates": [-99.00619130191907, 30.890821955721258]}, "properties": {"NAME": "Eagle Rock Ranch", "IDENT": "3XA7", "TYPE_CODE": "AD", "SERVCITY": "PONTOTOC", "ELEVATION": 1540, "LATITUDE": "30-53-26.9400N", "LONGITUDE": "099-00-22.2600W"}}, {"type": "Feature", "geometry": {"type": "Point", "coordinates": [-97.88992447872646, 32.97939461595539]}, "properties": {"NAME": "Arnett Landing", "IDENT": "27XA", "TYPE_CODE": "AD", "SERVCITY": "POOLVILLE", "ELEVATION": 1180, "LATITUDE": "32-58-45.8000N", "LONGITUDE": "097-53-23.7000W"}}, {"type": "Feature", "geometry": {"type": "Point", "coordinates": [-97.08875735949312, 27.811838074799393]}, "properties": {"NAME": "Mustang Beach", "IDENT": "RAS", "TYPE_CODE": "AD", "SERVCITY": "PORT ARANSAS", "ELEVATION": 5, "LATITUDE": "27-48-42.6000N", "LONGITUDE": "097-05-19.5000W"}}, {"type": "Feature", "geometry": {"type": "Point", "coordinates": [-96.6609045073695, 28.679952155538153]}, "properties": {"NAME": "Sterling", "IDENT": "10XA", "TYPE_CODE": "AD", "SERVCITY": "PORT LAVACA", "ELEVATION": 30, "LATITUDE": "28-40-47.8100N", "LONGITUDE": "096-39-39.2300W"}}, {"type": "Feature", "geometry": {"type": "Point", "coordinates": [-96.68272951179347, 28.653310483392058]}, "properties": {"NAME": "Calhoun County", "IDENT": "PKV", "TYPE_CODE": "AD", "SERVCITY": "PORT LAVACA", "ELEVATION": 32, "LATITUDE": "28-39-11.9000N", "LONGITUDE": "096-40-57.8000W"}}, {"type": "Feature", "geometry": {"type": "Point", "coordinates": [-97.4392574047736, 26.560160027100736]}, "properties": {"NAME": "Charles R Johnson", "IDENT": "T05", "TYPE_CODE": "AD", "SERVCITY": "PORT MANSFIELD", "ELEVATION": 10, "LATITUDE": "26-33-36.5600N", "LONGITUDE": "097-26-21.3000W"}}, {"type": "Feature", "geometry": {"type": "Point", "coordinates": [-101.33823088977621, 33.20331116666458]}, "properties": {"NAME": "Post-Garza County Muni", "IDENT": "5F1", "TYPE_CODE": "AD", "SERVCITY": "POST", "ELEVATION": 2545, "LATITUDE": "33-12-11.9000N", "LONGITUDE": "101-20-17.6000W"}}, {"type": "Feature", "geometry": {"type": "Point", "coordinates": [-101.13535862104128, 33.2281722914609]}, "properties": {"NAME": "Beach Ranch", "IDENT": "2TE7", "TYPE_CODE": "AD", "SERVCITY": "POST", "ELEVATION": 2303, "LATITUDE": "33-13-41.4000N", "LONGITUDE": "101-08-07.2600W"}}, {"type": "Feature", "geometry": {"type": "Point", "coordinates": [-96.60028520166586, 31.900283355234315]}, "properties": {"NAME": "Rainbow Fld", "IDENT": "83TA", "TYPE_CODE": "AD", "SERVCITY": "PURDON", "ELEVATION": 365, "LATITUDE": "31-54-01.0000N", "LONGITUDE": "096-36-01.0000W"}}, {"type": "Feature", "geometry": {"type": "Point", "coordinates": [-99.75969002745961, 34.27711670663113]}, "properties": {"NAME": "Quanah Muni", "IDENT": "F01", "TYPE_CODE": "AD", "SERVCITY": "QUANAH", "ELEVATION": 1603.2, "LATITUDE": "34-16-37.5990N", "LONGITUDE": "099-45-34.8540W"}}, {"type": "Feature", "geometry": {"type": "Point", "coordinates": [-100.58453465179704, 29.043302657182203]}, "properties": {"NAME": "Hughes Ranch", "IDENT": "50XS", "TYPE_CODE": "AD", "SERVCITY": "QUEMADO", "ELEVATION": 905, "LATITUDE": "29-02-35.8720N", "LONGITUDE": "100-35-04.2950W"}}, {"type": "Feature", "geometry": {"type": "Point", "coordinates": [-96.09590041233615, 32.95250163315853]}, "properties": {"NAME": "Rockin M", "IDENT": "T14", "TYPE_CODE": "AD", "SERVCITY": "QUINLAN", "ELEVATION": 473, "LATITUDE": "32-57-08.9850N", "LONGITUDE": "096-05-45.2150W"}}, {"type": "Feature", "geometry": {"type": "Point", "coordinates": [-101.39627733383266, 33.81119904603639]}, "properties": {"NAME": "Cone", "IDENT": "30TE", "TYPE_CODE": "AD", "SERVCITY": "RALLS", "ELEVATION": 3144, "LATITUDE": "33-48-40.2960N", "LONGITUDE": "101-23-46.5670W"}}, {"type": "Feature", "geometry": {"type": "Point", "coordinates": [-98.6815204761699, 32.45148059466641]}, "properties": {"NAME": "Ranger Muni", "IDENT": "F23", "TYPE_CODE": "AD", "SERVCITY": "RANGER", "ELEVATION": 1470, "LATITUDE": "32-27-05.3100N", "LONGITUDE": "098-40-53.4450W"}}, {"type": "Feature", "geometry": {"type": "Point", "coordinates": [-98.5947579535563, 32.431727816736405]}, "properties": {"NAME": "Cook Canyon Ranch", "IDENT": "TA25", "TYPE_CODE": "AD", "SERVCITY": "RANGER", "ELEVATION": 1476.4, "LATITUDE": "32-25-54.2000N", "LONGITUDE": "098-35-41.1000W"}}, {"type": "Feature", "geometry": {"type": "Point", "coordinates": [-101.95292536050745, 31.227033012187256]}, "properties": {"NAME": "Rankin", "IDENT": "49F", "TYPE_CODE": "AD", "SERVCITY": "RANKIN", "ELEVATION": 2543, "LATITUDE": "31-13-37.3000N", "LONGITUDE": "101-57-10.5000W"}}, {"type": "Feature", "geometry": {"type": "Point", "coordinates": [-96.29831301255143, 33.724422603857555]}, "properties": {"NAME": "Xwind Farm", "IDENT": "09TA", "TYPE_CODE": "AD", "SERVCITY": "RAVENNA", "ELEVATION": 512, "LATITUDE": "33-43-27.9000N", "LONGITUDE": "096-17-53.9000W"}}, {"type": "Feature", "geometry": {"type": "Point", "coordinates": [-96.2238574364102, 33.70768927009888]}, "properties": {"NAME": "Sandy Creek Ranch", "IDENT": "TX47", "TYPE_CODE": "AD", "SERVCITY": "REVENNA", "ELEVATION": 547, "LATITUDE": "33-42-27.6600N", "LONGITUDE": "096-13-25.8600W"}}, {"type": "Feature", "geometry": {"type": "Point", "coordinates": [-99.00338825796734, 31.114894775310844]}, "properties": {"NAME": "Deep Creek Ranch", "IDENT": "XS61", "TYPE_CODE": "AD", "SERVCITY": "RICHLAND SPRINGS", "ELEVATION": 1388, "LATITUDE": "31-06-53.6020N", "LONGITUDE": "099-00-12.1690W"}}, {"type": "Feature", "geometry": {"type": "Point", "coordinates": [-96.97972971575943, 31.426949914498532]}, "properties": {"NAME": "Holick", "IDENT": "XA15", "TYPE_CODE": "AD", "SERVCITY": "RIESEL", "ELEVATION": 425, "LATITUDE": "31-25-37.0000N", "LONGITUDE": "096-58-47.0000W"}}, {"type": "Feature", "geometry": {"type": "Point", "coordinates": [-98.8460883032839, 26.42428774075992]}, "properties": {"NAME": "Rio Grande City Muni", "IDENT": "67R", "TYPE_CODE": "AD", "SERVCITY": "RIO GRANDE CITY", "ELEVATION": 290.3, "LATITUDE": "26-25-27.4200N", "LONGITUDE": "098-50-45.8900W"}}, {"type": "Feature", "geometry": {"type": "Point", "coordinates": [-97.56499409359071, 26.248966624419385]}, "properties": {"NAME": "Farm Services Inc", "IDENT": "XS64", "TYPE_CODE": "AD", "SERVCITY": "RIO HONDO", "ELEVATION": 25, "LATITUDE": "26-14-56.2640N", "LONGITUDE": "097-33-53.9520W"}}, {"type": "Feature", "geometry": {"type": "Point", "coordinates": [-97.31779928921729, 32.20904282894082]}, "properties": {"NAME": "Cross Wind Acres", "IDENT": "TE47", "TYPE_CODE": "AD", "SERVCITY": "RIO VISTA", "ELEVATION": 760, "LATITUDE": "32-12-32.5340N", "LONGITUDE": "097-19-04.0500W"}}, {"type": "Feature", "geometry": {"type": "Point", "coordinates": [-97.23224515097034, 33.04985049105625]}, "properties": {"NAME": "Aero Valley", "IDENT": "52F", "TYPE_CODE": "AD", "SERVCITY": "ROANOKE", "ELEVATION": 643, "LATITUDE": "33-02-59.4410N", "LONGITUDE": "097-13-56.0550W"}}, {"type": "Feature", "geometry": {"type": "Point", "coordinates": [-96.21914904974, 32.86812800078731]}, "properties": {"NAME": "Poetry Flying Ranch", "IDENT": "T48", "TYPE_CODE": "AD", "SERVCITY": "ROCKWALL", "ELEVATION": 500, "LATITUDE": "32-52-05.2400N", "LONGITUDE": "096-13-08.9100W"}}, {"type": "Feature", "geometry": {"type": "Point", "coordinates": [-94.83354717672482, 30.483543974417124]}, "properties": {"NAME": "F R Duke Farm", "IDENT": "XS72", "TYPE_CODE": "AD", "SERVCITY": "ROMAYOR", "ELEVATION": 85, "LATITUDE": "30-29-00.7390N", "LONGITUDE": "094-50-00.7450W"}}, {"type": "Feature", "geometry": {"type": "Point", "coordinates": [-97.37331307313899, 29.912310714660467]}, "properties": {"NAME": "High Lonesome", "IDENT": "76XA", "TYPE_CODE": "AD", "SERVCITY": "ROSANKY", "ELEVATION": 582, "LATITUDE": "29-54-44.3000N", "LONGITUDE": "097-22-23.9000W"}}, {"type": "Feature", "geometry": {"type": "Point", "coordinates": [-95.779762708582, 29.523334578779025]}, "properties": {"NAME": "Lane Airpark", "IDENT": "T54", "TYPE_CODE": "AD", "SERVCITY": "ROSENBERG", "ELEVATION": 94.10000000000001, "LATITUDE": "29-31-23.9860N", "LONGITUDE": "095-46-47.1202W"}}, {"type": "Feature", "geometry": {"type": "Point", "coordinates": [-95.45940978662166, 29.356946778226366]}, "properties": {"NAME": "Bb Airpark", "IDENT": "TE88", "TYPE_CODE": "AD", "SERVCITY": "ROSHARON", "ELEVATION": 50, "LATITUDE": "29-21-24.9900N", "LONGITUDE": "095-27-33.8500W"}}, {"type": "Feature", "geometry": {"type": "Point", "coordinates": [-95.63523094258014, 29.35802482767187]}, "properties": {"NAME": "Meyer Fld", "IDENT": "TA33", "TYPE_CODE": "AD", "SERVCITY": "ROSHARON", "ELEVATION": 65, "LATITUDE": "29-21-28.8710N", "LONGITUDE": "095-38-06.8060W"}}, {"type": "Feature", "geometry": {"type": "Point", "coordinates": [-95.34056253465577, 29.367413450285405]}, "properties": {"NAME": "Songbird Ranch", "IDENT": "91TS", "TYPE_CODE": "AD", "SERVCITY": "ROSHARON", "ELEVATION": 34, "LATITUDE": "29-22-02.6700N", "LONGITUDE": "095-20-26.0000W"}}, {"type": "Feature", "geometry": {"type": "Point", "coordinates": [-97.46556329390334, 33.494172508158684]}, "properties": {"NAME": "Tightwaad Air Ranch", "IDENT": "XA16", "TYPE_CODE": "AD", "SERVCITY": "ROSSTON", "ELEVATION": 875, "LATITUDE": "33-29-39.0000N", "LONGITUDE": "097-27-56.0000W"}}, {"type": "Feature", "geometry": {"type": "Point", "coordinates": [-100.4128417545811, 32.82431114223726]}, "properties": {"NAME": "Fisher County", "IDENT": "56F", "TYPE_CODE": "AD", "SERVCITY": "ROTAN/ROBY", "ELEVATION": 1941, "LATITUDE": "32-49-27.5000N", "LONGITUDE": "100-24-46.2000W"}}, {"type": "Feature", "geometry": {"type": "Point", "coordinates": [-98.37614195525074, 30.377979658016805]}, "properties": {"NAME": "Moursund Ranch", "IDENT": "71TE", "TYPE_CODE": "AD", "SERVCITY": "ROUND MOUNTAIN", "ELEVATION": 1471, "LATITUDE": "30-22-40.7080N", "LONGITUDE": "098-22-34.0830W"}}, {"type": "Feature", "geometry": {"type": "Point", "coordinates": [-98.48973004210683, 30.456394113998794]}, "properties": {"NAME": "West Ranch", "IDENT": "XS75", "TYPE_CODE": "AD", "SERVCITY": "ROUND MOUNTAIN", "ELEVATION": 1416.5, "LATITUDE": "30-27-23.0000N", "LONGITUDE": "098-29-23.0000W"}}, {"type": "Feature", "geometry": {"type": "Point", "coordinates": [-96.83195286912934, 33.70177840838793]}, "properties": {"NAME": "Graham Fld", "IDENT": "XS31", "TYPE_CODE": "AD", "SERVCITY": "SADLER", "ELEVATION": 695, "LATITUDE": "33-42-06.3810N", "LONGITUDE": "096-49-55.0030W"}}, {"type": "Feature", "geometry": {"type": "Point", "coordinates": [-97.54011260785246, 30.92058385056145]}, "properties": {"NAME": "Salado", "IDENT": "2TX", "TYPE_CODE": "AD", "SERVCITY": "SALADO", "ELEVATION": 689, "LATITUDE": "30-55-14.0826N", "LONGITUDE": "097-32-24.3780W"}}, {"type": "Feature", "geometry": {"type": "Point", "coordinates": [-105.08384609267283, 31.50012626216484]}, "properties": {"NAME": "Big Tank Ranch", "IDENT": "76TE", "TYPE_CODE": "AD", "SERVCITY": "SALT FLAT", "ELEVATION": 4800, "LATITUDE": "31-30-00.4360N", "LONGITUDE": "105-05-01.8120W"}}, {"type": "Feature", "geometry": {"type": "Point", "coordinates": [-105.43132618621578, 31.775138515111134]}, "properties": {"NAME": "Flying Eagle Ranch", "IDENT": "65TX", "TYPE_CODE": "AD", "SERVCITY": "SALT FLAT", "ELEVATION": 4300, "LATITUDE": "31-46-30.4800N", "LONGITUDE": "105-25-52.7400W"}}, {"type": "Feature", "geometry": {"type": "Point", "coordinates": [-100.45871167617857, 31.305725587036996]}, "properties": {"NAME": "Reece Fld", "IDENT": "94TA", "TYPE_CODE": "AD", "SERVCITY": "SAN ANGELO", "ELEVATION": 1960, "LATITUDE": "31-18-20.5930N", "LONGITUDE": "100-27-31.3320W"}}, {"type": "Feature", "geometry": {"type": "Point", "coordinates": [-100.61035004943618, 31.35850170159456]}, "properties": {"NAME": "Ducote Airpark", "IDENT": "TS65", "TYPE_CODE": "AD", "SERVCITY": "SAN ANGELO", "ELEVATION": 1974, "LATITUDE": "31-21-30.5870N", "LONGITUDE": "100-36-37.2300W"}}, {"type": "Feature", "geometry": {"type": "Point", "coordinates": [-100.4963125220576, 31.357753650082017]}, "properties": {"NAME": "San Angelo Rgnl/Mathis Fld", "IDENT": "SJT", "TYPE_CODE": "AD", "SERVCITY": "SAN ANGELO", "ELEVATION": 1918.6000000000001, "LATITUDE": "31-21-27.8940N", "LONGITUDE": "100-29-46.6950W"}}, {"type": "Feature", "geometry": {"type": "Point", "coordinates": [-98.37030218189155, 29.320974451302597]}, "properties": {"NAME": "Cross-B", "IDENT": "24XA", "TYPE_CODE": "AD", "SERVCITY": "SAN ANTONIO", "ELEVATION": 530, "LATITUDE": "29-19-15.4900N", "LONGITUDE": "098-22-13.0600W"}}, {"type": "Feature", "geometry": {"type": "Point", "coordinates": [-98.58112445952395, 29.38423834567935]}, "properties": {"NAME": "Kelly Fld", "IDENT": "SKF", "TYPE_CODE": "AD", "SERVCITY": "SAN ANTONIO", "ELEVATION": 690.6, "LATITUDE": "29-23-03.2400N", "LONGITUDE": "098-34-52.0200W"}}, {"type": "Feature", "geometry": {"type": "Point", "coordinates": [-98.5370105758909, 29.744763417947734]}, "properties": {"NAME": "Camp Bullis Als (Cals)", "IDENT": "9TX5", "TYPE_CODE": "AD", "SERVCITY": "SAN ANTONIO", "ELEVATION": 1158, "LATITUDE": "29-44-41.1300N", "LONGITUDE": "098-32-13.2100W"}}, {"type": "Feature", "geometry": {"type": "Point", "coordinates": [-98.4710522073911, 29.336986396079357]}, "properties": {"NAME": "Stinson Muni", "IDENT": "SSF", "TYPE_CODE": "AD", "SERVCITY": "SAN ANTONIO", "ELEVATION": 577.6, "LATITUDE": "29-20-13.1330N", "LONGITUDE": "098-28-15.7600W"}}, {"type": "Feature", "geometry": {"type": "Point", "coordinates": [-97.27000767886747, 33.3422280438527]}, "properties": {"NAME": "Flying C", "IDENT": "T87", "TYPE_CODE": "AD", "SERVCITY": "SANGER", "ELEVATION": 775, "LATITUDE": "33-20-32.0000N", "LONGITUDE": "097-16-12.0000W"}}, {"type": "Feature", "geometry": {"type": "Point", "coordinates": [-97.27128685165397, 33.42775861566265]}, "properties": {"NAME": "Edgington Ranch", "IDENT": "XA03", "TYPE_CODE": "AD", "SERVCITY": "SANGER", "ELEVATION": 887, "LATITUDE": "33-25-39.9100N", "LONGITUDE": "097-16-16.6050W"}}, {"type": "Feature", "geometry": {"type": "Point", "coordinates": [-97.88917819784447, 29.831337624584886]}, "properties": {"NAME": "Alison Air Park", "IDENT": "7TS2", "TYPE_CODE": "AD", "SERVCITY": "SAN MARCOS", "ELEVATION": 630, "LATITUDE": "29-49-52.7970N", "LONGITUDE": "097-53-21.0140W"}}, {"type": "Feature", "geometry": {"type": "Point", "coordinates": [-98.71770180526138, 31.235750643430492]}, "properties": {"NAME": "San Saba County Muni", "IDENT": "81R", "TYPE_CODE": "AD", "SERVCITY": "SAN SABA", "ELEVATION": 1255.2, "LATITUDE": "31-14-08.6830N", "LONGITUDE": "098-43-03.6980W"}}, {"type": "Feature", "geometry": {"type": "Point", "coordinates": [-98.8656093462213, 31.321559542807627]}, "properties": {"NAME": "Yates Fld", "IDENT": "37TX", "TYPE_CODE": "AD", "SERVCITY": "SAN SABA", "ELEVATION": 1418, "LATITUDE": "31-19-17.5950N", "LONGITUDE": "098-51-56.1650W"}}, {"type": "Feature", "geometry": {"type": "Point", "coordinates": [-98.56016601957157, 26.720414198103764]}, "properties": {"NAME": "Diamond O Ranch", "IDENT": "XS93", "TYPE_CODE": "AD", "SERVCITY": "SANTA ELENA", "ELEVATION": 373, "LATITUDE": "26-43-13.4750N", "LONGITUDE": "098-33-36.5700W"}}, {"type": "Feature", "geometry": {"type": "Point", "coordinates": [-98.47931183677701, 26.81521838675279]}, "properties": {"NAME": "San Rafael Ranch", "IDENT": "38XS", "TYPE_CODE": "AD", "SERVCITY": "SANTA ELENA", "ELEVATION": 313.40000000000003, "LATITUDE": "26-48-54.7700N", "LONGITUDE": "098-28-45.4950W"}}, {"type": "Feature", "geometry": {"type": "Point", "coordinates": [-95.0593402377987, 29.327102340149214]}, "properties": {"NAME": "Westwind Helicopters", "IDENT": "3TX4", "TYPE_CODE": "AD", "SERVCITY": "SANTA FE", "ELEVATION": 20, "LATITUDE": "29-19-37.5500N", "LONGITUDE": "095-03-33.6000W"}}, {"type": "Feature", "geometry": {"type": "Point", "coordinates": [-95.11521358653172, 29.33607456218449]}, "properties": {"NAME": "Creasy", "IDENT": "5TA5", "TYPE_CODE": "AD", "SERVCITY": "SANTA FE", "ELEVATION": 23, "LATITUDE": "29-20-09.8500N", "LONGITUDE": "095-06-54.7440W"}}, {"type": "Feature", "geometry": {"type": "Point", "coordinates": [-97.34589625867193, 26.166198834158173]}, "properties": {"NAME": "Cameron County", "IDENT": "PIL", "TYPE_CODE": "AD", "SERVCITY": "PORT ISABEL", "ELEVATION": 18.6, "LATITUDE": "26-09-58.3000N", "LONGITUDE": "097-20-45.2000W"}}, {"type": "Feature", "geometry": {"type": "Point", "coordinates": [-97.34957431633491, 27.886395777660432]}, "properties": {"NAME": "Hunt", "IDENT": "9R5", "TYPE_CODE": "AD", "SERVCITY": "PORTLAND", "ELEVATION": 38, "LATITUDE": "27-53-11.0077N", "LONGITUDE": "097-20-58.4408W"}}, {"type": "Feature", "geometry": {"type": "Point", "coordinates": [-97.32028519911758, 27.915838089576]}, "properties": {"NAME": "Magee", "IDENT": "TE87", "TYPE_CODE": "AD", "SERVCITY": "PORTLAND", "ELEVATION": 35, "LATITUDE": "27-54-57.0000N", "LONGITUDE": "097-19-13.0000W"}}, {"type": "Feature", "geometry": {"type": "Point", "coordinates": [-96.63385449616493, 28.569760467747933]}, "properties": {"NAME": "Tanner's", "IDENT": "9TE4", "TYPE_CODE": "AD", "SERVCITY": "PORT LAVACA", "ELEVATION": 15, "LATITUDE": "28-34-11.1200N", "LONGITUDE": "096-38-01.8500W"}}, {"type": "Feature", "geometry": {"type": "Point", "coordinates": [-101.02402497993957, 33.17510089835095]}, "properties": {"NAME": "Beggs Ranch", "IDENT": "9TX6", "TYPE_CODE": "AD", "SERVCITY": "POST", "ELEVATION": 2355, "LATITUDE": "33-10-30.3430N", "LONGITUDE": "101-01-26.4590W"}}, {"type": "Feature", "geometry": {"type": "Point", "coordinates": [-98.57113721749592, 29.000252437152508]}, "properties": {"NAME": "Alderman Farm", "IDENT": "XS47", "TYPE_CODE": "AD", "SERVCITY": "POTEET", "ELEVATION": 447, "LATITUDE": "29-00-00.8910N", "LONGITUDE": "098-34-16.0660W"}}, {"type": "Feature", "geometry": {"type": "Point", "coordinates": [-96.70389645468589, 33.810561490413654]}, "properties": {"NAME": "Diamond J", "IDENT": "TS85", "TYPE_CODE": "AD", "SERVCITY": "POTTSBORO", "ELEVATION": 802, "LATITUDE": "33-48-38.0000N", "LONGITUDE": "096-42-14.0000W"}}, {"type": "Feature", "geometry": {"type": "Point", "coordinates": [-96.66972617003832, 33.84177483076689]}, "properties": {"NAME": "Hitex", "IDENT": "9TX7", "TYPE_CODE": "AD", "SERVCITY": "POTTSBORO", "ELEVATION": 700, "LATITUDE": "33-50-30.3680N", "LONGITUDE": "096-40-10.9870W"}}, {"type": "Feature", "geometry": {"type": "Point", "coordinates": [-96.65989088312715, 33.74412259109293]}, "properties": {"NAME": "Nuggs Flying M", "IDENT": "TE68", "TYPE_CODE": "AD", "SERVCITY": "POTTSBORO", "ELEVATION": 725, "LATITUDE": "33-44-38.8200N", "LONGITUDE": "096-39-35.5800W"}}, {"type": "Feature", "geometry": {"type": "Point", "coordinates": [-95.5993405116782, 32.0865056538778]}, "properties": {"NAME": "Pickle Plantation", "IDENT": "XS91", "TYPE_CODE": "AD", "SERVCITY": "POYNOR", "ELEVATION": 580, "LATITUDE": "32-05-11.4000N", "LONGITUDE": "095-35-57.6000W"}}, {"type": "Feature", "geometry": {"type": "Point", "coordinates": [-98.31001570319593, 27.383652952157718]}, "properties": {"NAME": "4-G Ranch", "IDENT": "XS50", "TYPE_CODE": "AD", "SERVCITY": "PREMONT", "ELEVATION": 272, "LATITUDE": "27-23-01.1340N", "LONGITUDE": "098-18-36.0290W"}}, {"type": "Feature", "geometry": {"type": "Point", "coordinates": [-98.14473399621521, 27.40448657200407]}, "properties": {"NAME": "Seeligson Ranch", "IDENT": "XS51", "TYPE_CODE": "AD", "SERVCITY": "PREMONT", "ELEVATION": 172, "LATITUDE": "27-24-16.1350N", "LONGITUDE": "098-08-41.0150W"}}, {"type": "Feature", "geometry": {"type": "Point", "coordinates": [-103.93642572892466, 29.471088176419002]}, "properties": {"NAME": "Big Bend Ranch State Park", "IDENT": "3T9", "TYPE_CODE": "AD", "SERVCITY": "PRESIDIO", "ELEVATION": 4250, "LATITUDE": "29-28-15.9000N", "LONGITUDE": "103-56-11.1000W"}}, {"type": "Feature", "geometry": {"type": "Point", "coordinates": [-104.36150360956987, 29.63421735728777]}, "properties": {"NAME": "Presidio Lely Intl", "IDENT": "PRS", "TYPE_CODE": "AD", "SERVCITY": "PRESIDIO", "ELEVATION": 2938.4, "LATITUDE": "29-38-03.1650N", "LONGITUDE": "104-21-41.3800W"}}, {"type": "Feature", "geometry": {"type": "Point", "coordinates": [-97.79194748887025, 26.448683882904223]}, "properties": {"NAME": "Flying W", "IDENT": "XS56", "TYPE_CODE": "AD", "SERVCITY": "RAYMONDVILLE", "ELEVATION": 30, "LATITUDE": "26-26-55.2460N", "LONGITUDE": "097-47-30.9840W"}}, {"type": "Feature", "geometry": {"type": "Point", "coordinates": [-97.68722079684972, 26.478961114852087]}, "properties": {"NAME": "T R Funk Inc", "IDENT": "92XS", "TYPE_CODE": "AD", "SERVCITY": "RAYMONDVILLE", "ELEVATION": 24, "LATITUDE": "26-28-44.2440N", "LONGITUDE": "097-41-13.9680W"}}, {"type": "Feature", "geometry": {"type": "Point", "coordinates": [-94.70576073425437, 30.044109167019823]}, "properties": {"NAME": "Tri-County Air Service", "IDENT": "XS58", "TYPE_CODE": "AD", "SERVCITY": "RAYWOOD", "ELEVATION": 70, "LATITUDE": "30-02-38.7740N", "LONGITUDE": "094-42-20.7140W"}}, {"type": "Feature", "geometry": {"type": "Point", "coordinates": [-98.60436883178681, 27.42167128576377]}, "properties": {"NAME": "O S Wyatt", "IDENT": "14TS", "TYPE_CODE": "AD", "SERVCITY": "REALITOS", "ELEVATION": 536.5, "LATITUDE": "27-25-18.0000N", "LONGITUDE": "098-36-15.7000W"}}, {"type": "Feature", "geometry": {"type": "Point", "coordinates": [-97.32597938087977, 28.29582150140512]}, "properties": {"NAME": "Rooke Fld", "IDENT": "RFG", "TYPE_CODE": "AD", "SERVCITY": "REFUGIO", "ELEVATION": 54, "LATITUDE": "28-17-44.9400N", "LONGITUDE": "097-19-33.4990W"}}, {"type": "Feature", "geometry": {"type": "Point", "coordinates": [-97.2113882406996, 28.280844834799893]}, "properties": {"NAME": "Mellon Ranch", "IDENT": "XS59", "TYPE_CODE": "AD", "SERVCITY": "REFUGIO", "ELEVATION": 38, "LATITUDE": "28-16-51.0240N", "LONGITUDE": "097-12-40.9710W"}}, {"type": "Feature", "geometry": {"type": "Point", "coordinates": [-94.9613347787111, 31.839900074885367]}, "properties": {"NAME": "Flying M Ranch", "IDENT": "7TA7", "TYPE_CODE": "AD", "SERVCITY": "REKLAW", "ELEVATION": 310, "LATITUDE": "31-50-23.6200N", "LONGITUDE": "094-57-40.7800W"}}, {"type": "Feature", "geometry": {"type": "Point", "coordinates": [-97.46419660168797, 33.10290493571493]}, "properties": {"NAME": "Howard Fld", "IDENT": "TA02", "TYPE_CODE": "AD", "SERVCITY": "RHOME", "ELEVATION": 960, "LATITUDE": "33-06-10.4370N", "LONGITUDE": "097-27-51.0800W"}}, {"type": "Feature", "geometry": {"type": "Point", "coordinates": [-97.496142723626, 33.14929244292354]}, "properties": {"NAME": "Rhome Meadows", "IDENT": "T76", "TYPE_CODE": "AD", "SERVCITY": "RHOME", "ELEVATION": 900, "LATITUDE": "33-08-57.4320N", "LONGITUDE": "097-29-46.0860W"}}, {"type": "Feature", "geometry": {"type": "Point", "coordinates": [-97.42722992486159, 33.09445021277686]}, "properties": {"NAME": "Fairview", "IDENT": "70T", "TYPE_CODE": "AD", "SERVCITY": "RHOME", "ELEVATION": 915, "LATITUDE": "33-05-40.0000N", "LONGITUDE": "097-25-38.0000W"}}, {"type": "Feature", "geometry": {"type": "Point", "coordinates": [-97.14695336948692, 31.439063522270462]}, "properties": {"NAME": "Heathrow", "IDENT": "TE17", "TYPE_CODE": "AD", "SERVCITY": "ROBINSON", "ELEVATION": 525, "LATITUDE": "31-26-20.6090N", "LONGITUDE": "097-08-49.0050W"}}, {"type": "Feature", "geometry": {"type": "Point", "coordinates": [-97.12584086307065, 31.418338796091252]}, "properties": {"NAME": "Smith", "IDENT": "XA51", "TYPE_CODE": "AD", "SERVCITY": "ROBINSON", "ELEVATION": 525, "LATITUDE": "31-25-06.0000N", "LONGITUDE": "097-07-33.0000W"}}, {"type": "Feature", "geometry": {"type": "Point", "coordinates": [-97.69011861906347, 27.778143606557542]}, "properties": {"NAME": "Nueces County", "IDENT": "RBO", "TYPE_CODE": "AD", "SERVCITY": "ROBSTOWN", "ELEVATION": 79.7, "LATITUDE": "27-46-41.3000N", "LONGITUDE": "097-41-24.4000W"}}, {"type": "Feature", "geometry": {"type": "Point", "coordinates": [-97.7436150222707, 27.803917777306005]}, "properties": {"NAME": "Rabb Dusting Inc", "IDENT": "XS66", "TYPE_CODE": "AD", "SERVCITY": "ROBSTOWN", "ELEVATION": 83, "LATITUDE": "27-48-14.0870N", "LONGITUDE": "097-44-36.9870W"}}, {"type": "Feature", "geometry": {"type": "Point", "coordinates": [-97.68228223089959, 27.854270566406605]}, "properties": {"NAME": "High Man Tower Airstrip", "IDENT": "TE62", "TYPE_CODE": "AD", "SERVCITY": "ROBSTOWN", "ELEVATION": 90, "LATITUDE": "27-51-15.3570N", "LONGITUDE": "097-40-56.1890W"}}, {"type": "Feature", "geometry": {"type": "Point", "coordinates": [-96.98949495531507, 30.631381703651726]}, "properties": {"NAME": "H H Coffield Rgnl", "IDENT": "RCK", "TYPE_CODE": "AD", "SERVCITY": "ROCKDALE", "ELEVATION": 474, "LATITUDE": "30-37-52.9550N", "LONGITUDE": "096-59-22.1550W"}}, {"type": "Feature", "geometry": {"type": "Point", "coordinates": [-97.14338527456019, 30.68355809720242]}, "properties": {"NAME": "Apache Pass", "IDENT": "4XA4", "TYPE_CODE": "AD", "SERVCITY": "ROCKDALE", "ELEVATION": 410, "LATITUDE": "30-41-00.7900N", "LONGITUDE": "097-08-36.1600W"}}, {"type": "Feature", "geometry": {"type": "Point", "coordinates": [-97.04370180236796, 28.08622702180112]}, "properties": {"NAME": "Aransas County", "IDENT": "RKP", "TYPE_CODE": "AD", "SERVCITY": "ROCKPORT", "ELEVATION": 23.8, "LATITUDE": "28-05-10.4000N", "LONGITUDE": "097-02-37.3000W"}}, {"type": "Feature", "geometry": {"type": "Point", "coordinates": [-96.98501733839338, 27.944462272247296]}, "properties": {"NAME": "San Jose Island", "IDENT": "XS67", "TYPE_CODE": "AD", "SERVCITY": "ROCKPORT", "ELEVATION": 10.5, "LATITUDE": "27-56-40.0470N", "LONGITUDE": "096-59-06.0360W"}}, {"type": "Feature", "geometry": {"type": "Point", "coordinates": [-100.17386287235416, 29.94692464888326]}, "properties": {"NAME": "Edwards County", "IDENT": "ECU", "TYPE_CODE": "AD", "SERVCITY": "ROCKSPRINGS", "ELEVATION": 2372.2000000000003, "LATITUDE": "29-56-48.9105N", "LONGITUDE": "100-10-25.8768W"}}, {"type": "Feature", "geometry": {"type": "Point", "coordinates": [-100.40455851791903, 30.09702730791829]}, "properties": {"NAME": "Four Square Ranch", "IDENT": "3TA0", "TYPE_CODE": "AD", "SERVCITY": "ROCKSPRINGS", "ELEVATION": 2250, "LATITUDE": "30-05-49.2800N", "LONGITUDE": "100-24-16.3809W"}}, {"type": "Feature", "geometry": {"type": "Point", "coordinates": [-100.20175488056263, 29.978549237878862]}, "properties": {"NAME": "Freeman Ranch", "IDENT": "8TX2", "TYPE_CODE": "AD", "SERVCITY": "ROCKSPRINGS", "ELEVATION": 2380, "LATITUDE": "29-58-42.7590N", "LONGITUDE": "100-12-06.2880W"}}, {"type": "Feature", "geometry": {"type": "Point", "coordinates": [-100.00035732890753, 29.911331454347852]}, "properties": {"NAME": "Hackberry Ranch", "IDENT": "XS69", "TYPE_CODE": "AD", "SERVCITY": "ROCKSPRINGS", "ELEVATION": 1829, "LATITUDE": "29-54-40.7750N", "LONGITUDE": "100-00-01.2570W"}}, {"type": "Feature", "geometry": {"type": "Point", "coordinates": [-96.4354929976987, 32.93060022534306]}, "properties": {"NAME": "Ralph M Hall/Rockwall Muni", "IDENT": "F46", "TYPE_CODE": "AD", "SERVCITY": "ROCKWALL", "ELEVATION": 574.1, "LATITUDE": "32-55-50.1400N", "LONGITUDE": "096-26-07.7480W"}}, {"type": "Feature", "geometry": {"type": "Point", "coordinates": [-96.30829768282001, 32.8569613288343]}, "properties": {"NAME": "Poetry Landing", "IDENT": "33XA", "TYPE_CODE": "AD", "SERVCITY": "ROYSE CITY", "ELEVATION": 555, "LATITUDE": "32-51-25.0400N", "LONGITUDE": "096-18-29.8450W"}}, {"type": "Feature", "geometry": {"type": "Point", "coordinates": [-104.66465591877474, 30.008778523087393]}, "properties": {"NAME": "Hot Springs", "IDENT": "3TE4", "TYPE_CODE": "AD", "SERVCITY": "RUIDOSA", "ELEVATION": 3071, "LATITUDE": "30-00-31.5850N", "LONGITUDE": "104-39-52.7280W"}}, {"type": "Feature", "geometry": {"type": "Point", "coordinates": [-99.49394302036248, 29.49690250353128]}, "properties": {"NAME": "K Bar Ranch", "IDENT": "83TE", "TYPE_CODE": "AD", "SERVCITY": "SABINAL", "ELEVATION": 1208, "LATITUDE": "29-29-48.8310N", "LONGITUDE": "099-29-38.1660W"}}, {"type": "Feature", "geometry": {"type": "Point", "coordinates": [-98.42606332966524, 29.81175510193924]}, "properties": {"NAME": "Kestrel Airpark", "IDENT": "1T7", "TYPE_CODE": "AD", "SERVCITY": "SAN ANTONIO", "ELEVATION": 1261, "LATITUDE": "29-48-42.3000N", "LONGITUDE": "098-25-33.8000W"}}, {"type": "Feature", "geometry": {"type": "Point", "coordinates": [-98.7984245184211, 29.510199474005756]}, "properties": {"NAME": "San Geronimo Airpark", "IDENT": "8T8", "TYPE_CODE": "AD", "SERVCITY": "SAN ANTONIO", "ELEVATION": 1040, "LATITUDE": "29-30-36.7000N", "LONGITUDE": "098-47-54.3000W"}}, {"type": "Feature", "geometry": {"type": "Point", "coordinates": [-98.49831332380523, 29.284588328820675]}, "properties": {"NAME": "Horizon", "IDENT": "74R", "TYPE_CODE": "AD", "SERVCITY": "SAN ANTONIO", "ELEVATION": 551, "LATITUDE": "29-17-04.5000N", "LONGITUDE": "098-29-53.9000W"}}, {"type": "Feature", "geometry": {"type": "Point", "coordinates": [-98.45130222055516, 29.739370225881075]}, "properties": {"NAME": "Bulverde Airpark", "IDENT": "1T8", "TYPE_CODE": "AD", "SERVCITY": "SAN ANTONIO", "ELEVATION": 1088, "LATITUDE": "29-44-21.7145N", "LONGITUDE": "098-27-04.6600W"}}, {"type": "Feature", "geometry": {"type": "Point", "coordinates": [-98.46839694008904, 29.57019199709373]}, "properties": {"NAME": "Twin-Oaks", "IDENT": "T94", "TYPE_CODE": "AD", "SERVCITY": "SAN ANTONIO", "ELEVATION": 873, "LATITUDE": "29-34-12.6730N", "LONGITUDE": "098-28-06.2010W"}}, {"type": "Feature", "geometry": {"type": "Point", "coordinates": [-98.69456475260594, 29.72322410324063]}, "properties": {"NAME": "Boerne Stage Airfield", "IDENT": "5C1", "TYPE_CODE": "AD", "SERVCITY": "SAN ANTONIO", "ELEVATION": 1383.9, "LATITUDE": "29-43-23.5885N", "LONGITUDE": "098-41-40.4049W"}}, {"type": "Feature", "geometry": {"type": "Point", "coordinates": [-98.4690647156281, 29.533963378949444]}, "properties": {"NAME": "San Antonio Intl", "IDENT": "SAT", "TYPE_CODE": "AD", "SERVCITY": "SAN ANTONIO", "ELEVATION": 809.1, "LATITUDE": "29-32-02.2500N", "LONGITUDE": "098-28-08.6050W"}}, {"type": "Feature", "geometry": {"type": "Point", "coordinates": [-94.0335322966779, 31.483520039606105]}, "properties": {"NAME": "Fairway Farm", "IDENT": "86TS", "TYPE_CODE": "AD", "SERVCITY": "SAN AUGUSTINE", "ELEVATION": 360, "LATITUDE": "31-29-00.6520N", "LONGITUDE": "094-02-00.6920W"}}, {"type": "Feature", "geometry": {"type": "Point", "coordinates": [-94.17007344627888, 31.540436157865265]}, "properties": {"NAME": "San Augustine County", "IDENT": "78R", "TYPE_CODE": "AD", "SERVCITY": "SAN AUGUSTINE", "ELEVATION": 443, "LATITUDE": "31-32-25.5500N", "LONGITUDE": "094-10-12.2400W"}}, {"type": "Feature", "geometry": {"type": "Point", "coordinates": [-97.59334076372303, 26.150282158892814]}, "properties": {"NAME": "Kornegay Private", "IDENT": "53XS", "TYPE_CODE": "AD", "SERVCITY": "SAN BENITO", "ELEVATION": 30, "LATITUDE": "26-09-01.0000N", "LONGITUDE": "097-35-36.0000W"}}, {"type": "Feature", "geometry": {"type": "Point", "coordinates": [-97.23030155718267, 33.331788321692635]}, "properties": {"NAME": "Ironhead", "IDENT": "T58", "TYPE_CODE": "AD", "SERVCITY": "SANGER", "ELEVATION": 715, "LATITUDE": "33-19-54.4170N", "LONGITUDE": "097-13-49.0580W"}}, {"type": "Feature", "geometry": {"type": "Point", "coordinates": [-97.20530016578098, 33.39317527821724]}, "properties": {"NAME": "Horseshoe Lake", "IDENT": "TE24", "TYPE_CODE": "AD", "SERVCITY": "SANGER", "ELEVATION": 725, "LATITUDE": "33-23-35.4100N", "LONGITUDE": "097-12-19.0530W"}}, {"type": "Feature", "geometry": {"type": "Point", "coordinates": [-97.25696906821717, 33.39928638902799]}, "properties": {"NAME": "Maxwell Fld", "IDENT": "TX96", "TYPE_CODE": "AD", "SERVCITY": "SANGER", "ELEVATION": 825, "LATITUDE": "33-23-57.4100N", "LONGITUDE": "097-15-25.0610W"}}, {"type": "Feature", "geometry": {"type": "Point", "coordinates": [-97.29447046433815, 33.36262026854004]}, "properties": {"NAME": "Glass", "IDENT": "TS74", "TYPE_CODE": "AD", "SERVCITY": "SANGER", "ELEVATION": 810, "LATITUDE": "33-21-45.4120N", "LONGITUDE": "097-17-40.0660W"}}, {"type": "Feature", "geometry": {"type": "Point", "coordinates": [-97.10306319255798, 33.340005828916226]}, "properties": {"NAME": "Vultures Row", "IDENT": "6X8", "TYPE_CODE": "AD", "SERVCITY": "SANGER", "ELEVATION": 710, "LATITUDE": "33-20-24.0000N", "LONGITUDE": "097-06-11.0000W"}}, {"type": "Feature", "geometry": {"type": "Point", "coordinates": [-98.14814396678311, 32.64780565411328]}, "properties": {"NAME": "Matthews Ranch", "IDENT": "86TE", "TYPE_CODE": "AD", "SERVCITY": "SANTO", "ELEVATION": 820, "LATITUDE": "32-38-52.0800N", "LONGITUDE": "098-08-53.2900W"}}, {"type": "Feature", "geometry": {"type": "Point", "coordinates": [-99.42331068766707, 27.111376755327502]}, "properties": {"NAME": "Corralitos", "IDENT": "XS94", "TYPE_CODE": "AD", "SERVCITY": "SAN YGNACIO", "ELEVATION": 360, "LATITUDE": "27-06-40.9400N", "LONGITUDE": "099-25-23.8900W"}}, {"type": "Feature", "geometry": {"type": "Point", "coordinates": [-96.38356572993689, 32.3991723491813]}, "properties": {"NAME": "Twin Acres", "IDENT": "9TE0", "TYPE_CODE": "AD", "SERVCITY": "SCURRY", "ELEVATION": 340, "LATITUDE": "32-23-57.0000N", "LONGITUDE": "096-23-00.8100W"}}, {"type": "Feature", "geometry": {"type": "Point", "coordinates": [-96.76193452476085, 28.47806127795349]}, "properties": {"NAME": "Whatley Flying Service", "IDENT": "8TA1", "TYPE_CODE": "AD", "SERVCITY": "SEADRIFT", "ELEVATION": 20, "LATITUDE": "28-28-41.0030N", "LONGITUDE": "096-45-42.9380W"}}, {"type": "Feature", "geometry": {"type": "Point", "coordinates": [-96.52611855648796, 32.609172383350085]}, "properties": {"NAME": "Seagoville", "IDENT": "5TA9", "TYPE_CODE": "AD", "SERVCITY": "SEAGOVILLE", "ELEVATION": 415, "LATITUDE": "32-36-33.0000N", "LONGITUDE": "096-31-34.0000W"}}, {"type": "Feature", "geometry": {"type": "Point", "coordinates": [-102.54090754602412, 32.954558844700664]}, "properties": {"NAME": "Seagraves", "IDENT": "TT97", "TYPE_CODE": "AD", "SERVCITY": "SEAGRAVES", "ELEVATION": 3366, "LATITUDE": "32-57-16.3920N", "LONGITUDE": "102-32-27.2350W"}}, {"type": "Feature", "geometry": {"type": "Point", "coordinates": [-96.11468913670737, 29.74829405828079]}, "properties": {"NAME": "Longbird", "IDENT": "93TS", "TYPE_CODE": "AD", "SERVCITY": "SEALY", "ELEVATION": 150, "LATITUDE": "29-44-53.8400N", "LONGITUDE": "096-06-52.8550W"}}, {"type": "Feature", "geometry": {"type": "Point", "coordinates": [-96.06413217934845, 29.736627668639183]}, "properties": {"NAME": "Clark Sky Ranch", "IDENT": "3TA2", "TYPE_CODE": "AD", "SERVCITY": "SEALY", "ELEVATION": 145, "LATITUDE": "29-44-11.8410N", "LONGITUDE": "096-03-50.8500W"}}, {"type": "Feature", "geometry": {"type": "Point", "coordinates": [-96.29275001582755, 29.747738774084358]}, "properties": {"NAME": "Mario's Flying Pizza", "IDENT": "2TA4", "TYPE_CODE": "AD", "SERVCITY": "SEALY", "ELEVATION": 233, "LATITUDE": "29-44-51.8410N", "LONGITUDE": "096-17-33.8740W"}}, {"type": "Feature", "geometry": {"type": "Point", "coordinates": [-96.2639711223008, 29.809085732473076]}, "properties": {"NAME": "Brandes Air Fld", "IDENT": "05TA", "TYPE_CODE": "AD", "SERVCITY": "SEALY", "ELEVATION": 270, "LATITUDE": "29-48-32.6900N", "LONGITUDE": "096-15-50.2700W"}}, {"type": "Feature", "geometry": {"type": "Point", "coordinates": [-96.05918773394802, 29.733396835151975]}, "properties": {"NAME": "Gloster Aerodrome", "IDENT": "1XA7", "TYPE_CODE": "AD", "SERVCITY": "SEALY", "ELEVATION": 148, "LATITUDE": "29-44-00.2100N", "LONGITUDE": "096-03-33.0500W"}}, {"type": "Feature", "geometry": {"type": "Point", "coordinates": [-97.83500928217535, 29.539125624626774]}, "properties": {"NAME": "Lackorn", "IDENT": "TE51", "TYPE_CODE": "AD", "SERVCITY": "SEGUIN", "ELEVATION": 420, "LATITUDE": "29-32-20.8340N", "LONGITUDE": "097-50-06.0060W"}}, {"type": "Feature", "geometry": {"type": "Point", "coordinates": [-97.99057071257357, 29.602411325849527]}, "properties": {"NAME": "Huber Airpark Civic Club LLC", "IDENT": "E70", "TYPE_CODE": "AD", "SERVCITY": "SEGUIN", "ELEVATION": 556, "LATITUDE": "29-36-08.6625N", "LONGITUDE": "097-59-26.0270W"}}, {"type": "Feature", "geometry": {"type": "Point", "coordinates": [-97.99708507083037, 29.504925250325847]}, "properties": {"NAME": "Elm Creek Airpark", "IDENT": "0TX6", "TYPE_CODE": "AD", "SERVCITY": "SEGUIN", "ELEVATION": 550, "LATITUDE": "29-30-17.7127N", "LONGITUDE": "097-59-49.4787W"}}, {"type": "Feature", "geometry": {"type": "Point", "coordinates": [-97.90834430155624, 29.565790904413724]}, "properties": {"NAME": "Randolph AFB Aux", "IDENT": "SEQ", "TYPE_CODE": "AD", "SERVCITY": "SEGUIN", "ELEVATION": 525, "LATITUDE": "29-33-56.8290N", "LONGITUDE": "097-54-30.0120W"}}, {"type": "Feature", "geometry": {"type": "Point", "coordinates": [-102.65267561006269, 32.67533879161931]}, "properties": {"NAME": "Gaines County", "IDENT": "GNC", "TYPE_CODE": "AD", "SERVCITY": "SEMINOLE", "ELEVATION": 3314.9, "LATITUDE": "32-40-31.2000N", "LONGITUDE": "102-39-09.6000W"}}, {"type": "Feature", "geometry": {"type": "Point", "coordinates": [-102.94382540335111, 32.732052399016965]}, "properties": {"NAME": "Hamilton Aircraft, Inc", "IDENT": "5TA0", "TYPE_CODE": "AD", "SERVCITY": "SEMINOLE", "ELEVATION": 3520, "LATITUDE": "32-43-55.3690N", "LONGITUDE": "102-56-37.7390W"}}, {"type": "Feature", "geometry": {"type": "Point", "coordinates": [-102.7382572987199, 32.718166295066126]}, "properties": {"NAME": "Seminole Spraying Service", "IDENT": "39TE", "TYPE_CODE": "AD", "SERVCITY": "SEMINOLE", "ELEVATION": 3372, "LATITUDE": "32-43-05.3790N", "LONGITUDE": "102-44-17.6940W"}}, {"type": "Feature", "geometry": {"type": "Point", "coordinates": [-96.67404255177125, 33.714096195868066]}, "properties": {"NAME": "North Texas Rgnl/Perrin Fld", "IDENT": "GYI", "TYPE_CODE": "AD", "SERVCITY": "SHERMAN/DENISON", "ELEVATION": 749.3000000000001, "LATITUDE": "33-42-50.7250N", "LONGITUDE": "096-40-26.5260W"}}, {"type": "Feature", "geometry": {"type": "Point", "coordinates": [-97.18471661363002, 29.391914505173194]}, "properties": {"NAME": "Gerum Farm", "IDENT": "TE36", "TYPE_CODE": "AD", "SERVCITY": "SHINER", "ELEVATION": 425, "LATITUDE": "29-23-30.8740N", "LONGITUDE": "097-11-04.9530W"}}, {"type": "Feature", "geometry": {"type": "Point", "coordinates": [-97.12193771322224, 29.490244250034696]}, "properties": {"NAME": "Dean Ranch", "IDENT": "XS49", "TYPE_CODE": "AD", "SERVCITY": "SHINER", "ELEVATION": 400, "LATITUDE": "29-29-24.8610N", "LONGITUDE": "097-07-18.9490W"}}, {"type": "Feature", "geometry": {"type": "Point", "coordinates": [-101.30044680291402, 34.466736385621125]}, "properties": {"NAME": "Silverton Muni", "IDENT": "79XS", "TYPE_CODE": "AD", "SERVCITY": "SILVERTON", "ELEVATION": 3267, "LATITUDE": "34-28-00.2300N", "LONGITUDE": "101-18-01.5770W"}}, {"type": "Feature", "geometry": {"type": "Point", "coordinates": [-97.54250873101594, 28.038571636272543]}, "properties": {"NAME": "Sinton", "IDENT": "T69", "TYPE_CODE": "AD", "SERVCITY": "SINTON", "ELEVATION": 47.9, "LATITUDE": "28-02-18.8407N", "LONGITUDE": "097-32-33.0045W"}}, {"type": "Feature", "geometry": {"type": "Point", "coordinates": [-101.66168654150152, 33.485238366227705]}, "properties": {"NAME": "City of Slaton/Larry T Neal Meml", "IDENT": "F49", "TYPE_CODE": "AD", "SERVCITY": "SLATON", "ELEVATION": 3126.5, "LATITUDE": "33-29-06.8378N", "LONGITUDE": "101-39-42.0400W"}}, {"type": "Feature", "geometry": {"type": "Point", "coordinates": [-97.35385492524422, 33.39285646647533]}, "properties": {"NAME": "Akroville", "IDENT": "3TX", "TYPE_CODE": "AD", "SERVCITY": "SLIDELL", "ELEVATION": 895, "LATITUDE": "33-23-34.2623N", "LONGITUDE": "097-21-13.8500W"}}, {"type": "Feature", "geometry": {"type": "Point", "coordinates": [-97.43915494427755, 33.354446094523034]}, "properties": {"NAME": "Cain", "IDENT": "T28", "TYPE_CODE": "AD", "SERVCITY": "SLIDELL", "ELEVATION": 917, "LATITUDE": "33-21-15.9850N", "LONGITUDE": "097-26-20.9300W"}}, {"type": "Feature", "geometry": {"type": "Point", "coordinates": [-97.16704663790769, 30.0282129669299]}, "properties": {"NAME": "Smithville Crawford Muni", "IDENT": "84R", "TYPE_CODE": "AD", "SERVCITY": "SMITHVILLE", "ELEVATION": 323.2, "LATITUDE": "30-01-41.5480N", "LONGITUDE": "097-10-01.3410W"}}, {"type": "Feature", "geometry": {"type": "Point", "coordinates": [-96.50403788144622, 30.479258080347265]}, "properties": {"NAME": "Knolle Ranch", "IDENT": "08XA", "TYPE_CODE": "AD", "SERVCITY": "SNOOK", "ELEVATION": 280, "LATITUDE": "30-28-45.3100N", "LONGITUDE": "096-30-14.5100W"}}, {"type": "Feature", "geometry": {"type": "Point", "coordinates": [-98.16280245952099, 30.41853522973108]}, "properties": {"NAME": "Fall Creek Air Ranch", "IDENT": "52TS", "TYPE_CODE": "AD", "SERVCITY": "SPICEWOOD", "ELEVATION": 915, "LATITUDE": "30-25-06.7080N", "LONGITUDE": "098-09-46.0610W"}}, {"type": "Feature", "geometry": {"type": "Point", "coordinates": [-100.28018875254114, 29.1940243623166]}, "properties": {"NAME": "Anacacho Ranch", "IDENT": "0XS7", "TYPE_CODE": "AD", "SERVCITY": "SPOFFORD", "ELEVATION": 1067, "LATITUDE": "29-11-38.4700N", "LONGITUDE": "100-16-48.6500W"}}, {"type": "Feature", "geometry": {"type": "Point", "coordinates": [-100.47224943322725, 29.118431841346016]}, "properties": {"NAME": "Laughlin AFB Aux Nr 1", "IDENT": "T70", "TYPE_CODE": "AD", "SERVCITY": "SPOFFORD", "ELEVATION": 1004, "LATITUDE": "29-07-06.3370N", "LONGITUDE": "100-28-20.0683W"}}, {"type": "Feature", "geometry": {"type": "Point", "coordinates": [-100.41841906143945, 29.166355186349953]}, "properties": {"NAME": "Frontier", "IDENT": "55XS", "TYPE_CODE": "AD", "SERVCITY": "SPOFFORD", "ELEVATION": 1001, "LATITUDE": "29-09-58.8610N", "LONGITUDE": "100-25-06.2790W"}}, {"type": "Feature", "geometry": {"type": "Point", "coordinates": [-100.3753607142152, 29.076080448444547]}, "properties": {"NAME": "Dunbar Ranch", "IDENT": "0XS8", "TYPE_CODE": "AD", "SERVCITY": "SPOFFORD", "ELEVATION": 958, "LATITUDE": "29-04-33.8720N", "LONGITUDE": "100-22-31.2690W"}}, {"type": "Feature", "geometry": {"type": "Point", "coordinates": [-97.62077441151122, 32.982322406364304]}, "properties": {"NAME": "Kezer Air Ranch", "IDENT": "61TE", "TYPE_CODE": "AD", "SERVCITY": "SPRINGTOWN", "ELEVATION": 830, "LATITUDE": "32-58-56.3400N", "LONGITUDE": "097-37-14.7600W"}}, {"type": "Feature", "geometry": {"type": "Point", "coordinates": [-97.67481331797708, 33.04528352668459]}, "properties": {"NAME": "Eugene's Dream", "IDENT": "6XS7", "TYPE_CODE": "AD", "SERVCITY": "SPRINGTOWN", "ELEVATION": 905, "LATITUDE": "33-02-43.0000N", "LONGITUDE": "097-40-29.3000W"}}, {"type": "Feature", "geometry": {"type": "Point", "coordinates": [-100.8545807901009, 33.442869564138725]}, "properties": {"NAME": "Travis Fld", "IDENT": "TA16", "TYPE_CODE": "AD", "SERVCITY": "SPUR", "ELEVATION": 2317, "LATITUDE": "33-26-34.3100N", "LONGITUDE": "100-51-16.4600W"}}, {"type": "Feature", "geometry": {"type": "Point", "coordinates": [-98.65498007183218, 30.232366286618987]}, "properties": {"NAME": "Burg Lake Aero", "IDENT": "30TX", "TYPE_CODE": "AD", "SERVCITY": "STONEWALL", "ELEVATION": 1463, "LATITUDE": "30-13-56.5000N", "LONGITUDE": "098-39-17.9000W"}}, {"type": "Feature", "geometry": {"type": "Point", "coordinates": [-102.04925907601199, 36.345644988007365]}, "properties": {"NAME": "Stratford Fld", "IDENT": "H70", "TYPE_CODE": "AD", "SERVCITY": "STRATFORD", "ELEVATION": 3668.2000000000003, "LATITUDE": "36-20-44.3000N", "LONGITUDE": "102-02-57.3000W"}}, {"type": "Feature", "geometry": {"type": "Point", "coordinates": [-102.52214872808577, 34.053148476617174]}, "properties": {"NAME": "Sudan", "IDENT": "9XS6", "TYPE_CODE": "AD", "SERVCITY": "SUDAN", "ELEVATION": 3769, "LATITUDE": "34-03-11.3140N", "LONGITUDE": "102-31-19.7030W"}}, {"type": "Feature", "geometry": {"type": "Point", "coordinates": [-102.62424236645738, 34.101055701512294]}, "properties": {"NAME": "Fairview Fld", "IDENT": "XA05", "TYPE_CODE": "AD", "SERVCITY": "SUDAN", "ELEVATION": 3819, "LATITUDE": "34-06-03.7800N", "LONGITUDE": "102-37-27.2400W"}}, {"type": "Feature", "geometry": {"type": "Point", "coordinates": [-95.62114613611371, 33.15983919322574]}, "properties": {"NAME": "Sulphur Springs Muni", "IDENT": "SLR", "TYPE_CODE": "AD", "SERVCITY": "SULPHUR SPRINGS", "ELEVATION": 489.3, "LATITUDE": "33-09-35.4000N", "LONGITUDE": "095-37-16.1000W"}}, {"type": "Feature", "geometry": {"type": "Point", "coordinates": [-101.82879121839055, 36.02920828246905]}, "properties": {"NAME": "Sunray", "IDENT": "X43", "TYPE_CODE": "AD", "SERVCITY": "SUNRAY", "ELEVATION": 3507, "LATITUDE": "36-01-45.1280N", "LONGITUDE": "101-49-43.6160W"}}, {"type": "Feature", "geometry": {"type": "Point", "coordinates": [-98.40923002935402, 30.59922747756521]}, "properties": {"NAME": "Sunrise Beach", "IDENT": "2KL", "TYPE_CODE": "AD", "SERVCITY": "SUNRISE BEACH VILLAGE", "ELEVATION": 854, "LATITUDE": "30-35-57.2000N", "LONGITUDE": "098-24-33.2000W"}}, {"type": "Feature", "geometry": {"type": "Point", "coordinates": [-100.46656396834405, 32.46736663093388]}, "properties": {"NAME": "Avenger Fld", "IDENT": "SWW", "TYPE_CODE": "AD", "SERVCITY": "SWEETWATER", "ELEVATION": 2379.7000000000003, "LATITUDE": "32-28-02.5000N", "LONGITUDE": "100-27-59.6000W"}}, {"type": "Feature", "geometry": {"type": "Point", "coordinates": [-100.36705616228163, 32.40012690119551]}, "properties": {"NAME": "Gesin Ranches", "IDENT": "86XS", "TYPE_CODE": "AD", "SERVCITY": "SWEETWATER", "ELEVATION": 2200, "LATITUDE": "32-24-00.4370N", "LONGITUDE": "100-22-01.3720W"}}, {"type": "Feature", "geometry": {"type": "Point", "coordinates": [-95.89746973834939, 31.783507249710723]}, "properties": {"NAME": "W J E", "IDENT": "TA70", "TYPE_CODE": "AD", "SERVCITY": "TENNESSEE COLONY", "ELEVATION": 251, "LATITUDE": "31-47-00.6060N", "LONGITUDE": "095-53-50.8650W"}}, {"type": "Feature", "geometry": {"type": "Point", "coordinates": [-103.58352730776477, 29.319368717496523]}, "properties": {"NAME": "C Fulcher Ranch", "IDENT": "3TE8", "TYPE_CODE": "AD", "SERVCITY": "TERLINGUA /ALPINE/", "ELEVATION": 2717, "LATITUDE": "29-19-09.7100N", "LONGITUDE": "103-35-00.6660W"}}, {"type": "Feature", "geometry": {"type": "Point", "coordinates": [-102.83183353035884, 29.450204600620957]}, "properties": {"NAME": "Heath Canyon", "IDENT": "1XS7", "TYPE_CODE": "AD", "SERVCITY": "TERLINGUA", "ELEVATION": 1857, "LATITUDE": "29-27-00.7190N", "LONGITUDE": "102-49-54.5690W"}}, {"type": "Feature", "geometry": {"type": "Point", "coordinates": [-96.26710182942288, 32.70850019029459]}, "properties": {"NAME": "Terrell Muni", "IDENT": "TRL", "TYPE_CODE": "AD", "SERVCITY": "TERRELL", "ELEVATION": 474.2, "LATITUDE": "32-42-30.5800N", "LONGITUDE": "096-16-01.5400W"}}, {"type": "Feature", "geometry": {"type": "Point", "coordinates": [-94.99826605995419, 29.417459582870727]}, "properties": {"NAME": "Austinia", "IDENT": "TS50", "TYPE_CODE": "AD", "SERVCITY": "TEXAS CITY", "ELEVATION": 15, "LATITUDE": "29-25-02.8360N", "LONGITUDE": "094-59-53.7330W"}}, {"type": "Feature", "geometry": {"type": "Point", "coordinates": [-102.87048926264268, 36.25642548214698]}, "properties": {"NAME": "Nebtex Land Company", "IDENT": "TA13", "TYPE_CODE": "AD", "SERVCITY": "TEXLINE", "ELEVATION": 4373, "LATITUDE": "36-15-23.1100N", "LONGITUDE": "102-52-13.7280W"}}, {"type": "Feature", "geometry": {"type": "Point", "coordinates": [-97.52279956463359, 31.24962208194191]}, "properties": {"NAME": "The Grove/Ranch", "IDENT": "23TX", "TYPE_CODE": "AD", "SERVCITY": "THE GROVE/RANCH", "ELEVATION": 700, "LATITUDE": "31-14-58.6200N", "LONGITUDE": "097-31-22.0510W"}}, {"type": "Feature", "geometry": {"type": "Point", "coordinates": [-96.45582553754011, 33.487336718397806]}, "properties": {"NAME": "Rowland R Airfield", "IDENT": "23TA", "TYPE_CODE": "AD", "SERVCITY": "TOM BEAN", "ELEVATION": 705, "LATITUDE": "33-29-14.3910N", "LONGITUDE": "096-27-20.9450W"}}, {"type": "Feature", "geometry": {"type": "Point", "coordinates": [-103.78328409990056, 30.91962732759961]}, "properties": {"NAME": "Seven Springs", "IDENT": "16TA", "TYPE_CODE": "AD", "SERVCITY": "TOYAHVALE", "ELEVATION": 3469, "LATITUDE": "30-55-10.6400N", "LONGITUDE": "103-46-59.7900W"}}, {"type": "Feature", "geometry": {"type": "Point", "coordinates": [-96.3772963482444, 33.45192532626554]}, "properties": {"NAME": "Tri-County Aerodrome", "IDENT": "48TX", "TYPE_CODE": "AD", "SERVCITY": "TRENTON", "ELEVATION": 790, "LATITUDE": "33-27-06.9100N", "LONGITUDE": "096-22-38.2400W"}}, {"type": "Feature", "geometry": {"type": "Point", "coordinates": [-96.35026717510871, 33.46400366373948]}, "properties": {"NAME": "Red Wing", "IDENT": "52TA", "TYPE_CODE": "AD", "SERVCITY": "TRENTON", "ELEVATION": 755, "LATITUDE": "33-27-50.3920N", "LONGITUDE": "096-21-00.9350W"}}, {"type": "Feature", "geometry": {"type": "Point", "coordinates": [-95.29350703866469, 30.923533213569467]}, "properties": {"NAME": "Grand Rock", "IDENT": "XA52", "TYPE_CODE": "AD", "SERVCITY": "TRINITY", "ELEVATION": 225, "LATITUDE": "30-55-24.7000N", "LONGITUDE": "095-17-36.6000W"}}, {"type": "Feature", "geometry": {"type": "Point", "coordinates": [-95.08278482100812, 32.039336221421706]}, "properties": {"NAME": "Harrison Farm", "IDENT": "TE91", "TYPE_CODE": "AD", "SERVCITY": "TROUP", "ELEVATION": 445, "LATITUDE": "32-02-21.5900N", "LONGITUDE": "095-04-58.0000W"}}, {"type": "Feature", "geometry": {"type": "Point", "coordinates": [-97.30242422782197, 31.161310962404176]}, "properties": {"NAME": "Buckshot Ranch", "IDENT": "7XA4", "TYPE_CODE": "AD", "SERVCITY": "TROY", "ELEVATION": 721, "LATITUDE": "31-09-40.7000N", "LONGITUDE": "097-18-08.7000W"}}, {"type": "Feature", "geometry": {"type": "Point", "coordinates": [-101.7814699800029, 34.56683054405867]}, "properties": {"NAME": "City of Tulia/Swisher County Muni", "IDENT": "I06", "TYPE_CODE": "AD", "SERVCITY": "TULIA", "ELEVATION": 3503, "LATITUDE": "34-34-00.5690N", "LONGITUDE": "101-46-53.2600W"}}, {"type": "Feature", "geometry": {"type": "Point", "coordinates": [-101.50045880832175, 34.650065017405545]}, "properties": {"NAME": "Vigo Park", "IDENT": "1TA2", "TYPE_CODE": "AD", "SERVCITY": "TULIA", "ELEVATION": 3383, "LATITUDE": "34-39-00.2130N", "LONGITUDE": "101-30-01.6200W"}}, {"type": "Feature", "geometry": {"type": "Point", "coordinates": [-101.81660609517654, 34.51086692188126]}, "properties": {"NAME": "Vaughn Farm", "IDENT": "XS76", "TYPE_CODE": "AD", "SERVCITY": "TULIA", "ELEVATION": 3535, "LATITUDE": "34-30-39.1000N", "LONGITUDE": "101-48-59.7500W"}}, {"type": "Feature", "geometry": {"type": "Point", "coordinates": [-98.42530472673914, 30.010494862795394]}, "properties": {"NAME": "Cross Triangle Ranch", "IDENT": "2XS5", "TYPE_CODE": "AD", "SERVCITY": "TWIN SISTERS", "ELEVATION": 1420, "LATITUDE": "30-00-37.7630N", "LONGITUDE": "098-25-31.0690W"}}, {"type": "Feature", "geometry": {"type": "Point", "coordinates": [-95.40298492124066, 32.35355293595026]}, "properties": {"NAME": "Tyler Pounds Rgnl", "IDENT": "TYR", "TYPE_CODE": "AD", "SERVCITY": "TYLER", "ELEVATION": 543.9, "LATITUDE": "32-21-12.7700N", "LONGITUDE": "095-24-10.7200W"}}, {"type": "Feature", "geometry": {"type": "Point", "coordinates": [-97.42946622822906, 31.621001323107002]}, "properties": {"NAME": "Valley Mills Muni", "IDENT": "9F1", "TYPE_CODE": "AD", "SERVCITY": "VALLEY MILLS", "ELEVATION": 751, "LATITUDE": "31-37-15.5850N", "LONGITUDE": "097-25-46.0510W"}}, {"type": "Feature", "geometry": {"type": "Point", "coordinates": [-97.16927432885481, 33.47395585082972]}, "properties": {"NAME": "Hardy Fld", "IDENT": "3XA1", "TYPE_CODE": "AD", "SERVCITY": "VALLEY VIEW", "ELEVATION": 670, "LATITUDE": "33-28-26.2200N", "LONGITUDE": "097-10-09.3600W"}}, {"type": "Feature", "geometry": {"type": "Point", "coordinates": [-97.12244739999487, 33.473636519883975]}, "properties": {"NAME": "Tailwheel Acres", "IDENT": "X16", "TYPE_CODE": "AD", "SERVCITY": "VALLEY VIEW", "ELEVATION": 679, "LATITUDE": "33-28-25.0704N", "LONGITUDE": "097-07-20.7831W"}}, {"type": "Feature", "geometry": {"type": "Point", "coordinates": [-95.66830277820098, 32.53958712805864]}, "properties": {"NAME": "N D Ranch", "IDENT": "51TX", "TYPE_CODE": "AD", "SERVCITY": "VAN", "ELEVATION": 540, "LATITUDE": "32-32-22.4930N", "LONGITUDE": "095-40-05.8640W"}}, {"type": "Feature", "geometry": {"type": "Point", "coordinates": [-95.70861834374095, 32.54278351599379]}, "properties": {"NAME": "Wits End Ranch", "IDENT": "5XS5", "TYPE_CODE": "AD", "SERVCITY": "VAN", "ELEVATION": 545, "LATITUDE": "32-32-34.0000N", "LONGITUDE": "095-42-31.0000W"}}, {"type": "Feature", "geometry": {"type": "Point", "coordinates": [-96.47947415110475, 33.43283920712497]}, "properties": {"NAME": "Tilghman", "IDENT": "97XS", "TYPE_CODE": "AD", "SERVCITY": "VAN ALSTYNE", "ELEVATION": 741, "LATITUDE": "33-25-58.2000N", "LONGITUDE": "096-28-46.0800W"}}, {"type": "Feature", "geometry": {"type": "Point", "coordinates": [-96.57080473021571, 33.44598920550916]}, "properties": {"NAME": "J & W Windy Hill", "IDENT": "06XA", "TYPE_CODE": "AD", "SERVCITY": "VAN ALSTYNE", "ELEVATION": 784, "LATITUDE": "33-26-45.5400N", "LONGITUDE": "096-34-14.8700W"}}, {"type": "Feature", "geometry": {"type": "Point", "coordinates": [-104.78381488948193, 31.057838421755903]}, "properties": {"NAME": "Culberson County", "IDENT": "VHN", "TYPE_CODE": "AD", "SERVCITY": "VAN HORN", "ELEVATION": 3956.8, "LATITUDE": "31-03-28.2000N", "LONGITUDE": "104-47-01.7000W"}}, {"type": "Feature", "geometry": {"type": "Point", "coordinates": [-104.84439548059245, 31.455963486911003]}, "properties": {"NAME": "Figure 2 Ranch", "IDENT": "88TA", "TYPE_CODE": "AD", "SERVCITY": "VAN HORN", "ELEVATION": 3700, "LATITUDE": "31-27-21.4500N", "LONGITUDE": "104-50-39.7900W"}}, {"type": "Feature", "geometry": {"type": "Point", "coordinates": [-102.39877712227916, 35.23071978859057]}, "properties": {"NAME": "Oldham County", "IDENT": "E52", "TYPE_CODE": "AD", "SERVCITY": "VEGA", "ELEVATION": 3995, "LATITUDE": "35-13-50.5700N", "LONGITUDE": "102-23-55.5650W"}}, {"type": "Feature", "geometry": {"type": "Point", "coordinates": [-97.09195202140535, 32.416394544773134]}, "properties": {"NAME": "Venus", "IDENT": "75TS", "TYPE_CODE": "AD", "SERVCITY": "VENUS", "ELEVATION": 665, "LATITUDE": "32-24-59.0000N", "LONGITUDE": "097-05-31.0000W"}}, {"type": "Feature", "geometry": {"type": "Point", "coordinates": [-97.03986478272523, 32.35573511843749]}, "properties": {"NAME": "Chimera Aerodrome", "IDENT": "9XA4", "TYPE_CODE": "AD", "SERVCITY": "VENUS", "ELEVATION": 647, "LATITUDE": "32-21-20.6261N", "LONGITUDE": "097-02-23.4860W"}}, {"type": "Feature", "geometry": {"type": "Point", "coordinates": [-99.45509410536104, 34.085924743856964]}, "properties": {"NAME": "Lehman", "IDENT": "28TX", "TYPE_CODE": "AD", "SERVCITY": "VERNON", "ELEVATION": 1275, "LATITUDE": "34-05-09.3080N", "LONGITUDE": "099-27-18.3090W"}}, {"type": "Feature", "geometry": {"type": "Point", "coordinates": [-97.33001814697843, 31.596836045439147]}, "properties": {"NAME": "Scott", "IDENT": "31TX", "TYPE_CODE": "AD", "SERVCITY": "WACO", "ELEVATION": 590, "LATITUDE": "31-35-48.5900N", "LONGITUDE": "097-19-48.0380W"}}, {"type": "Feature", "geometry": {"type": "Point", "coordinates": [-97.25029200727997, 31.454617409202978]}, "properties": {"NAME": "Rabbit Run", "IDENT": "5TA2", "TYPE_CODE": "AD", "SERVCITY": "WACO", "ELEVATION": 740, "LATITUDE": "31-27-16.6030N", "LONGITUDE": "097-15-01.0240W"}}, {"type": "Feature", "geometry": {"type": "Point", "coordinates": [-97.24057062903248, 31.679335230877008]}, "properties": {"NAME": "Tigerbird Fld", "IDENT": "2TS3", "TYPE_CODE": "AD", "SERVCITY": "WACO", "ELEVATION": 450, "LATITUDE": "31-40-45.5870N", "LONGITUDE": "097-14-26.0270W"}}, {"type": "Feature", "geometry": {"type": "Point", "coordinates": [-96.9925038965855, 31.623782175086575]}, "properties": {"NAME": "Texas Valley Air Fld", "IDENT": "TA57", "TYPE_CODE": "AD", "SERVCITY": "WACO", "ELEVATION": 450, "LATITUDE": "31-37-25.5960N", "LONGITUDE": "096-59-32.9870W"}}, {"type": "Feature", "geometry": {"type": "Point", "coordinates": [-97.24612646717175, 31.74738968872536]}, "properties": {"NAME": "Womack Farm", "IDENT": "75TE", "TYPE_CODE": "AD", "SERVCITY": "WACO", "ELEVATION": 500, "LATITUDE": "31-44-50.5830N", "LONGITUDE": "097-14-46.0280W"}}, {"type": "Feature", "geometry": {"type": "Point", "coordinates": [-97.31653535953306, 31.48492213543083]}, "properties": {"NAME": "Mc Gregor Exec", "IDENT": "PWG", "TYPE_CODE": "AD", "SERVCITY": "WACO", "ELEVATION": 591.7, "LATITUDE": "31-29-05.7000N", "LONGITUDE": "097-18-59.5000W"}}, {"type": "Feature", "geometry": {"type": "Point", "coordinates": [-99.26131375086506, 33.6485224533778]}, "properties": {"NAME": "Seymour Muni", "IDENT": "60F", "TYPE_CODE": "AD", "SERVCITY": "SEYMOUR", "ELEVATION": 1344, "LATITUDE": "33-38-54.6600N", "LONGITUDE": "099-15-40.7000W"}}, {"type": "Feature", "geometry": {"type": "Point", "coordinates": [-102.06594221019661, 33.748125113695714]}, "properties": {"NAME": "Biggin Hill Airpark", "IDENT": "TA67", "TYPE_CODE": "AD", "SERVCITY": "SHALLOWATER", "ELEVATION": 3330, "LATITUDE": "33-44-53.2300N", "LONGITUDE": "102-03-57.3600W"}}, {"type": "Feature", "geometry": {"type": "Point", "coordinates": [-100.18531409149924, 35.23461712815097]}, "properties": {"NAME": "Shamrock Muni", "IDENT": "2F1", "TYPE_CODE": "AD", "SERVCITY": "SHAMROCK", "ELEVATION": 2369, "LATITUDE": "35-14-04.6000N", "LONGITUDE": "100-11-07.1000W"}}, {"type": "Feature", "geometry": {"type": "Point", "coordinates": [-102.02375007287588, 30.739056810353546]}, "properties": {"NAME": "Smokey Mtn Ranch", "IDENT": "09TX", "TYPE_CODE": "AD", "SERVCITY": "SHEFFIELD", "ELEVATION": 2522, "LATITUDE": "30-44-20.5860N", "LONGITUDE": "102-01-25.4690W"}}, {"type": "Feature", "geometry": {"type": "Point", "coordinates": [-101.96541589269117, 30.74822348029734]}, "properties": {"NAME": "Canon Ranch", "IDENT": "9TX9", "TYPE_CODE": "AD", "SERVCITY": "SHEFFIELD", "ELEVATION": 2380, "LATITUDE": "30-44-53.5860N", "LONGITUDE": "101-57-55.4660W"}}, {"type": "Feature", "geometry": {"type": "Point", "coordinates": [-94.91271580755969, 30.471043691046273]}, "properties": {"NAME": "Lake Water Wheel", "IDENT": "XS99", "TYPE_CODE": "AD", "SERVCITY": "SHEPHERD", "ELEVATION": 80, "LATITUDE": "30-28-15.7380N", "LONGITUDE": "094-54-45.7520W"}}, {"type": "Feature", "geometry": {"type": "Point", "coordinates": [-96.62248036007777, 29.360806740625264]}, "properties": {"NAME": "Galaxy Ranch", "IDENT": "72TS", "TYPE_CODE": "AD", "SERVCITY": "SHERIDAN", "ELEVATION": 178, "LATITUDE": "29-21-38.8860N", "LONGITUDE": "096-37-20.9030W"}}, {"type": "Feature", "geometry": {"type": "Point", "coordinates": [-96.586146412547, 33.62414479410843]}, "properties": {"NAME": "Sherman Muni", "IDENT": "SWI", "TYPE_CODE": "AD", "SERVCITY": "SHERMAN", "ELEVATION": 746.1, "LATITUDE": "33-37-26.9000N", "LONGITUDE": "096-35-10.1000W"}}, {"type": "Feature", "geometry": {"type": "Point", "coordinates": [-96.7335742286703, 33.63331145614106]}, "properties": {"NAME": "Lm Ranch", "IDENT": "TA93", "TYPE_CODE": "AD", "SERVCITY": "SHERMAN", "ELEVATION": 770, "LATITUDE": "33-37-59.9000N", "LONGITUDE": "096-44-00.8400W"}}, {"type": "Feature", "geometry": {"type": "Point", "coordinates": [-96.77689924101695, 33.653825345989574]}, "properties": {"NAME": "Beaver Creek", "IDENT": "9XS2", "TYPE_CODE": "AD", "SERVCITY": "SHERMAN", "ELEVATION": 708, "LATITUDE": "33-39-13.7500N", "LONGITUDE": "096-46-36.8100W"}}, {"type": "Feature", "geometry": {"type": "Point", "coordinates": [-96.7881659101536, 33.65802534625818]}, "properties": {"NAME": "Frog Pond", "IDENT": "14XA", "TYPE_CODE": "AD", "SERVCITY": "SHERMAN", "ELEVATION": 686, "LATITUDE": "33-39-28.8700N", "LONGITUDE": "096-47-17.3700W"}}, {"type": "Feature", "geometry": {"type": "Point", "coordinates": [-96.69055783089696, 33.66677840831837]}, "properties": {"NAME": "Butler", "IDENT": "11TX", "TYPE_CODE": "AD", "SERVCITY": "SHERMAN", "ELEVATION": 840, "LATITUDE": "33-40-00.3810N", "LONGITUDE": "096-41-25.9810W"}}, {"type": "Feature", "geometry": {"type": "Point", "coordinates": [-100.95048076444021, 32.69339442778727]}, "properties": {"NAME": "Winston Fld", "IDENT": "SNK", "TYPE_CODE": "AD", "SERVCITY": "SNYDER", "ELEVATION": 2430.3, "LATITUDE": "32-41-36.2000N", "LONGITUDE": "100-57-01.7000W"}}, {"type": "Feature", "geometry": {"type": "Point", "coordinates": [-98.54963266641802, 29.215507758462998]}, "properties": {"NAME": "Cannon Fld", "IDENT": "53T", "TYPE_CODE": "AD", "SERVCITY": "SOMERSET", "ELEVATION": 610, "LATITUDE": "29-12-55.8100N", "LONGITUDE": "098-32-58.6496W"}}, {"type": "Feature", "geometry": {"type": "Point", "coordinates": [-100.45092912042702, 30.26908928359674]}, "properties": {"NAME": "Canyon Ranch", "IDENT": "TE37", "TYPE_CODE": "AD", "SERVCITY": "SONORA", "ELEVATION": 2306, "LATITUDE": "30-16-08.7030N", "LONGITUDE": "100-27-03.3150W"}}, {"type": "Feature", "geometry": {"type": "Point", "coordinates": [-100.44419955078922, 30.56837197890674]}, "properties": {"NAME": "Jl Bar Ranch", "IDENT": "9TE2", "TYPE_CODE": "AD", "SERVCITY": "SONORA", "ELEVATION": 2344, "LATITUDE": "30-34-06.1205N", "LONGITUDE": "100-26-39.0885W"}}, {"type": "Feature", "geometry": {"type": "Point", "coordinates": [-100.53125832098877, 30.5554565561839]}, "properties": {"NAME": "John Fields Ranch", "IDENT": "0XS2", "TYPE_CODE": "AD", "SERVCITY": "SONORA", "ELEVATION": 2342, "LATITUDE": "30-33-19.6250N", "LONGITUDE": "100-31-52.5000W"}}, {"type": "Feature", "geometry": {"type": "Point", "coordinates": [-100.64856390658781, 30.585699612348233]}, "properties": {"NAME": "Sonora Muni", "IDENT": "SOA", "TYPE_CODE": "AD", "SERVCITY": "SONORA", "ELEVATION": 2139.9, "LATITUDE": "30-35-08.5000N", "LONGITUDE": "100-38-54.8000W"}}, {"type": "Feature", "geometry": {"type": "Point", "coordinates": [-101.19450886035396, 36.22100612692374]}, "properties": {"NAME": "Major Samuel B Cornelius Fld", "IDENT": "E42", "TYPE_CODE": "AD", "SERVCITY": "SPEARMAN", "ELEVATION": 3090, "LATITUDE": "36-13-15.6000N", "LONGITUDE": "101-11-40.2000W"}}, {"type": "Feature", "geometry": {"type": "Point", "coordinates": [-98.1214438409967, 30.473787185988193]}, "properties": {"NAME": "Spicewood", "IDENT": "88R", "TYPE_CODE": "AD", "SERVCITY": "SPICEWOOD", "ELEVATION": 830, "LATITUDE": "30-28-25.6150N", "LONGITUDE": "098-07-17.1700W"}}, {"type": "Feature", "geometry": {"type": "Point", "coordinates": [-98.17419330118084, 30.516864415394366]}, "properties": {"NAME": "Flying X River Ranch", "IDENT": "8TA3", "TYPE_CODE": "AD", "SERVCITY": "SPICEWOOD", "ELEVATION": 820, "LATITUDE": "30-31-00.6930N", "LONGITUDE": "098-10-27.0680W"}}, {"type": "Feature", "geometry": {"type": "Point", "coordinates": [-99.73417492954415, 32.91047785420763]}, "properties": {"NAME": "Arledge Fld", "IDENT": "F56", "TYPE_CODE": "AD", "SERVCITY": "STAMFORD", "ELEVATION": 1560.8, "LATITUDE": "32-54-37.7000N", "LONGITUDE": "099-44-03.0000W"}}, {"type": "Feature", "geometry": {"type": "Point", "coordinates": [-101.82248093944366, 32.1735884642252]}, "properties": {"NAME": "Stanton Muni", "IDENT": "63F", "TYPE_CODE": "AD", "SERVCITY": "STANTON", "ELEVATION": 2731, "LATITUDE": "32-10-24.8990N", "LONGITUDE": "101-49-20.9000W"}}, {"type": "Feature", "geometry": {"type": "Point", "coordinates": [-98.32111894085774, 31.448338754506565]}, "properties": {"NAME": "McCasland Ranch", "IDENT": "49XS", "TYPE_CODE": "AD", "SERVCITY": "STAR", "ELEVATION": 1370, "LATITUDE": "31-26-54.0000N", "LONGITUDE": "098-19-16.0000W"}}, {"type": "Feature", "geometry": {"type": "Point", "coordinates": [-98.17767450444252, 32.21533890512486]}, "properties": {"NAME": "Stephenville Clark Rgnl", "IDENT": "SEP", "TYPE_CODE": "AD", "SERVCITY": "STEPHENVILLE", "ELEVATION": 1321.4, "LATITUDE": "32-12-55.2000N", "LONGITUDE": "098-10-39.6000W"}}, {"type": "Feature", "geometry": {"type": "Point", "coordinates": [-98.25505231440748, 32.44875033446322]}, "properties": {"NAME": "Kimzey", "IDENT": "17TX", "TYPE_CODE": "AD", "SERVCITY": "STEPHENVILLE", "ELEVATION": 1100, "LATITUDE": "32-26-55.4810N", "LONGITUDE": "098-15-18.1600W"}}, {"type": "Feature", "geometry": {"type": "Point", "coordinates": [-100.96953626222856, 31.64361646079771]}, "properties": {"NAME": "Alvie Cole Ranch", "IDENT": "TS95", "TYPE_CODE": "AD", "SERVCITY": "STERLING CITY", "ELEVATION": 2444, "LATITUDE": "31-38-37.0000N", "LONGITUDE": "100-58-10.3000W"}}, {"type": "Feature", "geometry": {"type": "Point", "coordinates": [-100.8716195867894, 31.903033178822458]}, "properties": {"NAME": "Bodine", "IDENT": "96TE", "TYPE_CODE": "AD", "SERVCITY": "STERLING CITY", "ELEVATION": 2623, "LATITUDE": "31-54-10.9000N", "LONGITUDE": "100-52-17.8000W"}}, {"type": "Feature", "geometry": {"type": "Point", "coordinates": [-97.87167538831422, 29.22052555997836]}, "properties": {"NAME": "Bailey", "IDENT": "2TS8", "TYPE_CODE": "AD", "SERVCITY": "STOCKDALE", "ELEVATION": 452, "LATITUDE": "29-13-13.8740N", "LONGITUDE": "097-52-18.0040W"}}, {"type": "Feature", "geometry": {"type": "Point", "coordinates": [-98.59475366898074, 30.252103792633214]}, "properties": {"NAME": "Redstone Ranch", "IDENT": "TS76", "TYPE_CODE": "AD", "SERVCITY": "STONEWALL", "ELEVATION": 1460, "LATITUDE": "30-15-07.5550N", "LONGITUDE": "098-35-41.0850W"}}, {"type": "Feature", "geometry": {"type": "Point", "coordinates": [-100.2786194729877, 32.38417218017742]}, "properties": {"NAME": "Rafter P", "IDENT": "TA00", "TYPE_CODE": "AD", "SERVCITY": "SWEETWATER", "ELEVATION": 2190, "LATITUDE": "32-23-03.0000N", "LONGITUDE": "100-16-43.0000W"}}, {"type": "Feature", "geometry": {"type": "Point", "coordinates": [-101.8193976694324, 33.18100558431139]}, "properties": {"NAME": "T-Bar", "IDENT": "2F4", "TYPE_CODE": "AD", "SERVCITY": "TAHOKA", "ELEVATION": 3126, "LATITUDE": "33-10-51.6000N", "LONGITUDE": "101-49-09.8000W"}}, {"type": "Feature", "geometry": {"type": "Point", "coordinates": [-97.44320201014477, 30.572644175337945]}, "properties": {"NAME": "Taylor Muni", "IDENT": "T74", "TYPE_CODE": "AD", "SERVCITY": "TAYLOR", "ELEVATION": 600, "LATITUDE": "30-34-21.5000N", "LONGITUDE": "097-26-35.5000W"}}, {"type": "Feature", "geometry": {"type": "Point", "coordinates": [-97.41982144742187, 30.534527501733]}, "properties": {"NAME": "Macho Grande", "IDENT": "41XS", "TYPE_CODE": "AD", "SERVCITY": "TAYLOR", "ELEVATION": 596, "LATITUDE": "30-32-04.2800N", "LONGITUDE": "097-25-11.3300W"}}, {"type": "Feature", "geometry": {"type": "Point", "coordinates": [-97.41278533348539, 30.510560831292402]}, "properties": {"NAME": "Luv Fld", "IDENT": "47XA", "TYPE_CODE": "AD", "SERVCITY": "TAYLOR", "ELEVATION": 540, "LATITUDE": "30-30-38.0000N", "LONGITUDE": "097-24-46.0000W"}}, {"type": "Feature", "geometry": {"type": "Point", "coordinates": [-96.31050733702843, 31.66175554254483]}, "properties": {"NAME": "Teague Muni", "IDENT": "68F", "TYPE_CODE": "AD", "SERVCITY": "TEAGUE", "ELEVATION": 525, "LATITUDE": "31-39-42.3000N", "LONGITUDE": "096-18-37.8000W"}}, {"type": "Feature", "geometry": {"type": "Point", "coordinates": [-97.40767053069672, 31.151905817513583]}, "properties": {"NAME": "Draughon-Miller Central Texas Rgnl", "IDENT": "TPL", "TYPE_CODE": "AD", "SERVCITY": "TEMPLE", "ELEVATION": 682.3000000000001, "LATITUDE": "31-09-06.8415N", "LONGITUDE": "097-24-27.5866W"}}, {"type": "Feature", "geometry": {"type": "Point", "coordinates": [-97.40723842176725, 31.193513741588305]}, "properties": {"NAME": "Charping", "IDENT": "5TA1", "TYPE_CODE": "AD", "SERVCITY": "TEMPLE", "ELEVATION": 683, "LATITUDE": "31-11-36.6300N", "LONGITUDE": "097-24-26.0310W"}}, {"type": "Feature", "geometry": {"type": "Point", "coordinates": [-97.42668398374413, 31.214624022918873]}, "properties": {"NAME": "Little Peach", "IDENT": "TS92", "TYPE_CODE": "AD", "SERVCITY": "TEMPLE", "ELEVATION": 710, "LATITUDE": "31-12-52.6270N", "LONGITUDE": "097-25-36.0350W"}}, {"type": "Feature", "geometry": {"type": "Point", "coordinates": [-99.14977063670952, 33.18000987427137]}, "properties": {"NAME": "Throckmorton Muni", "IDENT": "72F", "TYPE_CODE": "AD", "SERVCITY": "THROCKMORTON", "ELEVATION": 1273, "LATITUDE": "33-10-48.0150N", "LONGITUDE": "099-08-59.1450W"}}, {"type": "Feature", "geometry": {"type": "Point", "coordinates": [-98.38366818339082, 32.50013672750374]}, "properties": {"NAME": "Thurber Lake", "IDENT": "24TX", "TYPE_CODE": "AD", "SERVCITY": "THURBER", "ELEVATION": 1092, "LATITUDE": "32-30-00.4720N", "LONGITUDE": "098-23-01.1770W"}}, {"type": "Feature", "geometry": {"type": "Point", "coordinates": [-98.55278551647837, 28.246115898159868]}, "properties": {"NAME": "Arrowhead Ranch", "IDENT": "TE63", "TYPE_CODE": "AD", "SERVCITY": "TILDEN", "ELEVATION": 296, "LATITUDE": "28-14-46.0000N", "LONGITUDE": "098-33-10.0000W"}}, {"type": "Feature", "geometry": {"type": "Point", "coordinates": [-96.83278535322883, 33.452228083937364]}, "properties": {"NAME": "Mc Manus Fld", "IDENT": "8XS6", "TYPE_CODE": "AD", "SERVCITY": "TIOGA", "ELEVATION": 695, "LATITUDE": "33-27-08.0000N", "LONGITUDE": "096-49-58.0000W"}}, {"type": "Feature", "geometry": {"type": "Point", "coordinates": [-95.56360724227346, 33.32167256059648]}, "properties": {"NAME": "Chuckster", "IDENT": "XA17", "TYPE_CODE": "AD", "SERVCITY": "TIRA", "ELEVATION": 475, "LATITUDE": "33-19-18.0000N", "LONGITUDE": "095-33-48.9600W"}}, {"type": "Feature", "geometry": {"type": "Point", "coordinates": [-95.6516184794515, 30.09216747699982]}, "properties": {"NAME": "Field's Fld", "IDENT": "7TA0", "TYPE_CODE": "AD", "SERVCITY": "TOMBALL", "ELEVATION": 198, "LATITUDE": "30-05-31.7840N", "LONGITUDE": "095-39-05.8010W"}}, {"type": "Feature", "geometry": {"type": "Point", "coordinates": [-95.38945158686833, 32.40806128111644]}, "properties": {"NAME": "Walk-Air", "IDENT": "38XA", "TYPE_CODE": "AD", "SERVCITY": "TYLER", "ELEVATION": 474, "LATITUDE": "32-24-29.0000N", "LONGITUDE": "095-23-22.0000W"}}, {"type": "Feature", "geometry": {"type": "Point", "coordinates": [-98.27803828033822, 29.528911440488905]}, "properties": {"NAME": "Randolph AFB", "IDENT": "RND", "TYPE_CODE": "AD", "SERVCITY": "UNIVERSAL CITY", "ELEVATION": 760.9, "LATITUDE": "29-31-44.0630N", "LONGITUDE": "098-16-40.9100W"}}, {"type": "Feature", "geometry": {"type": "Point", "coordinates": [-99.48227691278764, 29.63495391963446]}, "properties": {"NAME": "Thunder Creek", "IDENT": "95TA", "TYPE_CODE": "AD", "SERVCITY": "UTOPIA", "ELEVATION": 1500, "LATITUDE": "29-38-05.8160N", "LONGITUDE": "099-28-56.1680W"}}, {"type": "Feature", "geometry": {"type": "Point", "coordinates": [-99.74359140114628, 29.211338272709416]}, "properties": {"NAME": "Garner Fld", "IDENT": "UVA", "TYPE_CODE": "AD", "SERVCITY": "UVALDE", "ELEVATION": 941.9, "LATITUDE": "29-12-40.8000N", "LONGITUDE": "099-44-36.9000W"}}, {"type": "Feature", "geometry": {"type": "Point", "coordinates": [-99.68367195322689, 29.450237487983646]}, "properties": {"NAME": "Annandale Ranch", "IDENT": "2XS7", "TYPE_CODE": "AD", "SERVCITY": "UVALDE", "ELEVATION": 1205, "LATITUDE": "29-27-00.8370N", "LONGITUDE": "099-41-01.1900W"}}, {"type": "Feature", "geometry": {"type": "Point", "coordinates": [-100.01498036786754, 29.487671650787657]}, "properties": {"NAME": "Los Cerrito", "IDENT": "62TX", "TYPE_CODE": "AD", "SERVCITY": "UVALDE", "ELEVATION": 1265, "LATITUDE": "29-29-15.6000N", "LONGITUDE": "100-00-53.9000W"}}, {"type": "Feature", "geometry": {"type": "Point", "coordinates": [-99.82695531096107, 29.227002161940323]}, "properties": {"NAME": "Benson Airstrip", "IDENT": "2XS8", "TYPE_CODE": "AD", "SERVCITY": "UVALDE", "ELEVATION": 929, "LATITUDE": "29-13-37.1900N", "LONGITUDE": "099-49-37.0100W"}}, {"type": "Feature", "geometry": {"type": "Point", "coordinates": [-99.26425517421576, 34.154258654145984]}, "properties": {"NAME": "Shivers Private", "IDENT": "53TA", "TYPE_CODE": "AD", "SERVCITY": "VERNON", "ELEVATION": 1215, "LATITUDE": "34-09-15.3100N", "LONGITUDE": "099-15-51.2890W"}}, {"type": "Feature", "geometry": {"type": "Point", "coordinates": [-99.36564658398898, 34.094536416693465]}, "properties": {"NAME": "Lockett", "IDENT": "29TX", "TYPE_CODE": "AD", "SERVCITY": "VERNON", "ELEVATION": 1282, "LATITUDE": "34-05-40.3100N", "LONGITUDE": "099-21-56.2980W"}}, {"type": "Feature", "geometry": {"type": "Point", "coordinates": [-99.28375824002876, 34.22567255481416]}, "properties": {"NAME": "Wilbarger County", "IDENT": "F05", "TYPE_CODE": "AD", "SERVCITY": "VERNON", "ELEVATION": 1264.7, "LATITUDE": "34-13-32.4000N", "LONGITUDE": "099-17-01.5000W"}}, {"type": "Feature", "geometry": {"type": "Point", "coordinates": [-96.9187390242338, 28.854210517038894]}, "properties": {"NAME": "Victoria Rgnl", "IDENT": "VCT", "TYPE_CODE": "AD", "SERVCITY": "VICTORIA", "ELEVATION": 115.10000000000001, "LATITUDE": "28-51-15.1400N", "LONGITUDE": "096-55-07.4340W"}}, {"type": "Feature", "geometry": {"type": "Point", "coordinates": [-93.9360133165815, 30.13438254517284]}, "properties": {"NAME": "Jenkins", "IDENT": "3XS4", "TYPE_CODE": "AD", "SERVCITY": "VIDOR", "ELEVATION": 15, "LATITUDE": "30-08-03.7580N", "LONGITUDE": "093-56-09.6240W"}}, {"type": "Feature", "geometry": {"type": "Point", "coordinates": [-94.43806235474354, 30.533338720695486]}, "properties": {"NAME": "Wildwood", "IDENT": "XA91", "TYPE_CODE": "AD", "SERVCITY": "VILLAGE MILLS", "ELEVATION": 118, "LATITUDE": "30-32-00.0000N", "LONGITUDE": "094-26-17.0000W"}}, {"type": "Feature", "geometry": {"type": "Point", "coordinates": [-98.67669559019664, 29.298019714485896]}, "properties": {"NAME": "Star Smith Fld", "IDENT": "3XS5", "TYPE_CODE": "AD", "SERVCITY": "VON ORMY", "ELEVATION": 662, "LATITUDE": "29-17-52.8530N", "LONGITUDE": "098-40-36.0760W"}}, {"type": "Feature", "geometry": {"type": "Point", "coordinates": [-97.23031312278627, 31.61219994037338]}, "properties": {"NAME": "Waco Rgnl", "IDENT": "ACT", "TYPE_CODE": "AD", "SERVCITY": "WACO", "ELEVATION": 516.1, "LATITUDE": "31-36-43.9000N", "LONGITUDE": "097-13-49.1000W"}}, {"type": "Feature", "geometry": {"type": "Point", "coordinates": [-97.02250501514396, 31.62378189589148]}, "properties": {"NAME": "Wings For Christ Intl Flt Academy", "IDENT": "73F", "TYPE_CODE": "AD", "SERVCITY": "WACO", "ELEVATION": 455, "LATITUDE": "31-37-25.5950N", "LONGITUDE": "097-01-20.9910W"}}, {"type": "Feature", "geometry": {"type": "Point", "coordinates": [-97.07414641791178, 31.63781106353939]}, "properties": {"NAME": "Tstc Waco", "IDENT": "CNW", "TYPE_CODE": "AD", "SERVCITY": "WACO", "ELEVATION": 470.2, "LATITUDE": "31-38-16.1000N", "LONGITUDE": "097-04-26.9000W"}}, {"type": "Feature", "geometry": {"type": "Point", "coordinates": [-97.31445203353499, 31.641949942732513]}, "properties": {"NAME": "Cougar Landing", "IDENT": "XA85", "TYPE_CODE": "AD", "SERVCITY": "WACO", "ELEVATION": 595, "LATITUDE": "31-38-31.0000N", "LONGITUDE": "097-18-52.0000W"}}, {"type": "Feature", "geometry": {"type": "Point", "coordinates": [-95.9304891009825, 29.992838031158975]}, "properties": {"NAME": "Skydive Houston", "IDENT": "37XA", "TYPE_CODE": "AD", "SERVCITY": "WALLER", "ELEVATION": 235, "LATITUDE": "29-59-34.1981N", "LONGITUDE": "095-55-49.7350W"}}, {"type": "Feature", "geometry": {"type": "Point", "coordinates": [-95.96389588462047, 29.930273822336083]}, "properties": {"NAME": "Pfeffer & Son Farms", "IDENT": "4XS0", "TYPE_CODE": "AD", "SERVCITY": "WALLER", "ELEVATION": 210, "LATITUDE": "29-55-48.9670N", "LONGITUDE": "095-57-49.9994W"}}, {"type": "Feature", "geometry": {"type": "Point", "coordinates": [-95.95452383005211, 29.99182189111764]}, "properties": {"NAME": "Zadow Air", "IDENT": "6XA4", "TYPE_CODE": "AD", "SERVCITY": "WALLER", "ELEVATION": 250, "LATITUDE": "29-59-30.5400N", "LONGITUDE": "095-57-16.2600W"}}, {"type": "Feature", "geometry": {"type": "Point", "coordinates": [-97.73781160799048, 32.061542228520565]}, "properties": {"NAME": "Bryant's Landing", "IDENT": "TS03", "TYPE_CODE": "AD", "SERVCITY": "WALNUT SPRINGS", "ELEVATION": 914, "LATITUDE": "32-03-41.5320N", "LONGITUDE": "097-44-16.0940W"}}, {"type": "Feature", "geometry": {"type": "Point", "coordinates": [-97.79484106622307, 32.061394448128986]}, "properties": {"NAME": "Flat Top Ranch", "IDENT": "74TE", "TYPE_CODE": "AD", "SERVCITY": "WALNUT SPRINGS", "ELEVATION": 959.5, "LATITUDE": "32-03-41.0000N", "LONGITUDE": "097-47-41.4000W"}}, {"type": "Feature", "geometry": {"type": "Point", "coordinates": [-98.79037175894682, 29.957024561380173]}, "properties": {"NAME": "Rust Fld", "IDENT": "8XS9", "TYPE_CODE": "AD", "SERVCITY": "WARING", "ELEVATION": 1331, "LATITUDE": "29-57-25.2700N", "LONGITUDE": "098-47-25.3100W"}}, {"type": "Feature", "geometry": {"type": "Point", "coordinates": [-96.75961014567565, 30.009352421513356]}, "properties": {"NAME": "Anchorage Farm Fld", "IDENT": "56TX", "TYPE_CODE": "AD", "SERVCITY": "WARRENTON", "ELEVATION": 440, "LATITUDE": "30-00-33.6500N", "LONGITUDE": "096-45-34.5700W"}}, {"type": "Feature", "geometry": {"type": "Point", "coordinates": [-96.84639501948615, 32.48653317945324]}, "properties": {"NAME": "Moonbow Fld", "IDENT": "25XS", "TYPE_CODE": "AD", "SERVCITY": "WAXAHACHIE", "ELEVATION": 650, "LATITUDE": "32-29-11.4990N", "LONGITUDE": "096-50-46.9950W"}}, {"type": "Feature", "geometry": {"type": "Point", "coordinates": [-96.87334084841798, 32.2997278647284]}, "properties": {"NAME": "George P Shanks", "IDENT": "54TA", "TYPE_CODE": "AD", "SERVCITY": "WAXAHACHIE", "ELEVATION": 610, "LATITUDE": "32-17-59.0000N", "LONGITUDE": "096-52-24.0000W"}}, {"type": "Feature", "geometry": {"type": "Point", "coordinates": [-96.78990050436101, 32.47248517916146]}, "properties": {"NAME": "Barstool Ranch", "IDENT": "51TE", "TYPE_CODE": "AD", "SERVCITY": "WAXAHACHIE", "ELEVATION": 555, "LATITUDE": "32-28-20.9262N", "LONGITUDE": "096-47-23.6148W"}}, {"type": "Feature", "geometry": {"type": "Point", "coordinates": [-101.57879661918196, 34.83756143381572]}, "properties": {"NAME": "Mc Neill Ranch", "IDENT": "6TE7", "TYPE_CODE": "AD", "SERVCITY": "WAYSIDE", "ELEVATION": 3413, "LATITUDE": "34-50-15.2000N", "LONGITUDE": "101-34-43.6360W"}}, {"type": "Feature", "geometry": {"type": "Point", "coordinates": [-99.85176911791615, 32.81123033105386]}, "properties": {"NAME": "J Bar Wc Ranch", "IDENT": "54TS", "TYPE_CODE": "AD", "SERVCITY": "WEATHERFORD", "ELEVATION": 1235, "LATITUDE": "32-48-40.4090N", "LONGITUDE": "099-51-06.3390W"}}, {"type": "Feature", "geometry": {"type": "Point", "coordinates": [-97.78364971047543, 32.674581230877294]}, "properties": {"NAME": "Post Oak Airfield", "IDENT": "TA19", "TYPE_CODE": "AD", "SERVCITY": "WEATHERFORD", "ELEVATION": 1020, "LATITUDE": "32-40-28.4720N", "LONGITUDE": "097-47-01.1110W"}}, {"type": "Feature", "geometry": {"type": "Point", "coordinates": [-97.93415363566623, 32.65126955302029]}, "properties": {"NAME": "Tailspin Estates", "IDENT": "58TX", "TYPE_CODE": "AD", "SERVCITY": "BROCK", "ELEVATION": 830, "LATITUDE": "32-39-04.5500N", "LONGITUDE": "097-56-02.9250W"}}, {"type": "Feature", "geometry": {"type": "Point", "coordinates": [-96.44832552871743, 33.37845058730458]}, "properties": {"NAME": "Flying T Ranch", "IDENT": "41TS", "TYPE_CODE": "AD", "SERVCITY": "WESTMINSTER", "ELEVATION": 705, "LATITUDE": "33-22-42.4010N", "LONGITUDE": "096-26-53.9450W"}}, {"type": "Feature", "geometry": {"type": "Point", "coordinates": [-96.48860442812956, 33.39650558890205]}, "properties": {"NAME": "Baylie", "IDENT": "66XS", "TYPE_CODE": "AD", "SERVCITY": "WESTMINSTER", "ELEVATION": 685, "LATITUDE": "33-23-47.3990N", "LONGITUDE": "096-29-18.9490W"}}, {"type": "Feature", "geometry": {"type": "Point", "coordinates": [-96.00725297728592, 29.264400907254664]}, "properties": {"NAME": "Gav Air", "IDENT": "94R", "TYPE_CODE": "AD", "SERVCITY": "WHARTON", "ELEVATION": 90, "LATITUDE": "29-15-51.8250N", "LONGITUDE": "096-00-26.0850W"}}, {"type": "Feature", "geometry": {"type": "Point", "coordinates": [-96.15439607018946, 29.254282845367005]}, "properties": {"NAME": "Wharton Rgnl", "IDENT": "ARM", "TYPE_CODE": "AD", "SERVCITY": "WHARTON", "ELEVATION": 100, "LATITUDE": "29-15-15.4000N", "LONGITUDE": "096-09-15.8000W"}}, {"type": "Feature", "geometry": {"type": "Point", "coordinates": [-100.19992522296948, 35.45108938605921]}, "properties": {"NAME": "Wheeler Muni", "IDENT": "T59", "TYPE_CODE": "AD", "SERVCITY": "WHEELER", "ELEVATION": 2469.9, "LATITUDE": "35-27-03.9000N", "LONGITUDE": "100-11-59.7000W"}}, {"type": "Feature", "geometry": {"type": "Point", "coordinates": [-98.49191358364081, 33.98880588363016]}, "properties": {"NAME": "Sheppard AFB/Wichita Falls Muni", "IDENT": "SPS", "TYPE_CODE": "AD", "SERVCITY": "WICHITA FALLS", "ELEVATION": 1019.1, "LATITUDE": "33-59-19.6800N", "LONGITUDE": "098-29-30.8600W"}}, {"type": "Feature", "geometry": {"type": "Point", "coordinates": [-93.80296610599088, 31.121864419908828]}, "properties": {"NAME": "Scrappin Valley", "IDENT": "4XS5", "TYPE_CODE": "AD", "SERVCITY": "WIERGATE", "ELEVATION": 350, "LATITUDE": "31-07-18.6920N", "LONGITUDE": "093-48-10.6540W"}}, {"type": "Feature", "geometry": {"type": "Point", "coordinates": [-95.53995041317187, 30.480208115413337]}, "properties": {"NAME": "Gdap Air Ranch", "IDENT": "97TS", "TYPE_CODE": "AD", "SERVCITY": "WILLIS", "ELEVATION": 300, "LATITUDE": "30-28-48.7300N", "LONGITUDE": "095-32-23.7960W"}}, {"type": "Feature", "geometry": {"type": "Point", "coordinates": [-98.66143091518298, 30.39186742819762]}, "properties": {"NAME": "H Young Ranch", "IDENT": "4XS6", "TYPE_CODE": "AD", "SERVCITY": "WILLOW CITY", "ELEVATION": 1700, "LATITUDE": "30-23-30.7040N", "LONGITUDE": "098-39-41.1230W"}}, {"type": "Feature", "geometry": {"type": "Point", "coordinates": [-95.98414620051041, 32.681422420106614]}, "properties": {"NAME": "Van Zandt County Rgnl", "IDENT": "76F", "TYPE_CODE": "AD", "SERVCITY": "WILLS POINT", "ELEVATION": 522, "LATITUDE": "32-40-53.1000N", "LONGITUDE": "095-59-02.9000W"}}, {"type": "Feature", "geometry": {"type": "Point", "coordinates": [-96.04396010879303, 32.74845020741653]}, "properties": {"NAME": "Richie Rich", "IDENT": "8TE1", "TYPE_CODE": "AD", "SERVCITY": "WILLS POINT", "ELEVATION": 497, "LATITUDE": "32-44-54.4000N", "LONGITUDE": "096-02-38.2300W"}}, {"type": "Feature", "geometry": {"type": "Point", "coordinates": [-98.0405104657217, 30.011374598667224]}, "properties": {"NAME": "White Wings", "IDENT": "3TS1", "TYPE_CODE": "AD", "SERVCITY": "WIMBERLEY", "ELEVATION": 1083, "LATITUDE": "30-00-40.9300N", "LONGITUDE": "098-02-25.8100W"}}, {"type": "Feature", "geometry": {"type": "Point", "coordinates": [-98.04334935457624, 29.993274595015407]}, "properties": {"NAME": "Restoration Ranch", "IDENT": "70XS", "TYPE_CODE": "AD", "SERVCITY": "WIMBERLEY", "ELEVATION": 840, "LATITUDE": "29-59-35.7700N", "LONGITUDE": "098-02-36.0300W"}}, {"type": "Feature", "geometry": {"type": "Point", "coordinates": [-100.15982554126394, 32.14958353181252]}, "properties": {"NAME": "Flying W", "IDENT": "TE08", "TYPE_CODE": "AD", "SERVCITY": "WINGATE", "ELEVATION": 2200, "LATITUDE": "32-08-58.4810N", "LONGITUDE": "100-09-35.3420W"}}, {"type": "Feature", "geometry": {"type": "Point", "coordinates": [-103.20170345932758, 31.779810835579397]}, "properties": {"NAME": "Winkler County", "IDENT": "INK", "TYPE_CODE": "AD", "SERVCITY": "WINK", "ELEVATION": 2821.6, "LATITUDE": "31-46-47.3000N", "LONGITUDE": "103-12-06.1000W"}}, {"type": "Feature", "geometry": {"type": "Point", "coordinates": [-94.3531984125229, 29.85597469523137]}, "properties": {"NAME": "Griffith Ranch", "IDENT": "TE73", "TYPE_CODE": "AD", "SERVCITY": "WINNIE", "ELEVATION": 15.6, "LATITUDE": "29-51-21.4900N", "LONGITUDE": "094-21-11.4900W"}}, {"type": "Feature", "geometry": {"type": "Point", "coordinates": [-95.57750722336378, 32.95389471168362]}, "properties": {"NAME": "Marlin's Meadow", "IDENT": "XS48", "TYPE_CODE": "AD", "SERVCITY": "YANTIS", "ELEVATION": 490, "LATITUDE": "32-57-14.0000N", "LONGITUDE": "095-34-39.0000W"}}, {"type": "Feature", "geometry": {"type": "Point", "coordinates": [-97.13842409862444, 29.31317171387323]}, "properties": {"NAME": "Yoakum Muni", "IDENT": "T85", "TYPE_CODE": "AD", "SERVCITY": "YOAKUM", "ELEVATION": 365.40000000000003, "LATITUDE": "29-18-47.4000N", "LONGITUDE": "097-08-18.3000W"}}, {"type": "Feature", "geometry": {"type": "Point", "coordinates": [-97.14471576816726, 29.35858255580568]}, "properties": {"NAME": "Pearson Ranch Private", "IDENT": "5TA3", "TYPE_CODE": "AD", "SERVCITY": "YOAKUM", "ELEVATION": 350, "LATITUDE": "29-21-30.8790N", "LONGITUDE": "097-08-40.9500W"}}, {"type": "Feature", "geometry": {"type": "Point", "coordinates": [-99.24891619562601, 26.968790620058094]}, "properties": {"NAME": "Zapata County", "IDENT": "APY", "TYPE_CODE": "AD", "SERVCITY": "ZAPATA", "ELEVATION": 422.1, "LATITUDE": "26-58-07.6300N", "LONGITUDE": "099-14-56.0700W"}}, {"type": "Feature", "geometry": {"type": "Point", "coordinates": [-97.8725416715711, 32.57291787404589]}, "properties": {"NAME": "Horseshoe Bend", "IDENT": "F78", "TYPE_CODE": "AD", "SERVCITY": "WEATHERFORD", "ELEVATION": 715, "LATITUDE": "32-34-22.4840N", "LONGITUDE": "097-52-21.1220W"}}, {"type": "Feature", "geometry": {"type": "Point", "coordinates": [-97.74753721262184, 32.85818682169401]}, "properties": {"NAME": "Cross Wind", "IDENT": "08TX", "TYPE_CODE": "AD", "SERVCITY": "WEATHERFORD", "ELEVATION": 1040, "LATITUDE": "32-51-29.4520N", "LONGITUDE": "097-44-51.1060W"}}, {"type": "Feature", "geometry": {"type": "Point", "coordinates": [-97.77948333079472, 32.82846542576305]}, "properties": {"NAME": "Flying K", "IDENT": "6TA7", "TYPE_CODE": "AD", "SERVCITY": "WEATHERFORD", "ELEVATION": 1150, "LATITUDE": "32-49-42.4550N", "LONGITUDE": "097-46-46.1120W"}}, {"type": "Feature", "geometry": {"type": "Point", "coordinates": [-97.68245993949391, 32.746292386656584]}, "properties": {"NAME": "Parker County", "IDENT": "WEA", "TYPE_CODE": "AD", "SERVCITY": "WEATHERFORD", "ELEVATION": 991.2, "LATITUDE": "32-44-46.6321N", "LONGITUDE": "097-40-56.8279W"}}, {"type": "Feature", "geometry": {"type": "Point", "coordinates": [-97.80749943296675, 32.566980653728734]}, "properties": {"NAME": "Driftwood Ranch", "IDENT": "XA86", "TYPE_CODE": "AD", "SERVCITY": "WEATHERFORD", "ELEVATION": 711, "LATITUDE": "32-34-01.1100N", "LONGITUDE": "097-48-26.9700W"}}, {"type": "Feature", "geometry": {"type": "Point", "coordinates": [-100.19519953621698, 34.8448715891465]}, "properties": {"NAME": "Marian Airpark", "IDENT": "F06", "TYPE_CODE": "AD", "SERVCITY": "WELLINGTON", "ELEVATION": 2009, "LATITUDE": "34-50-41.5163N", "LONGITUDE": "100-11-42.6877W"}}, {"type": "Feature", "geometry": {"type": "Point", "coordinates": [-100.12032793749475, 34.89181151800964]}, "properties": {"NAME": "Mill Iron Ranch South", "IDENT": "36XS", "TYPE_CODE": "AD", "SERVCITY": "WELLINGTON", "ELEVATION": 2097, "LATITUDE": "34-53-30.5000N", "LONGITUDE": "100-07-13.1500W"}}, {"type": "Feature", "geometry": {"type": "Point", "coordinates": [-100.02723069852128, 34.96806153583788]}, "properties": {"NAME": "Mill Iron Ranch North", "IDENT": "0TX4", "TYPE_CODE": "AD", "SERVCITY": "WELLINGTON", "ELEVATION": 2037, "LATITUDE": "34-58-05.0000N", "LONGITUDE": "100-01-38.0000W"}}, {"type": "Feature", "geometry": {"type": "Point", "coordinates": [-97.97401391480622, 26.178711877801867]}, "properties": {"NAME": "Mid Valley", "IDENT": "TXW", "TYPE_CODE": "AD", "SERVCITY": "WESLACO", "ELEVATION": 69.9, "LATITUDE": "26-10-43.3470N", "LONGITUDE": "097-58-26.4230W"}}, {"type": "Feature", "geometry": {"type": "Point", "coordinates": [-96.86982426902473, 33.72130868828123]}, "properties": {"NAME": "Margaritaville", "IDENT": "68XS", "TYPE_CODE": "AD", "SERVCITY": "WHITESBORO", "ELEVATION": 750, "LATITUDE": "33-43-16.6900N", "LONGITUDE": "096-52-11.3400W"}}, {"type": "Feature", "geometry": {"type": "Point", "coordinates": [-96.83025481607392, 33.753408696037454]}, "properties": {"NAME": "Brushy Creek", "IDENT": "69XS", "TYPE_CODE": "AD", "SERVCITY": "WHITESBORO", "ELEVATION": 715, "LATITUDE": "33-45-12.2500N", "LONGITUDE": "096-49-48.8900W"}}, {"type": "Feature", "geometry": {"type": "Point", "coordinates": [-96.92806929513846, 33.89316316138133]}, "properties": {"NAME": "U U Ranch", "IDENT": "TA80", "TYPE_CODE": "AD", "SERVCITY": "WHITESBORO", "ELEVATION": 740, "LATITUDE": "33-53-35.3660N", "LONGITUDE": "096-55-41.0220W"}}, {"type": "Feature", "geometry": {"type": "Point", "coordinates": [-96.94097844716137, 33.63043227919201]}, "properties": {"NAME": "Flying H Ranch", "IDENT": "T29", "TYPE_CODE": "AD", "SERVCITY": "WHITESBORO", "ELEVATION": 760, "LATITUDE": "33-37-49.5350N", "LONGITUDE": "096-56-27.4950W"}}, {"type": "Feature", "geometry": {"type": "Point", "coordinates": [-97.41696763518578, 32.00015945210407]}, "properties": {"NAME": "Lake Whitney Country Club", "IDENT": "37XS", "TYPE_CODE": "AD", "SERVCITY": "WHITNEY", "ELEVATION": 627, "LATITUDE": "32-00-00.5540N", "LONGITUDE": "097-25-01.0560W"}}, {"type": "Feature", "geometry": {"type": "Point", "coordinates": [-97.33112983679024, 32.020436126496826]}, "properties": {"NAME": "Rocking A", "IDENT": "78TE", "TYPE_CODE": "AD", "SERVCITY": "WHITNEY", "ELEVATION": 635, "LATITUDE": "32-01-13.5500N", "LONGITUDE": "097-19-52.0400W"}}, {"type": "Feature", "geometry": {"type": "Point", "coordinates": [-98.01189673052005, 32.968644608577016]}, "properties": {"NAME": "Rock Creek Ranch", "IDENT": "TX71", "TYPE_CODE": "AD", "SERVCITY": "WHITT", "ELEVATION": 1130, "LATITUDE": "32-58-07.1000N", "LONGITUDE": "098-00-42.8000W"}}, {"type": "Feature", "geometry": {"type": "Point", "coordinates": [-98.61615572270463, 33.9476163423472]}, "properties": {"NAME": "Wichita Valley", "IDENT": "F14", "TYPE_CODE": "AD", "SERVCITY": "WICHITA FALLS", "ELEVATION": 1005.1, "LATITUDE": "33-56-51.3977N", "LONGITUDE": "098-36-58.1316W"}}, {"type": "Feature", "geometry": {"type": "Point", "coordinates": [-98.5727608148697, 33.82877251802911]}, "properties": {"NAME": "Danaher", "IDENT": "7TX0", "TYPE_CODE": "AD", "SERVCITY": "WICHITA FALLS", "ELEVATION": 985.5, "LATITUDE": "33-49-43.5600N", "LONGITUDE": "098-34-21.9100W"}}, {"type": "Feature", "geometry": {"type": "Point", "coordinates": [-98.42700245957595, 34.04855034144449]}, "properties": {"NAME": "Klinkerman", "IDENT": "52XA", "TYPE_CODE": "AD", "SERVCITY": "WICHITA FALLS", "ELEVATION": 1040, "LATITUDE": "34-02-54.7600N", "LONGITUDE": "098-25-37.1800W"}}, {"type": "Feature", "geometry": {"type": "Point", "coordinates": [-98.49040662955709, 33.86062252763744]}, "properties": {"NAME": "Kickapoo Downtown", "IDENT": "CWC", "TYPE_CODE": "AD", "SERVCITY": "WICHITA FALLS", "ELEVATION": 1003, "LATITUDE": "33-51-38.2200N", "LONGITUDE": "098-29-25.4350W"}}, {"type": "Feature", "geometry": {"type": "Point", "coordinates": [-94.43107343106135, 29.81891912992187]}, "properties": {"NAME": "Chambers County/Winnie Stowell", "IDENT": "T90", "TYPE_CODE": "AD", "SERVCITY": "WINNIE/STOWELL", "ELEVATION": 24.2, "LATITUDE": "29-49-08.0900N", "LONGITUDE": "094-25-51.8400W"}}, {"type": "Feature", "geometry": {"type": "Point", "coordinates": [-94.51102900708189, 29.826008017688274]}, "properties": {"NAME": "Xl Ranch", "IDENT": "77XA", "TYPE_CODE": "AD", "SERVCITY": "WINNIE", "ELEVATION": 37, "LATITUDE": "29-49-33.6100N", "LONGITUDE": "094-30-39.6800W"}}, {"type": "Feature", "geometry": {"type": "Point", "coordinates": [-95.27887464542181, 32.93883194353423]}, "properties": {"NAME": "Winnsboro Muni", "IDENT": "F51", "TYPE_CODE": "AD", "SERVCITY": "WINNSBORO", "ELEVATION": 513.4, "LATITUDE": "32-56-19.7740N", "LONGITUDE": "095-16-43.9230W"}}, {"type": "Feature", "geometry": {"type": "Point", "coordinates": [-95.16578764490353, 32.47348352507919]}, "properties": {"NAME": "Kay Ranch", "IDENT": "TA61", "TYPE_CODE": "AD", "SERVCITY": "WINONA", "ELEVATION": 315, "LATITUDE": "32-28-24.5200N", "LONGITUDE": "095-09-56.8100W"}}, {"type": "Feature", "geometry": {"type": "Point", "coordinates": [-99.98585832134498, 31.947199640281653]}, "properties": {"NAME": "Winters Muni", "IDENT": "77F", "TYPE_CODE": "AD", "SERVCITY": "WINTERS", "ELEVATION": 1871, "LATITUDE": "31-56-49.8991N", "LONGITUDE": "099-59-09.0602W"}}, {"type": "Feature", "geometry": {"type": "Point", "coordinates": [-96.06692348234158, 33.31678364856276]}, "properties": {"NAME": "Magee", "IDENT": "42TX", "TYPE_CODE": "AD", "SERVCITY": "WOLFE CITY", "ELEVATION": 620, "LATITUDE": "33-19-00.4000N", "LONGITUDE": "096-04-00.8980W"}}, {"type": "Feature", "geometry": {"type": "Point", "coordinates": [-102.01001328367326, 33.39395538995873]}, "properties": {"NAME": "Southwest Lubbock", "IDENT": "T96", "TYPE_CODE": "AD", "SERVCITY": "WOLFFORTH", "ELEVATION": 3265, "LATITUDE": "33-23-38.2192N", "LONGITUDE": "102-00-36.0160W"}}, {"type": "Feature", "geometry": {"type": "Point", "coordinates": [-97.00222985253065, 33.64333922279845]}, "properties": {"NAME": "Three Acres", "IDENT": "80XS", "TYPE_CODE": "AD", "SERVCITY": "WOODBINE", "ELEVATION": 775, "LATITUDE": "33-38-36.0000N", "LONGITUDE": "097-00-08.0000W"}}, {"type": "Feature", "geometry": {"type": "Point", "coordinates": [-94.45853931571396, 30.775205992277968]}, "properties": {"NAME": "Tyler County", "IDENT": "09R", "TYPE_CODE": "AD", "SERVCITY": "WOODVILLE", "ELEVATION": 388, "LATITUDE": "30-46-30.7220N", "LONGITUDE": "094-27-30.7170W"}}, {"type": "Feature", "geometry": {"type": "Point", "coordinates": [-94.92799875208357, 33.44031705507109]}, "properties": {"NAME": "Circle Wc Ranch", "IDENT": "6TE4", "TYPE_CODE": "AD", "SERVCITY": "BOGATA", "ELEVATION": 320, "LATITUDE": "33-26-25.1200N", "LONGITUDE": "094-55-40.7700W"}}, {"type": "Feature", "geometry": {"type": "Point", "coordinates": [-100.89720280953985, 29.675324432667544]}, "properties": {"NAME": "Indianhead Ranch", "IDENT": "1TS9", "TYPE_CODE": "AD", "SERVCITY": "DEL RIO", "ELEVATION": 1545, "LATITUDE": "29-40-31.1500N", "LONGITUDE": "100-53-49.9000W"}}, {"type": "Feature", "geometry": {"type": "Point", "coordinates": [-101.08335035421383, 34.36167526667266]}, "properties": {"NAME": "Henson Farms", "IDENT": "3TS5", "TYPE_CODE": "AD", "SERVCITY": "QUITAGUE", "ELEVATION": 2650, "LATITUDE": "34-21-42.0100N", "LONGITUDE": "101-05-00.0300W"}}, {"type": "Feature", "geometry": {"type": "Point", "coordinates": [-98.18581327723675, 29.95933847230972]}, "properties": {"NAME": "4 S Ranch", "IDENT": "TS25", "TYPE_CODE": "AD", "SERVCITY": "WIMBERLY", "ELEVATION": 944, "LATITUDE": "29-57-33.6000N", "LONGITUDE": "098-11-08.9000W"}}, {"type": "Feature", "geometry": {"type": "Point", "coordinates": [-100.68409162799122, 29.237171579931147]}, "properties": {"NAME": "Rio Pinto Ranch", "IDENT": "1TA8", "TYPE_CODE": "AD", "SERVCITY": "BRACKETVILLE", "ELEVATION": 935, "LATITUDE": "29-14-13.8000N", "LONGITUDE": "100-41-02.7000W"}}, {"type": "Feature", "geometry": {"type": "Point", "coordinates": [-100.68715276586032, 29.811207799772387]}, "properties": {"NAME": "Mafrige Ranch Inc", "IDENT": "2TA9", "TYPE_CODE": "AD", "SERVCITY": "CARTA VALLEY", "ELEVATION": 1847, "LATITUDE": "29-48-40.3300N", "LONGITUDE": "100-41-13.7200W"}}, {"type": "Feature", "geometry": {"type": "Point", "coordinates": [-97.31986870740577, 31.74225551776818]}, "properties": {"NAME": "V-Bar", "IDENT": "4TA2", "TYPE_CODE": "AD", "SERVCITY": "CHINA SPRING", "ELEVATION": 565, "LATITUDE": "31-44-32.1000N", "LONGITUDE": "097-19-11.5000W"}}, {"type": "Feature", "geometry": {"type": "Point", "coordinates": [-98.46639675383112, 31.430977634413626]}, "properties": {"NAME": "Flying 7h Ranch", "IDENT": "TA76", "TYPE_CODE": "AD", "SERVCITY": "GOLDTHWAITE", "ELEVATION": 1570, "LATITUDE": "31-25-51.5000N", "LONGITUDE": "098-27-59.0000W"}}, {"type": "Feature", "geometry": {"type": "Point", "coordinates": [-96.546104613616, 31.565255514434693]}, "properties": {"NAME": "Fort Parker Flying Fld", "IDENT": "01TS", "TYPE_CODE": "AD", "SERVCITY": "GROESBECK", "ELEVATION": 500, "LATITUDE": "31-33-54.9000N", "LONGITUDE": "096-32-45.9500W"}}, {"type": "Feature", "geometry": {"type": "Point", "coordinates": [-95.54217098524113, 30.798322068268497]}, "properties": {"NAME": "Raven's Nest", "IDENT": "57TS", "TYPE_CODE": "AD", "SERVCITY": "HUNTSVILLE", "ELEVATION": 275, "LATITUDE": "30-47-53.9400N", "LONGITUDE": "095-32-31.7900W"}}, {"type": "Feature", "geometry": {"type": "Point", "coordinates": [-101.69137833046787, 35.07702257883092]}, "properties": {"NAME": "Evans Aerodrome", "IDENT": "XS39", "TYPE_CODE": "AD", "SERVCITY": "AMARILLO", "ELEVATION": 3545, "LATITUDE": "35-04-37.2600N", "LONGITUDE": "101-41-28.9300W"}}, {"type": "Feature", "geometry": {"type": "Point", "coordinates": [-97.95874381820701, 30.824391427020508]}, "properties": {"NAME": "Stiletto Airpark", "IDENT": "XS79", "TYPE_CODE": "AD", "SERVCITY": "BRIGGS", "ELEVATION": 1075, "LATITUDE": "30-49-27.7900N", "LONGITUDE": "097-57-31.4500W"}}, {"type": "Feature", "geometry": {"type": "Point", "coordinates": [-97.55922990158511, 32.15339447533232]}, "properties": {"NAME": "Goatneck", "IDENT": "13TX", "TYPE_CODE": "AD", "SERVCITY": "CLEBURNE", "ELEVATION": 575, "LATITUDE": "32-09-12.2000N", "LONGITUDE": "097-33-33.2000W"}}, {"type": "Feature", "geometry": {"type": "Point", "coordinates": [-97.67764659068263, 32.02167222345431]}, "properties": {"NAME": "Devil's Finger", "IDENT": "TX28", "TYPE_CODE": "AD", "SERVCITY": "MORGAN", "ELEVATION": 827, "LATITUDE": "32-01-18.0000N", "LONGITUDE": "097-40-39.5000W"}}, {"type": "Feature", "geometry": {"type": "Point", "coordinates": [-96.43183244953454, 33.07401414165809]}, "properties": {"NAME": "Nevada Airpark", "IDENT": "3TE3", "TYPE_CODE": "AD", "SERVCITY": "NEVADA", "ELEVATION": 600, "LATITUDE": "33-04-26.4300N", "LONGITUDE": "096-25-54.5700W"}}, {"type": "Feature", "geometry": {"type": "Point", "coordinates": [-100.09286121988102, 34.27894474658747]}, "properties": {"NAME": "Buckle L Ranch East", "IDENT": "TX12", "TYPE_CODE": "AD", "SERVCITY": "PADUCAH", "ELEVATION": 1710, "LATITUDE": "34-16-44.1800N", "LONGITUDE": "100-05-34.2700W"}}, {"type": "Feature", "geometry": {"type": "Point", "coordinates": [-95.53277672742986, 33.21012987366666]}, "properties": {"NAME": "Hidden Springs Ranch", "IDENT": "94TS", "TYPE_CODE": "AD", "SERVCITY": "SULPHUR SPRINGS", "ELEVATION": 484, "LATITUDE": "33-12-36.4464N", "LONGITUDE": "095-31-57.9702W"}}, {"type": "Feature", "geometry": {"type": "Point", "coordinates": [-98.58382719904516, 28.47429094297612]}, "properties": {"NAME": "Aero Saylee", "IDENT": "43TS", "TYPE_CODE": "AD", "SERVCITY": "TILDEN", "ELEVATION": 269, "LATITUDE": "28-28-27.4300N", "LONGITUDE": "098-35-01.7500W"}}, {"type": "Feature", "geometry": {"type": "Point", "coordinates": [-95.94136271360385, 29.94596632629384]}, "properties": {"NAME": "Pfeffer 2", "IDENT": "6XS4", "TYPE_CODE": "AD", "SERVCITY": "WALLER", "ELEVATION": 205, "LATITUDE": "29-56-45.4600N", "LONGITUDE": "095-56-28.8800W"}}, {"type": "Feature", "geometry": {"type": "Point", "coordinates": [-103.77134229351601, 28.0363462576933]}, "properties": {"NAME": "Mina Hercules", "IDENT": null, "TYPE_CODE": "AD", "SERVCITY": null, "ELEVATION": 4629, "LATITUDE": "28.03634167", "LONGITUDE": "-103.77133333"}}, {"type": "Feature", "geometry": {"type": "Point", "coordinates": [-100.53519990355294, 28.62787424075618]}, "properties": {"NAME": "Piedras Negras Intl", "IDENT": null, "TYPE_CODE": "AD", "SERVCITY": "Piedras Negras", "ELEVATION": 901, "LATITUDE": "28.62786944", "LONGITUDE": "-100.53519167"}}, {"type": "Feature", "geometry": {"type": "Point", "coordinates": [-101.24372231725673, 29.22418267145796]}, "properties": {"NAME": "Rancho La Margarita", "IDENT": null, "TYPE_CODE": "AD", "SERVCITY": null, "ELEVATION": 1416, "LATITUDE": "29.22417778", "LONGITUDE": "-101.24371389"}}, {"type": "Feature", "geometry": {"type": "Point", "coordinates": [-101.10079728831367, 29.333960477101716]}, "properties": {"NAME": "Ciudad Acuna", "IDENT": null, "TYPE_CODE": "AD", "SERVCITY": null, "ELEVATION": 1164, "LATITUDE": "29.33395556", "LONGITUDE": "-101.10078889"}}, {"type": "Feature", "geometry": {"type": "Point", "coordinates": [-106.42874029021758, 31.63633289567474]}, "properties": {"NAME": "Ciudad Juarez Intl", "IDENT": null, "TYPE_CODE": "AD", "SERVCITY": "Juarez", "ELEVATION": 3904, "LATITUDE": "31.63632778", "LONGITUDE": "-106.42873056"}}, {"type": "Feature", "geometry": {"type": "Point", "coordinates": [-105.96556225956806, 28.701860197533072]}, "properties": {"NAME": "Chihuahua Intl", "IDENT": null, "TYPE_CODE": "AD", "SERVCITY": "Chihuahua", "ELEVATION": 4465, "LATITUDE": "28.70185556", "LONGITUDE": "-105.96555278"}}, {"type": "Feature", "geometry": {"type": "Point", "coordinates": [-102.01467803938539, 29.018099266645578]}, "properties": {"NAME": "El Bonito", "IDENT": null, "TYPE_CODE": "AD", "SERVCITY": null, "ELEVATION": 4272.2, "LATITUDE": "29.01809444", "LONGITUDE": "-102.01466944"}}, {"type": "Feature", "geometry": {"type": "Point", "coordinates": [-102.63584762642598, 28.84777699418667]}, "properties": {"NAME": "Sierra De Los Pilares", "IDENT": null, "TYPE_CODE": "AD", "SERVCITY": null, "ELEVATION": 4050, "LATITUDE": "28.84777222", "LONGITUDE": "-102.63583889"}}, {"type": "Feature", "geometry": {"type": "Point", "coordinates": [-105.10430924611569, 27.598971137801087]}, "properties": {"NAME": "Ciudad Camargo Southeast", "IDENT": null, "TYPE_CODE": "AD", "SERVCITY": null, "ELEVATION": 4241, "LATITUDE": "27.59896667", "LONGITUDE": "-105.1043"}}, {"type": "Feature", "geometry": {"type": "Point", "coordinates": [-100.23730806722763, 25.865601479865308]}, "properties": {"NAME": "Del Norte Intl", "IDENT": null, "TYPE_CODE": "AD", "SERVCITY": "Monterrey", "ELEVATION": 1476, "LATITUDE": "25.86559722", "LONGITUDE": "-100.2373"}}, {"type": "Feature", "geometry": {"type": "Point", "coordinates": [-101.47029450307373, 26.95568777746967]}, "properties": {"NAME": "Monclova Intl", "IDENT": null, "TYPE_CODE": "AD", "SERVCITY": "Monclova", "ELEVATION": 1864, "LATITUDE": "26.95568333", "LONGITUDE": "-101.47028611"}}, {"type": "Feature", "geometry": {"type": "Point", "coordinates": [-98.22825758355421, 26.00861266606432]}, "properties": {"NAME": "Reynosa Intl", "IDENT": null, "TYPE_CODE": "AD", "SERVCITY": "Reynosa", "ELEVATION": 139, "LATITUDE": "26.00860833", "LONGITUDE": "-98.22825"}}, {"type": "Feature", "geometry": {"type": "Point", "coordinates": [-99.56993017656998, 27.443312926195475]}, "properties": {"NAME": "Nuevo Laredo", "IDENT": null, "TYPE_CODE": "AD", "SERVCITY": "Nuevo Laredo", "ELEVATION": 484, "LATITUDE": "27.44330833", "LONGITUDE": "-99.56992222"}}, {"type": "Feature", "geometry": {"type": "Point", "coordinates": [-99.54263569375273, 26.333882152037926]}, "properties": {"NAME": "Agualeguas", "IDENT": null, "TYPE_CODE": "AD", "SERVCITY": null, "ELEVATION": 657, "LATITUDE": "26.33387778", "LONGITUDE": "-99.54262778"}}, {"type": "Feature", "geometry": {"type": "Point", "coordinates": [-101.21248892855591, 27.974593543366336]}, "properties": {"NAME": "Aeropista De La Region Carbonifera", "IDENT": null, "TYPE_CODE": "AD", "SERVCITY": null, "ELEVATION": 1298, "LATITUDE": "27.97458889", "LONGITUDE": "-101.21248056"}}, {"type": "Feature", "geometry": {"type": "Point", "coordinates": [-93.65763448248786, 32.629853061739745]}, "properties": {"NAME": "Sonlef Air Strip", "IDENT": "LA81", "TYPE_CODE": "AD", "SERVCITY": "BENTON", "ELEVATION": 165, "LATITUDE": "32-37-47.4500N", "LONGITUDE": "093-39-27.4600W"}}, {"type": "Feature", "geometry": {"type": "Point", "coordinates": [-99.70653857787144, 28.31095754282189]}, "properties": {"NAME": "San Ysidro Ranch", "IDENT": "TS40", "TYPE_CODE": "AD", "SERVCITY": "CATARINA", "ELEVATION": 595, "LATITUDE": "28-18-39.4300N", "LONGITUDE": "099-42-23.5100W"}}, {"type": "Feature", "geometry": {"type": "Point", "coordinates": [-97.65570207398757, 30.78867754255348]}, "properties": {"NAME": "Sybert Farm", "IDENT": "40TE", "TYPE_CODE": "AD", "SERVCITY": "JARRELL", "ELEVATION": 837, "LATITUDE": "30-47-19.2200N", "LONGITUDE": "097-39-20.5000W"}}, {"type": "Feature", "geometry": {"type": "Point", "coordinates": [-104.25086475507727, 30.792010620597306]}, "properties": {"NAME": "Rockpile Ranch", "IDENT": "32TX", "TYPE_CODE": "AD", "SERVCITY": "KENT", "ELEVATION": 5386, "LATITUDE": "30-47-31.2200N", "LONGITUDE": "104-15-03.0800W"}}, {"type": "Feature", "geometry": {"type": "Point", "coordinates": [-99.340188598157, 30.72883857817305]}, "properties": {"NAME": "Snowden Fld", "IDENT": "6TX1", "TYPE_CODE": "AD", "SERVCITY": "MASON", "ELEVATION": 1730, "LATITUDE": "30-43-43.8000N", "LONGITUDE": "099-20-24.6500W"}}, {"type": "Feature", "geometry": {"type": "Point", "coordinates": [-98.94780802452014, 32.159924973298615]}, "properties": {"NAME": "Star Fld", "IDENT": "TX88", "TYPE_CODE": "AD", "SERVCITY": "RISING STAR", "ELEVATION": 1625, "LATITUDE": "32-09-35.7100N", "LONGITUDE": "098-56-52.0800W"}}, {"type": "Feature", "geometry": {"type": "Point", "coordinates": [-98.80477738661499, 31.32781926840844]}, "properties": {"NAME": "Buzzard Creek Airstrip", "IDENT": "2TX9", "TYPE_CODE": "AD", "SERVCITY": "SAN SABA", "ELEVATION": 1309, "LATITUDE": "31-19-40.1300N", "LONGITUDE": "098-48-17.1700W"}}, {"type": "Feature", "geometry": {"type": "Point", "coordinates": [-99.5162327501858, 29.55048556913053]}, "properties": {"NAME": "Rancho Sabino Grande", "IDENT": "6TX2", "TYPE_CODE": "AD", "SERVCITY": "UTOPIA", "ELEVATION": 1287.4, "LATITUDE": "29-33-01.7300N", "LONGITUDE": "099-30-58.4090W"}}, {"type": "Feature", "geometry": {"type": "Point", "coordinates": [-99.023702499325, 32.36583889713612]}, "properties": {"NAME": "Gregory M Simmons Meml", "IDENT": "GZN", "TYPE_CODE": "AD", "SERVCITY": "CISCO", "ELEVATION": 1711.1000000000001, "LATITUDE": "32-21-57.0000N", "LONGITUDE": "099-01-25.3000W"}}, {"type": "Feature", "geometry": {"type": "Point", "coordinates": [-94.41593212208954, 35.93410087911456]}, "properties": {"NAME": "Luginbuel Hee Haw", "IDENT": "68AR", "TYPE_CODE": "AD", "SERVCITY": "LINCOLN", "ELEVATION": 1425, "LATITUDE": "35-56-02.7400N", "LONGITUDE": "094-24-57.3300W"}}, {"type": "Feature", "geometry": {"type": "Point", "coordinates": [-106.64111312592496, 31.90927515058847]}, "properties": {"NAME": "Cielo Dorado Estates", "IDENT": "NM05", "TYPE_CODE": "AD", "SERVCITY": "SANTA TERESA", "ELEVATION": 3750, "LATITUDE": "31-54-33.3720N", "LONGITUDE": "106-38-27.9720W"}}, {"type": "Feature", "geometry": {"type": "Point", "coordinates": [-97.35618818221188, 32.110591697632024]}, "properties": {"NAME": "Fainting Goat", "IDENT": "87TX", "TYPE_CODE": "AD", "SERVCITY": "BLUM", "ELEVATION": 690, "LATITUDE": "32-06-38.1100N", "LONGITUDE": "097-21-22.2500W"}}, {"type": "Feature", "geometry": {"type": "Point", "coordinates": [-98.64260510602045, 30.97474142972449]}, "properties": {"NAME": "J Ranch", "IDENT": "41TX", "TYPE_CODE": "AD", "SERVCITY": "CHEROKEE", "ELEVATION": 1480, "LATITUDE": "30-58-29.0500N", "LONGITUDE": "098-38-33.3500W"}}, {"type": "Feature", "geometry": {"type": "Point", "coordinates": [-98.83374113886862, 28.20950477129647]}, "properties": {"NAME": "El Quinto Ranch", "IDENT": "7TE8", "TYPE_CODE": "AD", "SERVCITY": "COTULLA", "ELEVATION": 365, "LATITUDE": "28-12-34.2000N", "LONGITUDE": "098-50-01.4400W"}}, {"type": "Feature", "geometry": {"type": "Point", "coordinates": [-95.3518347557285, 29.277832876417975]}, "properties": {"NAME": "Garrett Farms", "IDENT": "96TX", "TYPE_CODE": "AD", "SERVCITY": "DANBURY", "ELEVATION": 30, "LATITUDE": "29-16-40.1800N", "LONGITUDE": "095-21-06.5800W"}}, {"type": "Feature", "geometry": {"type": "Point", "coordinates": [-97.6702465248014, 30.83183866139004]}, "properties": {"NAME": "Spears Ranch", "IDENT": "6TA8", "TYPE_CODE": "AD", "SERVCITY": "JARRELL", "ELEVATION": 861, "LATITUDE": "30-49-54.6000N", "LONGITUDE": "097-40-12.8600W"}}, {"type": "Feature", "geometry": {"type": "Point", "coordinates": [-99.21659412631432, 30.793133040091778]}, "properties": {"NAME": "Bar Triangle", "IDENT": "5TX1", "TYPE_CODE": "AD", "SERVCITY": "MASON", "ELEVATION": 1684, "LATITUDE": "30-47-35.2600N", "LONGITUDE": "099-12-59.7100W"}}, {"type": "Feature", "geometry": {"type": "Point", "coordinates": [-99.18992190542576, 30.940396958024465]}, "properties": {"NAME": "Harkey Ranch", "IDENT": "8TX6", "TYPE_CODE": "AD", "SERVCITY": "MASON", "ELEVATION": 1674, "LATITUDE": "30-56-25.4100N", "LONGITUDE": "099-11-23.6900W"}}, {"type": "Feature", "geometry": {"type": "Point", "coordinates": [-95.48236818072812, 30.569533135491596]}, "properties": {"NAME": "Sandy Creek", "IDENT": "73TX", "TYPE_CODE": "AD", "SERVCITY": "NEW WAVERLY", "ELEVATION": 383, "LATITUDE": "30-34-10.3000N", "LONGITUDE": "095-28-56.5000W"}}, {"type": "Feature", "geometry": {"type": "Point", "coordinates": [-95.35896261232192, 30.94036793651241]}, "properties": {"NAME": "Frank Toole Meml Fld", "IDENT": "57TX", "TYPE_CODE": "AD", "SERVCITY": "TRINITY", "ELEVATION": 193, "LATITUDE": "30-56-25.3050N", "LONGITUDE": "095-21-32.2400W"}}, {"type": "Feature", "geometry": {"type": "Point", "coordinates": [-100.11429733558276, 29.461486919334952]}, "properties": {"NAME": "Ox Ranch", "IDENT": "10X", "TYPE_CODE": "AD", "SERVCITY": "UVALDE", "ELEVATION": 1305.3, "LATITUDE": "29-27-41.3350N", "LONGITUDE": "100-06-51.4410W"}}, {"type": "Feature", "geometry": {"type": "Point", "coordinates": [-96.05722955672188, 32.75742243156963]}, "properties": {"NAME": "McBee Fld", "IDENT": "2TS9", "TYPE_CODE": "AD", "SERVCITY": "WILLS POINT", "ELEVATION": 543, "LATITUDE": "32-45-26.7000N", "LONGITUDE": "096-03-26.0000W"}}, {"type": "Feature", "geometry": {"type": "Point", "coordinates": [-97.80505799014061, 35.82474235382238]}, "properties": {"NAME": "Dave's Place", "IDENT": "1OK1", "TYPE_CODE": "AD", "SERVCITY": "KINGFISHER", "ELEVATION": 1160, "LATITUDE": "35-49-29.0500N", "LONGITUDE": "097-48-18.1800W"}}, {"type": "Feature", "geometry": {"type": "Point", "coordinates": [-97.86300763818294, 29.89275513761365]}, "properties": {"NAME": "San Marcos Rgnl", "IDENT": "HYI", "TYPE_CODE": "AD", "SERVCITY": "AUSTIN", "ELEVATION": 594.7, "LATITUDE": "29-53-33.9000N", "LONGITUDE": "097-51-46.8000W"}}, {"type": "Feature", "geometry": {"type": "Point", "coordinates": [-99.62083299243436, 28.085576944855884]}, "properties": {"NAME": "Bella Vista Ranch", "IDENT": "9TS3", "TYPE_CODE": "AD", "SERVCITY": "CATARINA", "ELEVATION": 787, "LATITUDE": "28-05-08.0600N", "LONGITUDE": "099-37-14.9700W"}}, {"type": "Feature", "geometry": {"type": "Point", "coordinates": [-95.75150160698888, 31.061072112904174]}, "properties": {"NAME": "Trinity Fld", "IDENT": "TA82", "TYPE_CODE": "AD", "SERVCITY": "MIDWAY", "ELEVATION": 212, "LATITUDE": "31-03-39.8400N", "LONGITUDE": "095-45-05.3800W"}}, {"type": "Feature", "geometry": {"type": "Point", "coordinates": [-95.85799465366318, 30.31764140426894]}, "properties": {"NAME": "Hammer Airfield", "IDENT": "TS75", "TYPE_CODE": "AD", "SERVCITY": "PLANTERSVILLE", "ELEVATION": 330, "LATITUDE": "30-19-03.4900N", "LONGITUDE": "095-51-28.7550W"}}, {"type": "Feature", "geometry": {"type": "Point", "coordinates": [-95.98064324758887, 29.242332848602118]}, "properties": {"NAME": "Giles Va Ranch", "IDENT": "TS57", "TYPE_CODE": "AD", "SERVCITY": "WHARTON", "ELEVATION": 83, "LATITUDE": "29-14-32.3800N", "LONGITUDE": "095-58-50.2900W"}}, {"type": "Feature", "geometry": {"type": "Point", "coordinates": [-97.9955634821674, 34.314450409846074]}, "properties": {"NAME": "Wildlife Ranch", "IDENT": "25OK", "TYPE_CODE": "AD", "SERVCITY": "COMANCHE", "ELEVATION": 986, "LATITUDE": "34-18-52.0000N", "LONGITUDE": "097-59-44.0000W"}}, {"type": "Feature", "geometry": {"type": "Point", "coordinates": [-99.33195248119402, 30.670838567483546]}, "properties": {"NAME": "B Flying Ranch", "IDENT": "0TA8", "TYPE_CODE": "AD", "SERVCITY": "MASON", "ELEVATION": 1400, "LATITUDE": "30-40-15.0000N", "LONGITUDE": "099-19-55.0000W"}}, {"type": "Feature", "geometry": {"type": "Point", "coordinates": [-98.2576886295739, 35.43057837263271]}, "properties": {"NAME": "Niles Canyon Ranch", "IDENT": "OK70", "TYPE_CODE": "AD", "SERVCITY": "HINTON", "ELEVATION": 1611, "LATITUDE": "35-25-50.0600N", "LONGITUDE": "098-15-27.6500W"}}, {"type": "Feature", "geometry": {"type": "Point", "coordinates": [-96.78647406412446, 30.486919182580497]}, "properties": {"NAME": "Lauderdale", "IDENT": "49TA", "TYPE_CODE": "AD", "SERVCITY": "CALDWELL", "ELEVATION": 433, "LATITUDE": "30-29-12.8900N", "LONGITUDE": "096-47-11.2800W"}}, {"type": "Feature", "geometry": {"type": "Point", "coordinates": [-93.7323013658432, 35.67745086546419]}, "properties": {"NAME": "Byrds Backcountry Airstrip", "IDENT": "51AR", "TYPE_CODE": "AD", "SERVCITY": "OZARK", "ELEVATION": 800, "LATITUDE": "35-40-38.8000N", "LONGITUDE": "093-43-56.2600W"}}, {"type": "Feature", "geometry": {"type": "Point", "coordinates": [-101.05595379356055, 31.830698990977822]}, "properties": {"NAME": "Mc Entire's Lazy V Ranch", "IDENT": "58XS", "TYPE_CODE": "AD", "SERVCITY": "STERLING CITY", "ELEVATION": 2360, "LATITUDE": "31-49-50.4970N", "LONGITUDE": "101-03-21.4030W"}}, {"type": "Feature", "geometry": {"type": "Point", "coordinates": [-103.96140081730398, 31.10020790779498]}, "properties": {"NAME": "Giffin Ranch", "IDENT": "3XS8", "TYPE_CODE": "AD", "SERVCITY": "BALMORHEA", "ELEVATION": 3651, "LATITUDE": "31-06-00.7300N", "LONGITUDE": "103-57-41.0100W"}}, {"type": "Feature", "geometry": {"type": "Point", "coordinates": [-99.1946135578239, 30.633749676636977]}, "properties": {"NAME": "Red Sands Ranch", "IDENT": "1XS4", "TYPE_CODE": "AD", "SERVCITY": "MASON", "ELEVATION": 1374, "LATITUDE": "30-38-01.4800N", "LONGITUDE": "099-11-40.5800W"}}, {"type": "Feature", "geometry": {"type": "Point", "coordinates": [-97.89424306647916, 27.990679255114497]}, "properties": {"NAME": "Itll Do Airfield", "IDENT": "1XS0", "TYPE_CODE": "AD", "SERVCITY": "SANDIA", "ELEVATION": 156, "LATITUDE": "27-59-26.4282N", "LONGITUDE": "097-53-39.2478W"}}, {"type": "Feature", "geometry": {"type": "Point", "coordinates": [-101.06000851762997, 31.84972760523462]}, "properties": {"NAME": "Wildcat", "IDENT": "46TE", "TYPE_CODE": "AD", "SERVCITY": "STERLING CITY", "ELEVATION": 2385, "LATITUDE": "31-50-59.0000N", "LONGITUDE": "101-03-36.0000W"}}, {"type": "Feature", "geometry": {"type": "Point", "coordinates": [-101.42285875180467, 34.131530766527945]}, "properties": {"NAME": "Bfs", "IDENT": "TE70", "TYPE_CODE": "AD", "SERVCITY": "LOCKNEY", "ELEVATION": 3268, "LATITUDE": "34-07-53.4900N", "LONGITUDE": "101-25-22.2600W"}}, {"type": "Feature", "geometry": {"type": "Point", "coordinates": [-96.76114625658192, 29.998977419385152]}, "properties": {"NAME": "Double D Farms", "IDENT": "7TE1", "TYPE_CODE": "AD", "SERVCITY": "WARRENTON", "ELEVATION": 485, "LATITUDE": "29-59-56.3000N", "LONGITUDE": "096-45-40.1000W"}}, {"type": "Feature", "geometry": {"type": "Point", "coordinates": [-98.48693313392985, 35.468528367443504]}, "properties": {"NAME": "Smith Airpark", "IDENT": "29OK", "TYPE_CODE": "AD", "SERVCITY": "HINTON", "ELEVATION": 1677, "LATITUDE": "35-28-06.6800N", "LONGITUDE": "098-29-12.9300W"}}, {"type": "Feature", "geometry": {"type": "Point", "coordinates": [-95.6731372237261, 32.54445773979822]}, "properties": {"NAME": "Delva Fld", "IDENT": "00TX", "TYPE_CODE": "AD", "SERVCITY": "VAN", "ELEVATION": 545, "LATITUDE": "32-32-40.0272N", "LONGITUDE": "095-40-23.2680W"}}, {"type": "Feature", "geometry": {"type": "Point", "coordinates": [-97.81802737047485, 34.942808864880256]}, "properties": {"NAME": "Fulton", "IDENT": "00AS", "TYPE_CODE": "AD", "SERVCITY": "ALEX", "ELEVATION": 1100, "LATITUDE": "34-56-34.0900N", "LONGITUDE": "097-49-04.8700W"}}, {"type": "Feature", "geometry": {"type": "Point", "coordinates": [-95.71139611579032, 32.42768627162142]}, "properties": {"NAME": "Vaca Moo", "IDENT": "TA37", "TYPE_CODE": "AD", "SERVCITY": "BEN WHEELER", "ELEVATION": 590, "LATITUDE": "32-25-39.6500N", "LONGITUDE": "095-42-41.0000W"}}, {"type": "Feature", "geometry": {"type": "Point", "coordinates": [-96.59784344964677, 30.260233033342296]}, "properties": {"NAME": "Twisted T Fld", "IDENT": "TA42", "TYPE_CODE": "AD", "SERVCITY": "BURTON", "ELEVATION": 316, "LATITUDE": "30-15-36.8200N", "LONGITUDE": "096-35-52.2100W"}}, {"type": "Feature", "geometry": {"type": "Point", "coordinates": [-95.89373776210682, 31.193508244779352]}, "properties": {"NAME": "Zoch", "IDENT": "70TA", "TYPE_CODE": "AD", "SERVCITY": "CENTERVILLE", "ELEVATION": 301, "LATITUDE": "31-11-36.6100N", "LONGITUDE": "095-53-37.4300W"}}, {"type": "Feature", "geometry": {"type": "Point", "coordinates": [-97.14022424490526, 32.21538617153718]}, "properties": {"NAME": "Pharmnall", "IDENT": "22TA", "TYPE_CODE": "AD", "SERVCITY": "GRANDVIEW", "ELEVATION": 658, "LATITUDE": "32-12-55.3700N", "LONGITUDE": "097-08-24.7800W"}}, {"type": "Feature", "geometry": {"type": "Point", "coordinates": [-98.22438001998876, 31.30142484137604]}, "properties": {"NAME": "Postoak", "IDENT": "76TA", "TYPE_CODE": "AD", "SERVCITY": "LAMPASAS", "ELEVATION": 1120, "LATITUDE": "31-18-05.1100N", "LONGITUDE": "098-13-27.7400W"}}, {"type": "Feature", "geometry": {"type": "Point", "coordinates": [-96.32406577042896, 33.32167252713381]}, "properties": {"NAME": "Claassen", "IDENT": "70TE", "TYPE_CODE": "AD", "SERVCITY": "BLUE RIDGE", "ELEVATION": 615, "LATITUDE": "33-19-18.0000N", "LONGITUDE": "096-19-26.6100W"}}, {"type": "Feature", "geometry": {"type": "Point", "coordinates": [-102.85984801479309, 34.603622439657926]}, "properties": {"NAME": "Hefner Farms", "IDENT": "7TS9", "TYPE_CODE": "AD", "SERVCITY": "BOVINA", "ELEVATION": 4159, "LATITUDE": "34-36-13.0200N", "LONGITUDE": "102-51-35.4200W"}}, {"type": "Feature", "geometry": {"type": "Point", "coordinates": [-96.04597951334807, 32.056172296876476]}, "properties": {"NAME": "Sanctuary Ranch", "IDENT": "7TS4", "TYPE_CODE": "AD", "SERVCITY": "CROSSROADS", "ELEVATION": 264, "LATITUDE": "32-03-22.2000N", "LONGITUDE": "096-02-45.5000W"}}, {"type": "Feature", "geometry": {"type": "Point", "coordinates": [-98.56244671701494, 30.251716293735488]}, "properties": {"NAME": "Hye", "IDENT": "0TS0", "TYPE_CODE": "AD", "SERVCITY": "HYE", "ELEVATION": 1494, "LATITUDE": "30-15-06.1600N", "LONGITUDE": "098-33-44.7800W"}}, {"type": "Feature", "geometry": {"type": "Point", "coordinates": [-99.61927198155546, 30.38221627986954]}, "properties": {"NAME": "Skyview Ranch", "IDENT": "7TA6", "TYPE_CODE": "AD", "SERVCITY": "JUNCTION", "ELEVATION": 2064, "LATITUDE": "30-22-55.9600N", "LONGITUDE": "099-37-09.3500W"}}, {"type": "Feature", "geometry": {"type": "Point", "coordinates": [-102.15161456157696, 35.201730908045036]}, "properties": {"NAME": "J & H", "IDENT": "5TS7", "TYPE_CODE": "AD", "SERVCITY": "WILDORADO", "ELEVATION": 3903, "LATITUDE": "35-12-06.2100N", "LONGITUDE": "102-09-05.7800W"}}, {"type": "Feature", "geometry": {"type": "Point", "coordinates": [-97.86195664236419, 36.161550742284504]}, "properties": {"NAME": "1904 Private Runway", "IDENT": "4OK0", "TYPE_CODE": "AD", "SERVCITY": "HENNESSEY", "ELEVATION": 1151, "LATITUDE": "36-09-41.5600N", "LONGITUDE": "097-51-43.0150W"}}, {"type": "Feature", "geometry": {"type": "Point", "coordinates": [-97.25584116342438, 35.561639557933674]}, "properties": {"NAME": "R and R", "IDENT": "9OK9", "TYPE_CODE": "AD", "SERVCITY": "JONES", "ELEVATION": 1101, "LATITUDE": "35-33-41.8800N", "LONGITUDE": "097-15-21.0000W"}}, {"type": "Feature", "geometry": {"type": "Point", "coordinates": [-96.51866554390593, 34.19230851357445]}, "properties": {"NAME": "Mercury Ranch", "IDENT": "2OK1", "TYPE_CODE": "AD", "SERVCITY": "MILBURN", "ELEVATION": 801, "LATITUDE": "34-11-32.2890N", "LONGITUDE": "096-31-07.1688W"}}, {"type": "Feature", "geometry": {"type": "Point", "coordinates": [-96.39003521804503, 33.09295025806219]}, "properties": {"NAME": "Twisted Js", "IDENT": "0TX7", "TYPE_CODE": "AD", "SERVCITY": "FARMERSVILLE", "ELEVATION": 597, "LATITUDE": "33-05-34.6000N", "LONGITUDE": "096-23-24.1000W"}}, {"type": "Feature", "geometry": {"type": "Point", "coordinates": [-101.93855049166248, 33.421258398041346]}, "properties": {"NAME": "Rememberance", "IDENT": "82TE", "TYPE_CODE": "AD", "SERVCITY": "LUBBOCK", "ELEVATION": 3250, "LATITUDE": "33-25-16.5100N", "LONGITUDE": "101-56-18.7500W"}}, {"type": "Feature", "geometry": {"type": "Point", "coordinates": [-97.8423663507609, 36.0540035027114]}, "properties": {"NAME": "Haymaker Private", "IDENT": "35OK", "TYPE_CODE": "AD", "SERVCITY": "DOVER", "ELEVATION": 1178, "LATITUDE": "36-03-14.3900N", "LONGITUDE": "097-50-32.4900W"}}, {"type": "Feature", "geometry": {"type": "Point", "coordinates": [-97.87491080343335, 36.04699794477992]}, "properties": {"NAME": "Haymaker", "IDENT": "34OK", "TYPE_CODE": "AD", "SERVCITY": "HENNESSEY", "ELEVATION": 1134, "LATITUDE": "36-02-49.1700N", "LONGITUDE": "097-52-29.6500W"}}, {"type": "Feature", "geometry": {"type": "Point", "coordinates": [-106.20364023246276, 31.55855511272991]}, "properties": {"NAME": "Rancho San Lorenzo", "IDENT": "TA62", "TYPE_CODE": "AD", "SERVCITY": "CLINT", "ELEVATION": 3628, "LATITUDE": "31-33-30.7800N", "LONGITUDE": "106-12-13.0700W"}}, {"type": "Feature", "geometry": {"type": "Point", "coordinates": [-97.54823704125526, 35.15838808265973]}, "properties": {"NAME": "Bison Hill", "IDENT": "80OK", "TYPE_CODE": "AD", "SERVCITY": "NORMAN", "ELEVATION": 1304, "LATITUDE": "35-09-30.1750N", "LONGITUDE": "097-32-53.6250W"}}, {"type": "Feature", "geometry": {"type": "Point", "coordinates": [-96.73486872133559, 34.35703381167997]}, "properties": {"NAME": "Spring Creek Ranch", "IDENT": "73OK", "TYPE_CODE": "AD", "SERVCITY": "TISHOMINGO", "ELEVATION": 933, "LATITUDE": "34-21-25.3000N", "LONGITUDE": "096-44-05.5000W"}}, {"type": "Feature", "geometry": {"type": "Point", "coordinates": [-98.05999653314349, 29.56636342734115]}, "properties": {"NAME": "Chips", "IDENT": "TA85", "TYPE_CODE": "AD", "SERVCITY": "SEGUIN", "ELEVATION": 576, "LATITUDE": "29-33-58.8901N", "LONGITUDE": "098-03-35.9599W"}}, {"type": "Feature", "geometry": {"type": "Point", "coordinates": [-97.38869626909916, 26.158429387490802]}, "properties": {"NAME": "Reynolds Ranch", "IDENT": "73TA", "TYPE_CODE": "AD", "SERVCITY": "BAYVIEW", "ELEVATION": 24, "LATITUDE": "26-09-30.3300N", "LONGITUDE": "097-23-19.2800W"}}, {"type": "Feature", "geometry": {"type": "Point", "coordinates": [-96.01195179095868, 33.15083917452092]}, "properties": {"NAME": "Sword's Landing", "IDENT": "77TA", "TYPE_CODE": "AD", "SERVCITY": "GREENVILLE", "ELEVATION": 553, "LATITUDE": "33-09-03.0000N", "LONGITUDE": "096-00-43.0000W"}}, {"type": "Feature", "geometry": {"type": "Point", "coordinates": [-96.77015481725552, 34.00218096679917]}, "properties": {"NAME": "Flying M", "IDENT": "12OK", "TYPE_CODE": "AD", "SERVCITY": "KINGSTON", "ELEVATION": 807, "LATITUDE": "34-00-07.8300N", "LONGITUDE": "096-46-12.5300W"}}, {"type": "Feature", "geometry": {"type": "Point", "coordinates": [-98.72310224076101, 28.66264653220146]}, "properties": {"NAME": "El Tesoro Ranch", "IDENT": "02TS", "TYPE_CODE": "AD", "SERVCITY": "CHARLOTTE", "ELEVATION": 334, "LATITUDE": "28-39-45.5100N", "LONGITUDE": "098-43-23.1400W"}}, {"type": "Feature", "geometry": {"type": "Point", "coordinates": [-99.8365831995108, 31.42159702258448]}, "properties": {"NAME": "M Sansom Ranch", "IDENT": "06TS", "TYPE_CODE": "AD", "SERVCITY": "PAINT ROCK", "ELEVATION": 1810, "LATITUDE": "31-25-17.7300N", "LONGITUDE": "099-50-11.6700W"}}, {"type": "Feature", "geometry": {"type": "Point", "coordinates": [-94.79982224549848, 31.99788622454138]}, "properties": {"NAME": "2c Ranch", "IDENT": "10TS", "TYPE_CODE": "AD", "SERVCITY": "LANEVILLE", "ELEVATION": 489, "LATITUDE": "31-59-52.3700N", "LONGITUDE": "094-47-59.3350W"}}, {"type": "Feature", "geometry": {"type": "Point", "coordinates": [-96.46819668322775, 28.740076618910617]}, "properties": {"NAME": "Shank N Bank", "IDENT": "TX0", "TYPE_CODE": "AD", "SERVCITY": "LA WARD", "ELEVATION": 29, "LATITUDE": "28-44-24.2580N", "LONGITUDE": "096-28-05.4820W"}}, {"type": "Feature", "geometry": {"type": "Point", "coordinates": [-98.45163590360772, 35.4751505924167]}, "properties": {"NAME": "Ricker Ranch", "IDENT": "46OK", "TYPE_CODE": "AD", "SERVCITY": "HINTON", "ELEVATION": 1665, "LATITUDE": "35-28-30.5200N", "LONGITUDE": "098-27-05.8600W"}}, {"type": "Feature", "geometry": {"type": "Point", "coordinates": [-98.54249425476999, 35.41588391142568]}, "properties": {"NAME": "Mound Valley Farm", "IDENT": "OK77", "TYPE_CODE": "AD", "SERVCITY": "HYDRO", "ELEVATION": 1628, "LATITUDE": "35-24-57.1600N", "LONGITUDE": "098-32-32.9500W"}}, {"type": "Feature", "geometry": {"type": "Point", "coordinates": [-98.58622204631645, 35.44991724808447]}, "properties": {"NAME": "Entz Arts", "IDENT": "16OK", "TYPE_CODE": "AD", "SERVCITY": "HYDRO", "ELEVATION": 1688, "LATITUDE": "35-26-59.6800N", "LONGITUDE": "098-35-10.3700W"}}, {"type": "Feature", "geometry": {"type": "Point", "coordinates": [-98.61592483554026, 35.49914503308913]}, "properties": {"NAME": "South Farm", "IDENT": "32OK", "TYPE_CODE": "AD", "SERVCITY": "HYDRO", "ELEVATION": 1657, "LATITUDE": "35-29-56.9000N", "LONGITUDE": "098-36-57.3000W"}}, {"type": "Feature", "geometry": {"type": "Point", "coordinates": [-100.58408051463545, 29.712313339737964]}, "properties": {"NAME": "Martin Ranch", "IDENT": "65TS", "TYPE_CODE": "AD", "SERVCITY": "CARTA VALLEY", "ELEVATION": 1724, "LATITUDE": "29-42-44.3100N", "LONGITUDE": "100-35-02.6600W"}}, {"type": "Feature", "geometry": {"type": "Point", "coordinates": [-93.7019038623815, 31.21866111038095]}, "properties": {"NAME": "Fairmount", "IDENT": "71TS", "TYPE_CODE": "AD", "SERVCITY": "FAIRMOUNT", "ELEVATION": 211, "LATITUDE": "31-13-07.1600N", "LONGITUDE": "093-42-06.8300W"}}, {"type": "Feature", "geometry": {"type": "Point", "coordinates": [-101.31084468363109, 31.769783136263744]}, "properties": {"NAME": "Glass Ranch", "IDENT": "TS13", "TYPE_CODE": "AD", "SERVCITY": "GARDEN CITY", "ELEVATION": 2687, "LATITUDE": "31-46-11.2000N", "LONGITUDE": "101-18-39.0100W"}}, {"type": "Feature", "geometry": {"type": "Point", "coordinates": [-97.7689659458074, 29.848999576274817]}, "properties": {"NAME": "Roland Ranch", "IDENT": "30TS", "TYPE_CODE": "AD", "SERVCITY": "LOCKHART", "ELEVATION": 614, "LATITUDE": "29-50-56.3800N", "LONGITUDE": "097-46-08.2500W"}}, {"type": "Feature", "geometry": {"type": "Point", "coordinates": [-96.13930164785292, 29.856935746437212]}, "properties": {"NAME": "Brandes Air Fld 2", "IDENT": "90TS", "TYPE_CODE": "AD", "SERVCITY": "SEALY", "ELEVATION": 130, "LATITUDE": "29-51-24.9500N", "LONGITUDE": "096-08-21.4600W"}}, {"type": "Feature", "geometry": {"type": "Point", "coordinates": [-98.43019701420596, 35.5393839386896]}, "properties": {"NAME": "Canadian River Corrientes", "IDENT": "OK10", "TYPE_CODE": "AD", "SERVCITY": "HINTON", "ELEVATION": 1534, "LATITUDE": "35-32-21.7600N", "LONGITUDE": "098-25-48.6800W"}}, {"type": "Feature", "geometry": {"type": "Point", "coordinates": [-101.46627536086152, 33.136994482154876]}, "properties": {"NAME": "Wwd Farms", "IDENT": "TS22", "TYPE_CODE": "AD", "SERVCITY": "POST", "ELEVATION": 2895, "LATITUDE": "33-08-13.1600N", "LONGITUDE": "101-27-58.5600W"}}, {"type": "Feature", "geometry": {"type": "Point", "coordinates": [-98.53752481623765, 35.50288670479688]}, "properties": {"NAME": "Entz Home", "IDENT": "1OK2", "TYPE_CODE": "AD", "SERVCITY": "HYDRO", "ELEVATION": 1613, "LATITUDE": "35-30-10.3700N", "LONGITUDE": "098-32-15.0600W"}}, {"type": "Feature", "geometry": {"type": "Point", "coordinates": [-98.52319148013945, 35.52207837486949]}, "properties": {"NAME": "Entz Oliver", "IDENT": "1OK6", "TYPE_CODE": "AD", "SERVCITY": "HYDRO", "ELEVATION": 1570, "LATITUDE": "35-31-19.4600N", "LONGITUDE": "098-31-23.4600W"}}, {"type": "Feature", "geometry": {"type": "Point", "coordinates": [-96.29976324128901, 28.452734841855253]}, "properties": {"NAME": "Pierce Fld", "IDENT": "72TA", "TYPE_CODE": "AD", "SERVCITY": "PORT O'CONNOR", "ELEVATION": 5, "LATITUDE": "28-27-09.8278N", "LONGITUDE": "096-17-59.1218W"}}, {"type": "Feature", "geometry": {"type": "Point", "coordinates": [-98.34561064104801, 31.93641384575244]}, "properties": {"NAME": "Rancho Deluxe", "IDENT": "81TS", "TYPE_CODE": "AD", "SERVCITY": "EDNA HILL", "ELEVATION": 1401, "LATITUDE": "31-56-11.0700N", "LONGITUDE": "098-20-44.1700W"}}, {"type": "Feature", "geometry": {"type": "Point", "coordinates": [-101.7364113798865, 30.456657881027876]}, "properties": {"NAME": "Chandler Ranch", "IDENT": "3TA1", "TYPE_CODE": "AD", "SERVCITY": "SANDERSON", "ELEVATION": 1929, "LATITUDE": "30-27-23.9500N", "LONGITUDE": "101-44-11.0500W"}}, {"type": "Feature", "geometry": {"type": "Point", "coordinates": [-98.35306059333105, 31.026958117895347]}, "properties": {"NAME": "Yancey Creek Ranch", "IDENT": "1TX0", "TYPE_CODE": "AD", "SERVCITY": "LAMPASAS", "ELEVATION": 1429, "LATITUDE": "31-01-37.0300N", "LONGITUDE": "098-21-10.9900W"}}, {"type": "Feature", "geometry": {"type": "Point", "coordinates": [-97.90962458797358, 34.547100455753444]}, "properties": {"NAME": "Ramsak", "IDENT": "OK67", "TYPE_CODE": "AD", "SERVCITY": "DUNCAN", "ELEVATION": 1228, "LATITUDE": "34-32-49.5400N", "LONGITUDE": "097-54-34.6200W"}}, {"type": "Feature", "geometry": {"type": "Point", "coordinates": [-97.33695225133368, 34.97639500571257]}, "properties": {"NAME": "Green Valley Farms", "IDENT": "OK64", "TYPE_CODE": "AD", "SERVCITY": "LEXINGTON", "ELEVATION": 1018, "LATITUDE": "34-58-35.0000N", "LONGITUDE": "097-20-13.0000W"}}, {"type": "Feature", "geometry": {"type": "Point", "coordinates": [-96.42815485851528, 35.7962701978014]}, "properties": {"NAME": "Malinchak Pvt", "IDENT": "OK69", "TYPE_CODE": "AD", "SERVCITY": "BRISTOW", "ELEVATION": 906, "LATITUDE": "35-47-46.5500N", "LONGITUDE": "096-25-41.3300W"}}, {"type": "Feature", "geometry": {"type": "Point", "coordinates": [-94.90447353585492, 29.418277364119966]}, "properties": {"NAME": "Matt Doyle Airpark", "IDENT": "55TE", "TYPE_CODE": "AD", "SERVCITY": "TEXAS CITY", "ELEVATION": 7, "LATITUDE": "29-25-05.7800N", "LONGITUDE": "094-54-16.0800W"}}, {"type": "Feature", "geometry": {"type": "Point", "coordinates": [-97.74250791887292, 35.09806167422098]}, "properties": {"NAME": "Rock Ridge", "IDENT": "2OK3", "TYPE_CODE": "AD", "SERVCITY": "BLANCHARD", "ELEVATION": 1290, "LATITUDE": "35-05-53.0000N", "LONGITUDE": "097-44-33.0000W"}}, {"type": "Feature", "geometry": {"type": "Point", "coordinates": [-94.16222629649067, 32.898058649737386]}, "properties": {"NAME": "Taylor Fld", "IDENT": "TE72", "TYPE_CODE": "AD", "SERVCITY": "BIVINS", "ELEVATION": 239, "LATITUDE": "32-53-52.9900N", "LONGITUDE": "094-09-43.9900W"}}, {"type": "Feature", "geometry": {"type": "Point", "coordinates": [-100.3966170083355, 36.32406729917356]}, "properties": {"NAME": "Fourth Creek Ranch", "IDENT": "TS79", "TYPE_CODE": "AD", "SERVCITY": "BOOKER", "ELEVATION": 2702, "LATITUDE": "36-19-26.6200N", "LONGITUDE": "100-23-47.7900W"}}, {"type": "Feature", "geometry": {"type": "Point", "coordinates": [-96.17713510024396, 32.01031672665987]}, "properties": {"NAME": "Dow Ranch", "IDENT": "63TX", "TYPE_CODE": "AD", "SERVCITY": "KERENS", "ELEVATION": 330, "LATITUDE": "32-00-37.1200N", "LONGITUDE": "096-10-37.6600W"}}, {"type": "Feature", "geometry": {"type": "Point", "coordinates": [-97.07525750358667, 31.157449858418335]}, "properties": {"NAME": "Flanders Fld", "IDENT": "TS81", "TYPE_CODE": "AD", "SERVCITY": "LOTT", "ELEVATION": 461, "LATITUDE": "31-09-26.8000N", "LONGITUDE": "097-04-30.9000W"}}, {"type": "Feature", "geometry": {"type": "Point", "coordinates": [-94.17354876097, 36.405687089206815]}, "properties": {"NAME": "Sugar Creek", "IDENT": "58AR", "TYPE_CODE": "AD", "SERVCITY": "BENTONVILLE", "ELEVATION": 1070, "LATITUDE": "36-24-20.4500N", "LONGITUDE": "094-10-24.7500W"}}, {"type": "Feature", "geometry": {"type": "Point", "coordinates": [-93.62222083016275, 36.328256546903795]}, "properties": {"NAME": "Trigger Gap", "IDENT": "17A", "TYPE_CODE": "AD", "SERVCITY": "BERRYVILLE", "ELEVATION": 1650, "LATITUDE": "36-19-41.7000N", "LONGITUDE": "093-37-19.9700W"}}, {"type": "Feature", "geometry": {"type": "Point", "coordinates": [-94.2416735866172, 33.66056157243989]}, "properties": {"NAME": "Sandy Ridge Farms", "IDENT": "57AR", "TYPE_CODE": "AD", "SERVCITY": "ASHDOWN", "ELEVATION": 334, "LATITUDE": "33-39-38.0000N", "LONGITUDE": "094-14-30.0000W"}}, {"type": "Feature", "geometry": {"type": "Point", "coordinates": [-93.86929035062121, 36.464820448385986]}, "properties": {"NAME": "Banks Ranch", "IDENT": "62AR", "TYPE_CODE": "AD", "SERVCITY": "BUSCH", "ELEVATION": 1061, "LATITUDE": "36-27-53.3300N", "LONGITUDE": "093-52-09.4200W"}}, {"type": "Feature", "geometry": {"type": "Point", "coordinates": [-93.6072291465296, 36.16222873918028]}, "properties": {"NAME": "McAlister Airpark", "IDENT": "1AR4", "TYPE_CODE": "AD", "SERVCITY": "MARBLE", "ELEVATION": 1300, "LATITUDE": "36-09-44.0000N", "LONGITUDE": "093-36-26.0000W"}}, {"type": "Feature", "geometry": {"type": "Point", "coordinates": [-93.84306804005321, 35.369853580867954]}, "properties": {"NAME": "Etna", "IDENT": "2AR1", "TYPE_CODE": "AD", "SERVCITY": "OZARK", "ELEVATION": 536, "LATITUDE": "35-22-11.4500N", "LONGITUDE": "093-50-35.0200W"}}, {"type": "Feature", "geometry": {"type": "Point", "coordinates": [-98.90329996425378, 36.21272291827781]}, "properties": {"NAME": "Trust Landing", "IDENT": "OK72", "TYPE_CODE": "AD", "SERVCITY": "CHESTER", "ELEVATION": 1730, "LATITUDE": "36-12-45.7800N", "LONGITUDE": "098-54-11.8500W"}}, {"type": "Feature", "geometry": {"type": "Point", "coordinates": [-97.81079126092571, 34.98742276216975]}, "properties": {"NAME": "Drifting G Ranch", "IDENT": "OK60", "TYPE_CODE": "AD", "SERVCITY": "CHICKASHA", "ELEVATION": 1045, "LATITUDE": "34-59-14.7000N", "LONGITUDE": "097-48-38.8200W"}}, {"type": "Feature", "geometry": {"type": "Point", "coordinates": [-97.48929275277791, 35.94773111375717]}, "properties": {"NAME": "Pegasus Airpark", "IDENT": "74OK", "TYPE_CODE": "AD", "SERVCITY": "GUTHRIE", "ELEVATION": 1155, "LATITUDE": "35-56-51.8094N", "LONGITUDE": "097-29-21.4254W"}}, {"type": "Feature", "geometry": {"type": "Point", "coordinates": [-97.86670236396944, 34.68414770536906]}, "properties": {"NAME": "Brown Airstrip", "IDENT": "OK81", "TYPE_CODE": "AD", "SERVCITY": "MARLOW", "ELEVATION": 1330, "LATITUDE": "34-41-02.9100N", "LONGITUDE": "097-52-00.1000W"}}, {"type": "Feature", "geometry": {"type": "Point", "coordinates": [-97.92804126836981, 34.683861591312294]}, "properties": {"NAME": "Lemons Airstrip", "IDENT": "61OK", "TYPE_CODE": "AD", "SERVCITY": "MARLOW", "ELEVATION": 1417, "LATITUDE": "34-41-01.8800N", "LONGITUDE": "097-55-40.9200W"}}, {"type": "Feature", "geometry": {"type": "Point", "coordinates": [-98.07732463846251, 34.66461435755801]}, "properties": {"NAME": "Pettijohn Acres Landing", "IDENT": "84OK", "TYPE_CODE": "AD", "SERVCITY": "MARLOW", "ELEVATION": 1270, "LATITUDE": "34-39-52.5900N", "LONGITUDE": "098-04-38.3400W"}}, {"type": "Feature", "geometry": {"type": "Point", "coordinates": [-95.1598903590193, 31.350494414969333]}, "properties": {"NAME": "Hogg Fld", "IDENT": "TS99", "TYPE_CODE": "AD", "SERVCITY": "KENNARD", "ELEVATION": 332, "LATITUDE": "31-21-01.7600N", "LONGITUDE": "095-09-35.5800W"}}, {"type": "Feature", "geometry": {"type": "Point", "coordinates": [-98.01446907145488, 34.73074492842793]}, "properties": {"NAME": "Horning Farms Airstrip", "IDENT": "92OK", "TYPE_CODE": "AD", "SERVCITY": "MARLOW", "ELEVATION": 1100, "LATITUDE": "34-43-50.6600N", "LONGITUDE": "098-00-52.0600W"}}, {"type": "Feature", "geometry": {"type": "Point", "coordinates": [-97.89816348454822, 34.69344214948775]}, "properties": {"NAME": "L&l", "IDENT": "OK89", "TYPE_CODE": "AD", "SERVCITY": "MARLOW", "ELEVATION": 1416, "LATITUDE": "34-41-36.3700N", "LONGITUDE": "097-53-53.3600W"}}, {"type": "Feature", "geometry": {"type": "Point", "coordinates": [-98.04402462856585, 34.64310324435536]}, "properties": {"NAME": "Malcom Farm", "IDENT": "OK91", "TYPE_CODE": "AD", "SERVCITY": "MARLOW", "ELEVATION": 1150, "LATITUDE": "34-38-35.1500N", "LONGITUDE": "098-02-38.4600W"}}, {"type": "Feature", "geometry": {"type": "Point", "coordinates": [-102.31023946682285, 33.40180282098876]}, "properties": {"NAME": "Pro Agri", "IDENT": "TS84", "TYPE_CODE": "AD", "SERVCITY": "ROPESVILLE", "ELEVATION": 3471, "LATITUDE": "33-24-06.4700N", "LONGITUDE": "102-18-36.8300W"}}, {"type": "Feature", "geometry": {"type": "Point", "coordinates": [-98.46791091362552, 35.55197282792169]}, "properties": {"NAME": "Tk", "IDENT": "3OK2", "TYPE_CODE": "AD", "SERVCITY": "HYDRO", "ELEVATION": 1427, "LATITUDE": "35-33-07.0800N", "LONGITUDE": "098-28-04.4500W"}}, {"type": "Feature", "geometry": {"type": "Point", "coordinates": [-97.97430517849699, 34.815375500472726]}, "properties": {"NAME": "Rush Springs Airstrip", "IDENT": "4OK2", "TYPE_CODE": "AD", "SERVCITY": "RUSH SPRINGS", "ELEVATION": 1410, "LATITUDE": "34-48-55.3300N", "LONGITUDE": "097-58-27.4700W"}}, {"type": "Feature", "geometry": {"type": "Point", "coordinates": [-94.82455144663362, 32.51010576829745]}, "properties": {"NAME": "In The Trenches", "IDENT": "XS02", "TYPE_CODE": "AD", "SERVCITY": "LONGVIEW", "ELEVATION": 359, "LATITUDE": "32-30-36.3600N", "LONGITUDE": "094-49-28.3600W"}}, {"type": "Feature", "geometry": {"type": "Point", "coordinates": [-102.17130337265085, 34.12291128383573]}, "properties": {"NAME": "Rose Ranch", "IDENT": "XS06", "TYPE_CODE": "AD", "SERVCITY": "OLTON", "ELEVATION": 3580, "LATITUDE": "34-07-22.4600N", "LONGITUDE": "102-10-16.6600W"}}, {"type": "Feature", "geometry": {"type": "Point", "coordinates": [-97.67123295747542, 35.84017291948528]}, "properties": {"NAME": "Chuck's", "IDENT": "4OK6", "TYPE_CODE": "AD", "SERVCITY": "CASHION", "ELEVATION": 1053, "LATITUDE": "35-50-24.6000N", "LONGITUDE": "097-40-16.4100W"}}, {"type": "Feature", "geometry": {"type": "Point", "coordinates": [-98.60548593690761, 35.40809362882656]}, "properties": {"NAME": "Broken B", "IDENT": "08OL", "TYPE_CODE": "AD", "SERVCITY": "HYDRO", "ELEVATION": 1518, "LATITUDE": "35-24-29.1150N", "LONGITUDE": "098-36-19.7200W"}}, {"type": "Feature", "geometry": {"type": "Point", "coordinates": [-97.16167454128656, 36.421673047582125]}, "properties": {"NAME": "Red Rock South", "IDENT": "OL12", "TYPE_CODE": "AD", "SERVCITY": "PERRY", "ELEVATION": 966, "LATITUDE": "36-25-18.0000N", "LONGITUDE": "097-09-42.0000W"}}, {"type": "Feature", "geometry": {"type": "Point", "coordinates": [-100.9938235548846, 35.45413331747622]}, "properties": {"NAME": "Green Acres Airfield", "IDENT": "28X", "TYPE_CODE": "AD", "SERVCITY": "PAMPA", "ELEVATION": 3244.7000000000003, "LATITUDE": "35-27-14.8583N", "LONGITUDE": "100-59-37.7333W"}}, {"type": "Feature", "geometry": {"type": "Point", "coordinates": [-96.51672970510494, 33.26638084120812]}, "properties": {"NAME": "Embarcadero", "IDENT": "XS42", "TYPE_CODE": "AD", "SERVCITY": "MCKINNEY", "ELEVATION": 660, "LATITUDE": "33-15-58.9500N", "LONGITUDE": "096-31-00.2000W"}}, {"type": "Feature", "geometry": {"type": "Point", "coordinates": [-97.8622550188455, 32.850494593244]}, "properties": {"NAME": "Peaster 01", "IDENT": "XS53", "TYPE_CODE": "AD", "SERVCITY": "WEATHERFORD", "ELEVATION": 1247, "LATITUDE": "32-51-01.7600N", "LONGITUDE": "097-51-44.0900W"}}, {"type": "Feature", "geometry": {"type": "Point", "coordinates": [-96.72945178758546, 29.64667179478742]}, "properties": {"NAME": "Tree Top Air", "IDENT": "TT00", "TYPE_CODE": "AD", "SERVCITY": "WEIMAR", "ELEVATION": 360, "LATITUDE": "29-38-48.0000N", "LONGITUDE": "096-43-46.0000W"}}, {"type": "Feature", "geometry": {"type": "Point", "coordinates": [-98.5417164808496, 35.47137003210833]}, "properties": {"NAME": "Muncy", "IDENT": "05OK", "TYPE_CODE": "AD", "SERVCITY": "HYDRO", "ELEVATION": 1680, "LATITUDE": "35-28-16.9100N", "LONGITUDE": "098-32-30.1500W"}}, {"type": "Feature", "geometry": {"type": "Point", "coordinates": [-97.31565770968784, 33.64151698616513]}, "properties": {"NAME": "Dreamland", "IDENT": "XA48", "TYPE_CODE": "AD", "SERVCITY": "MUENSTER", "ELEVATION": 945, "LATITUDE": "33-38-29.4400N", "LONGITUDE": "097-18-56.3400W"}}, {"type": "Feature", "geometry": {"type": "Point", "coordinates": [-96.98700739124848, 29.256699484492145]}, "properties": {"NAME": "Cardinal Fld", "IDENT": "XS95", "TYPE_CODE": "AD", "SERVCITY": "YOAKUM", "ELEVATION": 221, "LATITUDE": "29-15-24.1000N", "LONGITUDE": "096-59-13.2000W"}}, {"type": "Feature", "geometry": {"type": "Point", "coordinates": [-98.10389700448714, 36.44222855557063]}, "properties": {"NAME": "Black I Ranch", "IDENT": "8OK4", "TYPE_CODE": "AD", "SERVCITY": "CARRIER", "ELEVATION": 1322, "LATITUDE": "36-26-32.0000N", "LONGITUDE": "098-06-14.0000W"}}, {"type": "Feature", "geometry": {"type": "Point", "coordinates": [-96.21768961357655, 36.198924391155636]}, "properties": {"NAME": "Gull Bay Landing", "IDENT": "00OK", "TYPE_CODE": "AD", "SERVCITY": "SANDSPRINGS", "ELEVATION": 960, "LATITUDE": "36-11-56.1048N", "LONGITUDE": "096-13-03.6552W"}}, {"type": "Feature", "geometry": {"type": "Point", "coordinates": [-96.87306330835409, 35.816950733692764]}, "properties": {"NAME": "Grass Strip", "IDENT": "8OK6", "TYPE_CODE": "AD", "SERVCITY": "CHANDLER", "ELEVATION": 933, "LATITUDE": "35-49-01.0000N", "LONGITUDE": "096-52-23.0000W"}}, {"type": "Feature", "geometry": {"type": "Point", "coordinates": [-98.59455816647659, 35.54135615251201]}, "properties": {"NAME": "Kits", "IDENT": "5OK0", "TYPE_CODE": "AD", "SERVCITY": "HYDRO", "ELEVATION": 1492, "LATITUDE": "35-32-28.8600N", "LONGITUDE": "098-35-40.3800W"}}, {"type": "Feature", "geometry": {"type": "Point", "coordinates": [-98.50924980913028, 35.502420039178695]}, "properties": {"NAME": "Lawles", "IDENT": "60OK", "TYPE_CODE": "AD", "SERVCITY": "HYDRO", "ELEVATION": 1606, "LATITUDE": "35-30-08.6900N", "LONGITUDE": "098-30-33.2700W"}}, {"type": "Feature", "geometry": {"type": "Point", "coordinates": [-98.10280242163071, 34.66155602276295]}, "properties": {"NAME": "Jim Pettijohn Meml", "IDENT": "7OK8", "TYPE_CODE": "AD", "SERVCITY": "MARLOW", "ELEVATION": 1222, "LATITUDE": "34-39-41.5800N", "LONGITUDE": "098-06-10.0600W"}}, {"type": "Feature", "geometry": {"type": "Point", "coordinates": [-97.79248845534553, 34.65693659313221]}, "properties": {"NAME": "Vr Airstrip", "IDENT": "2OK0", "TYPE_CODE": "AD", "SERVCITY": "MARLOW", "ELEVATION": 1281, "LATITUDE": "34-39-24.9500N", "LONGITUDE": "097-47-32.9300W"}}, {"type": "Feature", "geometry": {"type": "Point", "coordinates": [-98.25513270388257, 29.19136609646629]}, "properties": {"NAME": "Patton Air Park", "IDENT": "TT05", "TYPE_CODE": "AD", "SERVCITY": "FLORESVILLE", "ELEVATION": 451, "LATITUDE": "29-11-28.9000N", "LONGITUDE": "098-15-18.4500W"}}, {"type": "Feature", "geometry": {"type": "Point", "coordinates": [-95.83472940137186, 30.964727645618385]}, "properties": {"NAME": "Lazy 8 Flying Ranch", "IDENT": "TT20", "TYPE_CODE": "AD", "SERVCITY": "MADISONVILLE", "ELEVATION": 227, "LATITUDE": "30-57-53.0000N", "LONGITUDE": "095-50-05.0000W"}}, {"type": "Feature", "geometry": {"type": "Point", "coordinates": [-98.15500769260014, 29.49833838264793]}, "properties": {"NAME": "Nighthawks Nest", "IDENT": "TT45", "TYPE_CODE": "AD", "SERVCITY": "MARION", "ELEVATION": 592, "LATITUDE": "29-29-54.0000N", "LONGITUDE": "098-09-18.0000W"}}, {"type": "Feature", "geometry": {"type": "Point", "coordinates": [-96.4104796622835, 33.01192246483768]}, "properties": {"NAME": "Kudlacek Fld", "IDENT": "TT32", "TYPE_CODE": "AD", "SERVCITY": "ROYSE CITY", "ELEVATION": 524, "LATITUDE": "33-00-42.9000N", "LONGITUDE": "096-24-37.7000W"}}, {"type": "Feature", "geometry": {"type": "Point", "coordinates": [-99.94778612608582, 33.42903349319303]}, "properties": {"NAME": "Hutson Ranch", "IDENT": "TT10", "TYPE_CODE": "AD", "SERVCITY": "KNOX CITY", "ELEVATION": 1470, "LATITUDE": "33-25-44.5000N", "LONGITUDE": "099-56-52.0000W"}}, {"type": "Feature", "geometry": {"type": "Point", "coordinates": [-95.2931904880067, 33.0366836287631]}, "properties": {"NAME": "Foggy Bottom", "IDENT": "77TE", "TYPE_CODE": "AD", "SERVCITY": "WINNSBORO", "ELEVATION": 430, "LATITUDE": "33-02-12.0400N", "LONGITUDE": "095-17-35.4600W"}}, {"type": "Feature", "geometry": {"type": "Point", "coordinates": [-99.41604246820377, 31.600457905911036]}, "properties": {"NAME": "Ranch At Double Gates", "IDENT": "88XS", "TYPE_CODE": "AD", "SERVCITY": "COLEMAN", "ELEVATION": 1632.1000000000001, "LATITUDE": "31-36-01.6290N", "LONGITUDE": "099-24-57.7237W"}}, {"type": "Feature", "geometry": {"type": "Point", "coordinates": [-95.70281826370677, 31.10361656719811]}, "properties": {"NAME": "Seven J Stock Farm", "IDENT": "85XS", "TYPE_CODE": "AD", "SERVCITY": "CROCKETT", "ELEVATION": 160, "LATITUDE": "31-06-13.0000N", "LONGITUDE": "095-42-10.1200W"}}, {"type": "Feature", "geometry": {"type": "Point", "coordinates": [-99.49282755372448, 31.306055347890545]}, "properties": {"NAME": "Bemaroy", "IDENT": "8XS0", "TYPE_CODE": "AD", "SERVCITY": "PEAR VALLEY", "ELEVATION": 1590, "LATITUDE": "31-18-21.7800N", "LONGITUDE": "099-29-34.1500W"}}, {"type": "Feature", "geometry": {"type": "Point", "coordinates": [-96.99284627091033, 29.001396655597745]}, "properties": {"NAME": "Cole Ranch", "IDENT": "94XS", "TYPE_CODE": "AD", "SERVCITY": "VICTORIA", "ELEVATION": 179, "LATITUDE": "29-00-05.0100N", "LONGITUDE": "096-59-34.2200W"}}, {"type": "Feature", "geometry": {"type": "Point", "coordinates": [-99.47379416343352, 30.28443293363517]}, "properties": {"NAME": "3 Mill Ranch", "IDENT": "44XS", "TYPE_CODE": "AD", "SERVCITY": "MOUNTAIN HOME", "ELEVATION": 2232, "LATITUDE": "30-17-03.9400N", "LONGITUDE": "099-28-25.6300W"}}, {"type": "Feature", "geometry": {"type": "Point", "coordinates": [-96.8435659305312, 33.75455313964074]}, "properties": {"NAME": "Flying J", "IDENT": "15TX", "TYPE_CODE": "AD", "SERVCITY": "SADLER", "ELEVATION": 729, "LATITUDE": "33-45-16.3700N", "LONGITUDE": "096-50-36.8100W"}}, {"type": "Feature", "geometry": {"type": "Point", "coordinates": [-101.161308795471, 35.532000459463525]}, "properties": {"NAME": "Arrington Ranch", "IDENT": "7XS5", "TYPE_CODE": "AD", "SERVCITY": "SKELLYTOWN", "ELEVATION": 3327, "LATITUDE": "35-31-55.1800N", "LONGITUDE": "101-09-40.6800W"}}, {"type": "Feature", "geometry": {"type": "Point", "coordinates": [-96.44689635603953, 33.294019738494875]}, "properties": {"NAME": "Blue Ridge", "IDENT": "99XS", "TYPE_CODE": "AD", "SERVCITY": "BLUE RIDGE", "ELEVATION": 639, "LATITUDE": "33-17-38.4500N", "LONGITUDE": "096-26-48.8000W"}}, {"type": "Feature", "geometry": {"type": "Point", "coordinates": [-98.24584668515357, 31.166860926830335]}, "properties": {"NAME": "Comanche Hills Ranch", "IDENT": "71XS", "TYPE_CODE": "AD", "SERVCITY": "LAMPASAS", "ELEVATION": 1232, "LATITUDE": "31-10-00.6800N", "LONGITUDE": "098-14-45.0200W"}}, {"type": "Feature", "geometry": {"type": "Point", "coordinates": [-97.82057421535805, 27.993896424939567]}, "properties": {"NAME": "J A Knolle", "IDENT": "8XS3", "TYPE_CODE": "AD", "SERVCITY": "SANDIA", "ELEVATION": 41, "LATITUDE": "27-59-38.0100N", "LONGITUDE": "097-49-14.0400W"}}, {"type": "Feature", "geometry": {"type": "Point", "coordinates": [-97.71393554257322, 32.92910294736602]}, "properties": {"NAME": "Underline Ok", "IDENT": "93XS", "TYPE_CODE": "AD", "SERVCITY": "SPRINGTOWN", "ELEVATION": 1116, "LATITUDE": "32-55-44.7500N", "LONGITUDE": "097-42-50.1400W"}}, {"type": "Feature", "geometry": {"type": "Point", "coordinates": [-100.89391687456269, 32.893330576734776]}, "properties": {"NAME": "Pl Fuller Rough Creek Ranch", "IDENT": "60XS", "TYPE_CODE": "AD", "SERVCITY": "SNYDER", "ELEVATION": 2431, "LATITUDE": "32-53-35.9700N", "LONGITUDE": "100-53-38.0700W"}}, {"type": "Feature", "geometry": {"type": "Point", "coordinates": [-102.80761473222316, 35.40268090544564]}, "properties": {"NAME": "Canadian River Ranch", "IDENT": "46XS", "TYPE_CODE": "AD", "SERVCITY": "ADRIAN", "ELEVATION": 3839, "LATITUDE": "35-24-09.6300N", "LONGITUDE": "102-48-27.3800W"}}, {"type": "Feature", "geometry": {"type": "Point", "coordinates": [-101.53445307053879, 31.7861164627504]}, "properties": {"NAME": "Second F", "IDENT": "73XS", "TYPE_CODE": "AD", "SERVCITY": "GARDEN CITY", "ELEVATION": 2700, "LATITUDE": "31-47-10.0000N", "LONGITUDE": "101-32-04.0000W"}}, {"type": "Feature", "geometry": {"type": "Point", "coordinates": [-94.14528467627943, 33.72361714381589]}, "properties": {"NAME": "Garrison", "IDENT": "08AR", "TYPE_CODE": "AD", "SERVCITY": "ASHDOWN", "ELEVATION": 329, "LATITUDE": "33-43-25.0000N", "LONGITUDE": "094-08-43.0000W"}}, {"type": "Feature", "geometry": {"type": "Point", "coordinates": [-96.31103248564236, 34.11598100913395]}, "properties": {"NAME": "Tomahawk", "IDENT": "9OK4", "TYPE_CODE": "AD", "SERVCITY": "CADDO", "ELEVATION": 718, "LATITUDE": "34-06-57.5100N", "LONGITUDE": "096-18-39.6900W"}}, {"type": "Feature", "geometry": {"type": "Point", "coordinates": [-97.36136620416363, 35.74214514036043]}, "properties": {"NAME": "Gregg", "IDENT": "7OK1", "TYPE_CODE": "AD", "SERVCITY": "EDMOND", "ELEVATION": 1226, "LATITUDE": "35-44-31.7000N", "LONGITUDE": "097-21-40.8900W"}}, {"type": "Feature", "geometry": {"type": "Point", "coordinates": [-97.70848832447054, 33.014011297388834]}, "properties": {"NAME": "Rnw", "IDENT": "0XA0", "TYPE_CODE": "AD", "SERVCITY": "PARADISE", "ELEVATION": 930, "LATITUDE": "33-00-50.4200N", "LONGITUDE": "097-42-30.5300W"}}, {"type": "Feature", "geometry": {"type": "Point", "coordinates": [-97.70757990931922, 31.630791591831002]}, "properties": {"NAME": "Lz Juliet Bravo", "IDENT": "5XA1", "TYPE_CODE": "AD", "SERVCITY": "VALLEY MILLS", "ELEVATION": 1078, "LATITUDE": "31-37-50.8300N", "LONGITUDE": "097-42-27.2600W"}}, {"type": "Feature", "geometry": {"type": "Point", "coordinates": [-95.88287123044697, 33.59132537457254]}, "properties": {"NAME": "Jls Farms", "IDENT": "02XA", "TYPE_CODE": "AD", "SERVCITY": "HONEY GROVE", "ELEVATION": 675, "LATITUDE": "33-35-28.7500N", "LONGITUDE": "095-52-58.3100W"}}, {"type": "Feature", "geometry": {"type": "Point", "coordinates": [-98.0233412873048, 34.61417268520453]}, "properties": {"NAME": "Ramey 1", "IDENT": "0OK8", "TYPE_CODE": "AD", "SERVCITY": "MARLOW", "ELEVATION": 1204, "LATITUDE": "34-36-51.0000N", "LONGITUDE": "098-01-24.0000W"}}, {"type": "Feature", "geometry": {"type": "Point", "coordinates": [-98.30973021715435, 34.17639481498983]}, "properties": {"NAME": "Stoner Mem", "IDENT": "15OK", "TYPE_CODE": "AD", "SERVCITY": "RANDLETT", "ELEVATION": 980, "LATITUDE": "34-10-35.0000N", "LONGITUDE": "098-18-35.0000W"}}, {"type": "Feature", "geometry": {"type": "Point", "coordinates": [-98.02311919341584, 36.28828408952871]}, "properties": {"NAME": "Sheridan Fld", "IDENT": "OK99", "TYPE_CODE": "AD", "SERVCITY": "DRUMMOND", "ELEVATION": 1220, "LATITUDE": "36-17-17.8000N", "LONGITUDE": "098-01-23.2000W"}}, {"type": "Feature", "geometry": {"type": "Point", "coordinates": [-97.56839959372849, 35.780436803379445]}, "properties": {"NAME": "Higley Fld", "IDENT": "55OL", "TYPE_CODE": "AD", "SERVCITY": "GUTHRIE", "ELEVATION": 1080, "LATITUDE": "35-46-49.5500N", "LONGITUDE": "097-34-06.2100W"}}, {"type": "Feature", "geometry": {"type": "Point", "coordinates": [-95.34466530731524, 29.240524534938032]}, "properties": {"NAME": "Salaika Aviation", "IDENT": "07TA", "TYPE_CODE": "AD", "SERVCITY": "DANBURY", "ELEVATION": 30, "LATITUDE": "29-14-25.8700N", "LONGITUDE": "095-20-40.7700W"}}, {"type": "Feature", "geometry": {"type": "Point", "coordinates": [-97.1902855499877, 35.002228350589654]}, "properties": {"NAME": "Willsee", "IDENT": "5OL5", "TYPE_CODE": "AD", "SERVCITY": "LEXINGTON", "ELEVATION": 1128, "LATITUDE": "35-00-08.0000N", "LONGITUDE": "097-11-25.0000W"}}, {"type": "Feature", "geometry": {"type": "Point", "coordinates": [-95.43889593963084, 30.403616436575113]}, "properties": {"NAME": "M-4", "IDENT": "32TE", "TYPE_CODE": "AD", "SERVCITY": "WILLIS", "ELEVATION": 230, "LATITUDE": "30-24-13.0000N", "LONGITUDE": "095-26-20.0000W"}}, {"type": "Feature", "geometry": {"type": "Point", "coordinates": [-96.15375756232508, 35.75167298178575]}, "properties": {"NAME": "Flysooner Fld", "IDENT": "OK50", "TYPE_CODE": "AD", "SERVCITY": "BEGGS", "ELEVATION": 750, "LATITUDE": "35-45-06.0000N", "LONGITUDE": "096-09-13.5000W"}}, {"type": "Feature", "geometry": {"type": "Point", "coordinates": [-98.701692175081, 31.47190638273728]}, "properties": {"NAME": "Smoky Bend Ranch", "IDENT": "TA24", "TYPE_CODE": "AD", "SERVCITY": "MULLIN", "ELEVATION": 1342.4, "LATITUDE": "31-28-18.8435N", "LONGITUDE": "098-42-06.0633W"}}, {"type": "Feature", "geometry": {"type": "Point", "coordinates": [-94.6498641145222, 35.75719111313906]}, "properties": {"NAME": "Stilwell / Cherokee Nation", "IDENT": "1PP", "TYPE_CODE": "AD", "SERVCITY": "STILWELL", "ELEVATION": 1084, "LATITUDE": "35-45-25.8650N", "LONGITUDE": "094-38-59.4850W"}}, {"type": "Feature", "geometry": {"type": "Point", "coordinates": [-98.6587080302626, 35.72980601472415]}, "properties": {"NAME": "Perkins", "IDENT": "5OK8", "TYPE_CODE": "AD", "SERVCITY": "THOMAS", "ELEVATION": 1700, "LATITUDE": "35-43-47.2794N", "LONGITUDE": "098-39-31.3194W"}}, {"type": "Feature", "geometry": {"type": "Point", "coordinates": [-98.14388034070723, 36.35895353916475]}, "properties": {"NAME": "Johnson Fld", "IDENT": "6OK3", "TYPE_CODE": "AD", "SERVCITY": "MENO", "ELEVATION": 1300, "LATITUDE": "36-21-32.2100N", "LONGITUDE": "098-08-37.9400W"}}, {"type": "Feature", "geometry": {"type": "Point", "coordinates": [-99.293619112209, 30.13181068901748]}, "properties": {"NAME": "Riata Ranch", "IDENT": "TE33", "TYPE_CODE": "AD", "SERVCITY": "MOUNTAIN HOME", "ELEVATION": 2008, "LATITUDE": "30-07-54.5000N", "LONGITUDE": "099-17-37.0000W"}}, {"type": "Feature", "geometry": {"type": "Point", "coordinates": [-94.44142917729054, 33.39271984507546]}, "properties": {"NAME": "Looney Airstrip", "IDENT": "70XA", "TYPE_CODE": "AD", "SERVCITY": "NEW BOSTON", "ELEVATION": 315, "LATITUDE": "33-23-33.7700N", "LONGITUDE": "094-26-29.1200W"}}, {"type": "Feature", "geometry": {"type": "Point", "coordinates": [-97.74806348197414, 35.174728353531265]}, "properties": {"NAME": "Nelson High Point", "IDENT": "8OK7", "TYPE_CODE": "AD", "SERVCITY": "AMBER", "ELEVATION": 1376, "LATITUDE": "35-10-29.0000N", "LONGITUDE": "097-44-53.0000W"}}, {"type": "Feature", "geometry": {"type": "Point", "coordinates": [-96.08253518932688, 33.87878653151113]}, "properties": {"NAME": "6b Airfield", "IDENT": "OK68", "TYPE_CODE": "AD", "SERVCITY": "BOKCHITO", "ELEVATION": 542, "LATITUDE": "33-52-43.6100N", "LONGITUDE": "096-04-57.1000W"}}, {"type": "Feature", "geometry": {"type": "Point", "coordinates": [-99.22240275308815, 35.36669775678323]}, "properties": {"NAME": "Lynn Airfield", "IDENT": "OK98", "TYPE_CODE": "AD", "SERVCITY": "BURNS FLAT", "ELEVATION": 1912, "LATITUDE": "35-22-00.0900N", "LONGITUDE": "099-13-20.6200W"}}, {"type": "Feature", "geometry": {"type": "Point", "coordinates": [-98.63851651565125, 35.6079922727572]}, "properties": {"NAME": "Waters Home", "IDENT": "7OK4", "TYPE_CODE": "AD", "SERVCITY": "HYDRO", "ELEVATION": 1721, "LATITUDE": "35-36-28.7500N", "LONGITUDE": "098-38-18.6300W"}}, {"type": "Feature", "geometry": {"type": "Point", "coordinates": [-98.60584151101394, 35.653061727250225]}, "properties": {"NAME": "Waters Boone", "IDENT": "OL10", "TYPE_CODE": "AD", "SERVCITY": "HYDRO", "ELEVATION": 1676, "LATITUDE": "35-39-11.0000N", "LONGITUDE": "098-36-21.0000W"}}, {"type": "Feature", "geometry": {"type": "Point", "coordinates": [-97.90617486863302, 36.075615281082435]}, "properties": {"NAME": "Woods Acres", "IDENT": "9OK8", "TYPE_CODE": "AD", "SERVCITY": "HENESSEY", "ELEVATION": 1150, "LATITUDE": "36-04-32.1924N", "LONGITUDE": "097-54-22.2006W"}}, {"type": "Feature", "geometry": {"type": "Point", "coordinates": [-97.20473005172413, 35.721950699866454]}, "properties": {"NAME": "Hsh Airstrip", "IDENT": "5OK9", "TYPE_CODE": "AD", "SERVCITY": "LUTHER", "ELEVATION": 1020, "LATITUDE": "35-43-19.0000N", "LONGITUDE": "097-12-17.0000W"}}, {"type": "Feature", "geometry": {"type": "Point", "coordinates": [-98.5969345755032, 35.78903813917391]}, "properties": {"NAME": "Flying D", "IDENT": "OL18", "TYPE_CODE": "AD", "SERVCITY": "WATONGA", "ELEVATION": 1755, "LATITUDE": "35-47-20.5150N", "LONGITUDE": "098-35-48.9350W"}}, {"type": "Feature", "geometry": {"type": "Point", "coordinates": [-96.05611869993609, 36.415284215842405]}, "properties": {"NAME": "Kourtis Family Farm", "IDENT": "OL19", "TYPE_CODE": "AD", "SERVCITY": "SKIATOOK", "ELEVATION": 919, "LATITUDE": "36-24-55.0000N", "LONGITUDE": "096-03-22.0000W"}}, {"type": "Feature", "geometry": {"type": "Point", "coordinates": [-98.40286906979922, 33.28393909305017]}, "properties": {"NAME": "Pecan Fld", "IDENT": "04XA", "TYPE_CODE": "AD", "SERVCITY": "JERMYN", "ELEVATION": 1130, "LATITUDE": "33-17-02.1600N", "LONGITUDE": "098-24-10.3000W"}}, {"type": "Feature", "geometry": {"type": "Point", "coordinates": [-97.18909115983735, 35.7361659811775]}, "properties": {"NAME": "Ronka Rhey", "IDENT": "OL24", "TYPE_CODE": "AD", "SERVCITY": "LUTHER", "ELEVATION": 981, "LATITUDE": "35-44-10.1750N", "LONGITUDE": "097-11-20.7000W"}}, {"type": "Feature", "geometry": {"type": "Point", "coordinates": [-93.51722903395911, 34.933478514256]}, "properties": {"NAME": "Catlett Farms", "IDENT": "9AR1", "TYPE_CODE": "AD", "SERVCITY": "BRIGGSVILLE", "ELEVATION": 466, "LATITUDE": "34-56-00.5000N", "LONGITUDE": "093-31-02.0000W"}}, {"type": "Feature", "geometry": {"type": "Point", "coordinates": [-95.83611846073192, 33.9055615477482]}, "properties": {"NAME": "Goaround", "IDENT": "OL26", "TYPE_CODE": "AD", "SERVCITY": "BOSWELL", "ELEVATION": 606, "LATITUDE": "33-54-20.0000N", "LONGITUDE": "095-50-10.0000W"}}, {"type": "Feature", "geometry": {"type": "Point", "coordinates": [-98.45250820005711, 36.40278408597118]}, "properties": {"NAME": "Eagle Chief", "IDENT": "OL25", "TYPE_CODE": "AD", "SERVCITY": "CLEO SPRINGS", "ELEVATION": 1199, "LATITUDE": "36-24-10.0000N", "LONGITUDE": "098-27-09.0000W"}}, {"type": "Feature", "geometry": {"type": "Point", "coordinates": [-97.00931321399723, 34.03139485005873]}, "properties": {"NAME": "Faith Fld", "IDENT": "OL27", "TYPE_CODE": "AD", "SERVCITY": "MARIETTA", "ELEVATION": 791, "LATITUDE": "34-01-53.0000N", "LONGITUDE": "097-00-33.5000W"}}, {"type": "Feature", "geometry": {"type": "Point", "coordinates": [-100.31725822368752, 29.60189943914119]}, "properties": {"NAME": "Back Porch Ranch", "IDENT": "TE25", "TYPE_CODE": "AD", "SERVCITY": "BRACKETTVILLE", "ELEVATION": 1755, "LATITUDE": "29-36-06.8200N", "LONGITUDE": "100-19-02.1000W"}}, {"type": "Feature", "geometry": {"type": "Point", "coordinates": [-98.3041094860488, 35.5838839529542]}, "properties": {"NAME": "Cedar & Sky Fly In Ranch", "IDENT": "OL28", "TYPE_CODE": "AD", "SERVCITY": "GEARY", "ELEVATION": 1588, "LATITUDE": "35-35-01.9600N", "LONGITUDE": "098-18-14.7650W"}}, {"type": "Feature", "geometry": {"type": "Point", "coordinates": [-97.0106158676333, 32.02934447435712]}, "properties": {"NAME": "Flying G Ranch", "IDENT": "08TS", "TYPE_CODE": "AD", "SERVCITY": "BYNUM", "ELEVATION": 664, "LATITUDE": "32-01-45.6200N", "LONGITUDE": "097-00-38.1900W"}}, {"type": "Feature", "geometry": {"type": "Point", "coordinates": [-97.90594921665482, 27.444849086925686]}, "properties": {"NAME": "Dawson Private Strip", "IDENT": "40TS", "TYPE_CODE": "AD", "SERVCITY": "KINGSVILLE", "ELEVATION": 74, "LATITUDE": "27-26-41.4400N", "LONGITUDE": "097-54-21.3900W"}}, {"type": "Feature", "geometry": {"type": "Point", "coordinates": [-98.44684140399687, 34.76256157971519]}, "properties": {"NAME": "Echo Mountain Airfield", "IDENT": "OL29", "TYPE_CODE": "AD", "SERVCITY": "ELGIN", "ELEVATION": 1312, "LATITUDE": "34-45-45.2000N", "LONGITUDE": "098-26-48.6000W"}}, {"type": "Feature", "geometry": {"type": "Point", "coordinates": [-96.71604480060508, 34.3725758154177]}, "properties": {"NAME": "Spring Creek Ranch East", "IDENT": "01OL", "TYPE_CODE": "AD", "SERVCITY": "TISHOMINGO", "ELEVATION": 1060, "LATITUDE": "34-22-21.2512N", "LONGITUDE": "096-42-57.7339W"}}, {"type": "Feature", "geometry": {"type": "Point", "coordinates": [-95.7276144103329, 35.94036331424344]}, "properties": {"NAME": "Red Baron Ranch", "IDENT": "OL31", "TYPE_CODE": "AD", "SERVCITY": "COWETA", "ELEVATION": 660, "LATITUDE": "35-56-25.2850N", "LONGITUDE": "095-43-39.3850W"}}, {"type": "Feature", "geometry": {"type": "Point", "coordinates": [-95.16231249152372, 29.42731069151333]}, "properties": {"NAME": "El Tejano", "IDENT": "23XA", "TYPE_CODE": "AD", "SERVCITY": "ALVIN", "ELEVATION": 20, "LATITUDE": "29-25-38.3000N", "LONGITUDE": "095-09-44.3000W"}}, {"type": "Feature", "geometry": {"type": "Point", "coordinates": [-98.12103128284492, 29.21616055084042]}, "properties": {"NAME": "Peeler Airpark", "IDENT": "TS47", "TYPE_CODE": "AD", "SERVCITY": "FLORESVILLE", "ELEVATION": 540, "LATITUDE": "29-12-58.1600N", "LONGITUDE": "098-07-15.6850W"}}, {"type": "Feature", "geometry": {"type": "Point", "coordinates": [-96.28867409042347, 33.242255846716596]}, "properties": {"NAME": "R-Ranch Airstrip", "IDENT": "TE44", "TYPE_CODE": "AD", "SERVCITY": "MERIT", "ELEVATION": 640, "LATITUDE": "33-14-32.1000N", "LONGITUDE": "096-17-19.2000W"}}, {"type": "Feature", "geometry": {"type": "Point", "coordinates": [-96.21984906971713, 33.192064173251644]}, "properties": {"NAME": "Leinart Farms Airstrip", "IDENT": "TT99", "TYPE_CODE": "AD", "SERVCITY": "MERIT", "ELEVATION": 624, "LATITUDE": "33-11-31.4100N", "LONGITUDE": "096-13-11.4300W"}}, {"type": "Feature", "geometry": {"type": "Point", "coordinates": [-97.4321271836647, 33.65070309352846]}, "properties": {"NAME": "Joseph of Cupertino Stolport", "IDENT": "TS20", "TYPE_CODE": "AD", "SERVCITY": "MUENSTER", "ELEVATION": 1093, "LATITUDE": "33-39-02.5100N", "LONGITUDE": "097-25-55.6300W"}}, {"type": "Feature", "geometry": {"type": "Point", "coordinates": [-96.04375723922826, 31.09361655231149]}, "properties": {"NAME": "16 L Ranch", "IDENT": "16TT", "TYPE_CODE": "AD", "SERVCITY": "NORMANGEE", "ELEVATION": 390, "LATITUDE": "31-05-37.0000N", "LONGITUDE": "096-02-37.5000W"}}, {"type": "Feature", "geometry": {"type": "Point", "coordinates": [-98.57986895071437, 30.4038524335198]}, "properties": {"NAME": "Hauptrief Aero", "IDENT": "15XA", "TYPE_CODE": "AD", "SERVCITY": "JOHNSON CITY", "ELEVATION": 1753, "LATITUDE": "30-24-13.8500N", "LONGITUDE": "098-34-47.5000W"}}, {"type": "Feature", "geometry": {"type": "Point", "coordinates": [-100.9118223692664, 31.81470260517037]}, "properties": {"NAME": "McCrea", "IDENT": "TA54", "TYPE_CODE": "AD", "SERVCITY": "STERLING CITY", "ELEVATION": 2358, "LATITUDE": "31-48-52.9100N", "LONGITUDE": "100-54-42.5300W"}}, {"type": "Feature", "geometry": {"type": "Point", "coordinates": [-97.67104944339567, 33.28908912701257]}, "properties": {"NAME": "Grant Ranch", "IDENT": "TT21", "TYPE_CODE": "AD", "SERVCITY": "ALVORD", "ELEVATION": 843, "LATITUDE": "33-17-20.7000N", "LONGITUDE": "097-40-15.7500W"}}, {"type": "Feature", "geometry": {"type": "Point", "coordinates": [-97.50166879482668, 32.47354453824447]}, "properties": {"NAME": "Hawkins Fld", "IDENT": "35TT", "TYPE_CODE": "AD", "SERVCITY": "GODLEY", "ELEVATION": 978, "LATITUDE": "32-28-24.7400N", "LONGITUDE": "097-30-05.9800W"}}, {"type": "Feature", "geometry": {"type": "Point", "coordinates": [-98.80070503277045, 28.539285394194316]}, "properties": {"NAME": "Y Bar Ranch", "IDENT": "TT31", "TYPE_CODE": "AD", "SERVCITY": "FOWLERTON", "ELEVATION": 367, "LATITUDE": "28-32-21.4100N", "LONGITUDE": "098-48-02.5100W"}}, {"type": "Feature", "geometry": {"type": "Point", "coordinates": [-97.96166326035483, 30.753885858267534]}, "properties": {"NAME": "Gone With The Wind", "IDENT": "20TT", "TYPE_CODE": "AD", "SERVCITY": "LIBERTY HILL", "ELEVATION": 1066, "LATITUDE": "30-45-13.9700N", "LONGITUDE": "097-57-41.9600W"}}, {"type": "Feature", "geometry": {"type": "Point", "coordinates": [-100.20200409063938, 30.86002884764875]}, "properties": {"NAME": "6 Mile Airpark", "IDENT": "06TT", "TYPE_CODE": "AD", "SERVCITY": "FORT MCKAVETT", "ELEVATION": 2165, "LATITUDE": "30-51-36.0850N", "LONGITUDE": "100-12-07.1850W"}}, {"type": "Feature", "geometry": {"type": "Point", "coordinates": [-95.36274765934904, 36.0716383563882]}, "properties": {"NAME": "Flat Rock Fld", "IDENT": "OL32", "TYPE_CODE": "AD", "SERVCITY": "CHOUTEAU", "ELEVATION": 612, "LATITUDE": "36-04-17.8750N", "LONGITUDE": "095-21-45.8650W"}}, {"type": "Feature", "geometry": {"type": "Point", "coordinates": [-97.55356330052835, 33.25186134839233]}, "properties": {"NAME": "Triple-Ace Fld", "IDENT": "35X", "TYPE_CODE": "AD", "SERVCITY": "DECATUR", "ELEVATION": 1010, "LATITUDE": "33-15-06.6800N", "LONGITUDE": "097-33-12.8000W"}}, {"type": "Feature", "geometry": {"type": "Point", "coordinates": [-98.82449400339218, 30.25210517325109]}, "properties": {"NAME": "Wieser Angus Ranch", "IDENT": "35TE", "TYPE_CODE": "AD", "SERVCITY": "FREDERICKSBURG", "ELEVATION": 1643, "LATITUDE": "30-15-07.5600N", "LONGITUDE": "098-49-28.1500W"}}, {"type": "Feature", "geometry": {"type": "Point", "coordinates": [-95.90822376789438, 28.825629987128064]}, "properties": {"NAME": "Gulf Coast Aviation", "IDENT": "43XA", "TYPE_CODE": "AD", "SERVCITY": "WADSWORTH", "ELEVATION": 23, "LATITUDE": "28-49-32.2500N", "LONGITUDE": "095-54-29.5800W"}}, {"type": "Feature", "geometry": {"type": "Point", "coordinates": [-95.93248769724023, 29.632121818856998]}, "properties": {"NAME": "Brazos Polo", "IDENT": "03TT", "TYPE_CODE": "AD", "SERVCITY": "ORCHARD", "ELEVATION": 117, "LATITUDE": "29-37-55.6200N", "LONGITUDE": "095-55-56.9300W"}}, {"type": "Feature", "geometry": {"type": "Point", "coordinates": [-99.54563098676671, 29.71370073761098]}, "properties": {"NAME": "Brushy Creek Ranch", "IDENT": "04TT", "TYPE_CODE": "AD", "SERVCITY": "UTOPIA", "ELEVATION": 1550.5, "LATITUDE": "29-42-49.3045N", "LONGITUDE": "099-32-44.2426W"}}, {"type": "Feature", "geometry": {"type": "Point", "coordinates": [-97.73456011829556, 30.14944619269945]}, "properties": {"NAME": "Hoes Ranch", "IDENT": "51TT", "TYPE_CODE": "AD", "SERVCITY": "AUSTIN", "ELEVATION": 572, "LATITUDE": "30-08-57.9876N", "LONGITUDE": "097-44-04.3890W"}}, {"type": "Feature", "geometry": {"type": "Point", "coordinates": [-100.52081146042237, 36.04715335755378]}, "properties": {"NAME": "Mathers Fld", "IDENT": "14TT", "TYPE_CODE": "AD", "SERVCITY": "CANADIAN", "ELEVATION": 2688, "LATITUDE": "36-02-49.7300N", "LONGITUDE": "100-31-14.8900W"}}, {"type": "Feature", "geometry": {"type": "Point", "coordinates": [-99.02223572156441, 30.308807954920923]}, "properties": {"NAME": "Lz Tango Charlie", "IDENT": "08TT", "TYPE_CODE": "AD", "SERVCITY": "FREDERICKSBURG", "ELEVATION": 2054, "LATITUDE": "30-18-31.6900N", "LONGITUDE": "099-01-20.0200W"}}, {"type": "Feature", "geometry": {"type": "Point", "coordinates": [-96.22412968927578, 34.174149079947355]}, "properties": {"NAME": "Flying E Ranch", "IDENT": "OK16", "TYPE_CODE": "AD", "SERVCITY": "CANEY", "ELEVATION": 706, "LATITUDE": "34-10-26.9150N", "LONGITUDE": "096-13-26.8400W"}}, {"type": "Feature", "geometry": {"type": "Point", "coordinates": [-97.06162073924855, 35.00199685689918]}, "properties": {"NAME": "Flying S Ranch", "IDENT": "OL30", "TYPE_CODE": "AD", "SERVCITY": "WANETTE", "ELEVATION": 1052, "LATITUDE": "35-00-07.1666N", "LONGITUDE": "097-03-41.8068W"}}, {"type": "Feature", "geometry": {"type": "Point", "coordinates": [-98.12021901402424, 33.50960025814439]}, "properties": {"NAME": "Scott Ranch", "IDENT": "93XA", "TYPE_CODE": "AD", "SERVCITY": "BUFFALO SPRINGS", "ELEVATION": 1069, "LATITUDE": "33-30-34.5400N", "LONGITUDE": "098-07-12.7600W"}}, {"type": "Feature", "geometry": {"type": "Point", "coordinates": [-96.63839643216674, 33.72135314283981]}, "properties": {"NAME": "Harrison Fld", "IDENT": "58TE", "TYPE_CODE": "AD", "SERVCITY": "DENISON", "ELEVATION": 770, "LATITUDE": "33-43-16.8500N", "LONGITUDE": "096-38-18.2000W"}}, {"type": "Feature", "geometry": {"type": "Point", "coordinates": [-97.21111878455976, 33.491533630197175]}, "properties": {"NAME": "Flaherty", "IDENT": "54XA", "TYPE_CODE": "AD", "SERVCITY": "VALLEY VIEW", "ELEVATION": 802, "LATITUDE": "33-29-29.5000N", "LONGITUDE": "097-12-40.0000W"}}, {"type": "Feature", "geometry": {"type": "Point", "coordinates": [-97.77181308646864, 27.836949171262148]}, "properties": {"NAME": "Hfs", "IDENT": "44XA", "TYPE_CODE": "AD", "SERVCITY": "ROBSTOWN", "ELEVATION": 72, "LATITUDE": "27-50-13.0000N", "LONGITUDE": "097-46-18.5000W"}}, {"type": "Feature", "geometry": {"type": "Point", "coordinates": [-100.12989720029965, 32.137186030838926]}, "properties": {"NAME": "Scott Airfield", "IDENT": "88TE", "TYPE_CODE": "AD", "SERVCITY": "WINGATE", "ELEVATION": 2179, "LATITUDE": "32-08-13.8500N", "LONGITUDE": "100-07-47.6000W"}}, {"type": "Feature", "geometry": {"type": "Point", "coordinates": [-98.4224745279872, 31.559308216481803]}, "properties": {"NAME": "Cabrito", "IDENT": "98TS", "TYPE_CODE": "AD", "SERVCITY": "GOLDTHWAITE", "ELEVATION": 1679, "LATITUDE": "31-33-33.4900N", "LONGITUDE": "098-25-20.8800W"}}, {"type": "Feature", "geometry": {"type": "Point", "coordinates": [-97.00215753061174, 31.99585557928689]}, "properties": {"NAME": "Left Wing Low", "IDENT": "28TT", "TYPE_CODE": "AD", "SERVCITY": "BYNUM", "ELEVATION": 596, "LATITUDE": "31-59-45.0600N", "LONGITUDE": "097-00-07.7400W"}}, {"type": "Feature", "geometry": {"type": "Point", "coordinates": [-97.10077154126607, 33.59375309813258]}, "properties": {"NAME": "D An P Farm", "IDENT": "12TT", "TYPE_CODE": "AD", "SERVCITY": "GAINESVILLE", "ELEVATION": 771, "LATITUDE": "33-35-37.4900N", "LONGITUDE": "097-06-02.7500W"}}, {"type": "Feature", "geometry": {"type": "Point", "coordinates": [-97.76361876140828, 30.660144180506805]}, "properties": {"NAME": "Skyline Ranch", "IDENT": "60XA", "TYPE_CODE": "AD", "SERVCITY": "GEORGETOWN", "ELEVATION": 954, "LATITUDE": "30-39-36.5000N", "LONGITUDE": "097-45-49.0000W"}}, {"type": "Feature", "geometry": {"type": "Point", "coordinates": [-97.52004300578062, 30.64202613005714]}, "properties": {"NAME": "Randys Airpark", "IDENT": "TA68", "TYPE_CODE": "AD", "SERVCITY": "GEORGETOWN", "ELEVATION": 602, "LATITUDE": "30-38-31.2750N", "LONGITUDE": "097-31-12.1275W"}}, {"type": "Feature", "geometry": {"type": "Point", "coordinates": [-95.23080144370996, 30.455597010537073]}, "properties": {"NAME": "Duke Intl", "IDENT": "42TT", "TYPE_CODE": "AD", "SERVCITY": "CLEVELAND", "ELEVATION": 250, "LATITUDE": "30-27-20.1300N", "LONGITUDE": "095-13-50.8600W"}}, {"type": "Feature", "geometry": {"type": "Point", "coordinates": [-97.70274290250875, 35.01233999397887]}, "properties": {"NAME": "Bluebird", "IDENT": "03OL", "TYPE_CODE": "AD", "SERVCITY": "ALEX", "ELEVATION": 1232, "LATITUDE": "35-00-44.4020N", "LONGITUDE": "097-42-09.8460W"}}, {"type": "Feature", "geometry": {"type": "Point", "coordinates": [-95.95452029256496, 32.48752471706942]}, "properties": {"NAME": "Knight Trow Ranch", "IDENT": "80XA", "TYPE_CODE": "AD", "SERVCITY": "CANTON", "ELEVATION": 505, "LATITUDE": "32-29-15.0684N", "LONGITUDE": "095-57-16.2468W"}}, {"type": "Feature", "geometry": {"type": "Point", "coordinates": [-96.71222958286701, 30.11944966717925]}, "properties": {"NAME": "Sands Hill", "IDENT": "27TX", "TYPE_CODE": "AD", "SERVCITY": "CARMINE", "ELEVATION": 403, "LATITUDE": "30-07-10.0000N", "LONGITUDE": "096-42-44.0000W"}}, {"type": "Feature", "geometry": {"type": "Point", "coordinates": [-96.04129327350473, 29.486637062553477]}, "properties": {"NAME": "Stiffs Airpark", "IDENT": "72XA", "TYPE_CODE": "AD", "SERVCITY": "BEASLEY", "ELEVATION": 118, "LATITUDE": "29-29-11.8750N", "LONGITUDE": "096-02-28.6300W"}}, {"type": "Feature", "geometry": {"type": "Point", "coordinates": [-95.0837139097204, 30.535840087071474]}, "properties": {"NAME": "Rocking B Cattle", "IDENT": "75XA", "TYPE_CODE": "AD", "SERVCITY": "COLDSPRING", "ELEVATION": 287, "LATITUDE": "30-32-09.0050N", "LONGITUDE": "095-05-01.3450W"}}, {"type": "Feature", "geometry": {"type": "Point", "coordinates": [-97.91774669290325, 32.739211237118404]}, "properties": {"NAME": "Wayport", "IDENT": "78XA", "TYPE_CODE": "AD", "SERVCITY": "MILLSAP", "ELEVATION": 1079, "LATITUDE": "32-44-21.1400N", "LONGITUDE": "097-55-03.8600W"}}, {"type": "Feature", "geometry": {"type": "Point", "coordinates": [-98.11463269894227, 29.8583351220022]}, "properties": {"NAME": "Ausmus", "IDENT": "57XA", "TYPE_CODE": "AD", "SERVCITY": "NEW BRAUNFELS", "ELEVATION": 957, "LATITUDE": "29-51-29.9880N", "LONGITUDE": "098-06-52.6500W"}}, {"type": "Feature", "geometry": {"type": "Point", "coordinates": [-94.70989990752277, 30.15762057918387]}, "properties": {"NAME": "Circle C Ranch", "IDENT": "TT19", "TYPE_CODE": "AD", "SERVCITY": "HARDIN", "ELEVATION": 72, "LATITUDE": "30-09-27.4150N", "LONGITUDE": "094-42-35.6150W"}}, {"type": "Feature", "geometry": {"type": "Point", "coordinates": [-98.39745515748861, 32.93673902962997]}, "properties": {"NAME": "Cosmo Fld", "IDENT": "TT16", "TYPE_CODE": "AD", "SERVCITY": "GRAFORD", "ELEVATION": 1059, "LATITUDE": "32-56-12.2400N", "LONGITUDE": "098-23-50.8100W"}}, {"type": "Feature", "geometry": {"type": "Point", "coordinates": [-96.08204374608674, 35.8601357268389]}, "properties": {"NAME": "Aviation Acres", "IDENT": "OL35", "TYPE_CODE": "AD", "SERVCITY": "MOUNDS", "ELEVATION": 775, "LATITUDE": "35-51-36.4658N", "LONGITUDE": "096-04-55.3303W"}}, {"type": "Feature", "geometry": {"type": "Point", "coordinates": [-98.38302707958266, 26.47950443068097]}, "properties": {"NAME": "Bfs West", "IDENT": "TA20", "TYPE_CODE": "AD", "SERVCITY": "MC COOK", "ELEVATION": 300, "LATITUDE": "26-28-46.2000N", "LONGITUDE": "098-22-58.8700W"}}, {"type": "Feature", "geometry": {"type": "Point", "coordinates": [-96.49835193084509, 33.40015031115176]}, "properties": {"NAME": "Parkers Landing", "IDENT": "TX16", "TYPE_CODE": "AD", "SERVCITY": "VAN ALSTYNE", "ELEVATION": 688, "LATITUDE": "33-24-00.5200N", "LONGITUDE": "096-29-54.0400W"}}, {"type": "Feature", "geometry": {"type": "Point", "coordinates": [-95.64758500035238, 32.63337798003821]}, "properties": {"NAME": "Bowen Lake Ranch", "IDENT": "96TS", "TYPE_CODE": "AD", "SERVCITY": "GRAND SALINE", "ELEVATION": 460, "LATITUDE": "32-38-00.1400N", "LONGITUDE": "095-38-51.2800W"}}, {"type": "Feature", "geometry": {"type": "Point", "coordinates": [-98.7993441547187, 33.07571403715884]}, "properties": {"NAME": "Burkett Ranch/Jackson Pasture", "IDENT": "TT40", "TYPE_CODE": "AD", "SERVCITY": "GRAHAM", "ELEVATION": 1214, "LATITUDE": "33-04-32.5500N", "LONGITUDE": "098-47-57.6100W"}}, {"type": "Feature", "geometry": {"type": "Point", "coordinates": [-97.69339660905325, 32.27246671423395]}, "properties": {"NAME": "Pastrana Ranch", "IDENT": "TT12", "TYPE_CODE": "AD", "SERVCITY": "RAINBOW", "ELEVATION": 712, "LATITUDE": "32-16-20.8600N", "LONGITUDE": "097-41-36.2000W"}}, {"type": "Feature", "geometry": {"type": "Point", "coordinates": [-99.5540580389255, 29.58508557450626]}, "properties": {"NAME": "Hidden Valley Ranch", "IDENT": "TS90", "TYPE_CODE": "AD", "SERVCITY": "UTOPIA", "ELEVATION": 1417, "LATITUDE": "29-35-06.2900N", "LONGITUDE": "099-33-14.5800W"}}, {"type": "Feature", "geometry": {"type": "Point", "coordinates": [-96.41863783863657, 30.031619104935338]}, "properties": {"NAME": "3 Barrel Ranch", "IDENT": "TT65", "TYPE_CODE": "AD", "SERVCITY": "BLEIBLERVILLE", "ELEVATION": 311, "LATITUDE": "30-01-53.8100N", "LONGITUDE": "096-25-07.0700W"}}, {"type": "Feature", "geometry": {"type": "Point", "coordinates": [-96.80852693205661, 32.10812783075252]}, "properties": {"NAME": "Rowdy T Ranch", "IDENT": "TT66", "TYPE_CODE": "AD", "SERVCITY": "FROST", "ELEVATION": 538, "LATITUDE": "32-06-29.2400N", "LONGITUDE": "096-48-30.6700W"}}, {"type": "Feature", "geometry": {"type": "Point", "coordinates": [-94.59493310731374, 35.08559826994682]}, "properties": {"NAME": "Bratton", "IDENT": "OL38", "TYPE_CODE": "AD", "SERVCITY": "POTEAU", "ELEVATION": 457, "LATITUDE": "35-05-08.1312N", "LONGITUDE": "094-35-41.7336W"}}, {"type": "Feature", "geometry": {"type": "Point", "coordinates": [-97.0903075181483, 31.362281842626324]}, "properties": {"NAME": "Skid Row Airpark", "IDENT": "42XA", "TYPE_CODE": "AD", "SERVCITY": "GOLINDA", "ELEVATION": 472, "LATITUDE": "31-21-44.1950N", "LONGITUDE": "097-05-25.0800W"}}, {"type": "Feature", "geometry": {"type": "Point", "coordinates": [-94.94169027662491, 30.834063763552944]}, "properties": {"NAME": "Rcade Ranch", "IDENT": "35XA", "TYPE_CODE": "AD", "SERVCITY": "LIVINGSTON", "ELEVATION": 267, "LATITUDE": "30-50-02.6100N", "LONGITUDE": "094-56-30.0600W"}}, {"type": "Feature", "geometry": {"type": "Point", "coordinates": [-97.83974944821232, 32.686361230650434]}, "properties": {"NAME": "Circle W Ranch", "IDENT": "77TX", "TYPE_CODE": "AD", "SERVCITY": "WEATHERFORD", "ELEVATION": 978, "LATITUDE": "32-41-10.8800N", "LONGITUDE": "097-50-23.0700W"}}, {"type": "Feature", "geometry": {"type": "Point", "coordinates": [-96.22507526753274, 29.541695401608663]}, "properties": {"NAME": "Lissie Flying Service", "IDENT": "TX90", "TYPE_CODE": "AD", "SERVCITY": "LISSIE", "ELEVATION": 152, "LATITUDE": "29-32-30.0850N", "LONGITUDE": "096-13-30.2450W"}}, {"type": "Feature", "geometry": {"type": "Point", "coordinates": [-95.36104864245615, 29.167910631381822]}, "properties": {"NAME": "McIntyre Flying", "IDENT": "53XA", "TYPE_CODE": "AD", "SERVCITY": "ANGLETON", "ELEVATION": 14, "LATITUDE": "29-10-04.4600N", "LONGITUDE": "095-21-39.7500W"}}, {"type": "Feature", "geometry": {"type": "Point", "coordinates": [-100.00631920764506, 28.375133935179928]}, "properties": {"NAME": "Wildlife/Stroud", "IDENT": "TS80", "TYPE_CODE": "AD", "SERVCITY": "CATARINA", "ELEVATION": 853, "LATITUDE": "28-22-30.4650N", "LONGITUDE": "100-00-22.7200W"}}, {"type": "Feature", "geometry": {"type": "Point", "coordinates": [-94.2106540844239, 32.85128086055049]}, "properties": {"NAME": "Dragon Lady", "IDENT": "TT37", "TYPE_CODE": "AD", "SERVCITY": "JEFFERSON", "ELEVATION": 260, "LATITUDE": "32-51-04.5900N", "LONGITUDE": "094-12-38.3300W"}}, {"type": "Feature", "geometry": {"type": "Point", "coordinates": [-95.26681268602712, 32.731950237079445]}, "properties": {"NAME": "Alpha Whisky Airstrip", "IDENT": "TA27", "TYPE_CODE": "AD", "SERVCITY": "MINEOLA", "ELEVATION": 385, "LATITUDE": "32-43-55.0000N", "LONGITUDE": "095-16-00.5000W"}}, {"type": "Feature", "geometry": {"type": "Point", "coordinates": [-95.30871831081033, 33.693274031491924]}, "properties": {"NAME": "Whitaker's Landing", "IDENT": "72XS", "TYPE_CODE": "AD", "SERVCITY": "PARIS", "ELEVATION": 545, "LATITUDE": "33-41-35.7650N", "LONGITUDE": "095-18-31.3600W"}}, {"type": "Feature", "geometry": {"type": "Point", "coordinates": [-94.69584299452222, 30.903580453638913]}, "properties": {"NAME": "Barnes Air Fld", "IDENT": "65XA", "TYPE_CODE": "AD", "SERVCITY": "BARNES", "ELEVATION": 240, "LATITUDE": "30-54-12.8700N", "LONGITUDE": "094-41-45.0100W"}}, {"type": "Feature", "geometry": {"type": "Point", "coordinates": [-99.58869163569207, 34.05101973125489]}, "properties": {"NAME": "Daniel Hq/Pease Valley Airstrip", "IDENT": "TT50", "TYPE_CODE": "AD", "SERVCITY": "CROWELL", "ELEVATION": 1370, "LATITUDE": "34-03-03.6500N", "LONGITUDE": "099-35-19.2600W"}}, {"type": "Feature", "geometry": {"type": "Point", "coordinates": [-94.47377105297313, 36.282582884644995]}, "properties": {"NAME": "Diamond C", "IDENT": "71AR", "TYPE_CODE": "AD", "SERVCITY": "GENTRY", "ELEVATION": 1270, "LATITUDE": "36-16-57.2750N", "LONGITUDE": "094-28-25.5500W"}}, {"type": "Feature", "geometry": {"type": "Point", "coordinates": [-96.6077305005774, 34.43954147181863]}, "properties": {"NAME": "Cooper Coles Ranch", "IDENT": "OL37", "TYPE_CODE": "AD", "SERVCITY": "CONNERVILLE", "ELEVATION": 954, "LATITUDE": "34-26-22.3275N", "LONGITUDE": "096-36-27.8025W"}}, {"type": "Feature", "geometry": {"type": "Point", "coordinates": [-95.74583213052193, 30.4325608764131]}, "properties": {"NAME": "Berkley Ranch", "IDENT": "TT75", "TYPE_CODE": "AD", "SERVCITY": "CONROE", "ELEVATION": 325, "LATITUDE": "30-25-57.2000N", "LONGITUDE": "095-44-44.9700W"}}, {"type": "Feature", "geometry": {"type": "Point", "coordinates": [-97.95987975367811, 26.49037944347066]}, "properties": {"NAME": "Rowland Dusters", "IDENT": "75XS", "TYPE_CODE": "AD", "SERVCITY": "LASARA", "ELEVATION": 50, "LATITUDE": "26-29-25.3500N", "LONGITUDE": "097-57-35.5400W"}}, {"type": "Feature", "geometry": {"type": "Point", "coordinates": [-98.5337666387969, 27.92958000190147]}, "properties": {"NAME": "Silverhorn Ranch", "IDENT": "19TS", "TYPE_CODE": "AD", "SERVCITY": "FREER", "ELEVATION": 691.4, "LATITUDE": "27-55-46.4710N", "LONGITUDE": "098-32-01.5321W"}}, {"type": "Feature", "geometry": {"type": "Point", "coordinates": [-97.26787988447944, 33.090452997071125]}, "properties": {"NAME": "Blue Jay Airfield", "IDENT": "XA49", "TYPE_CODE": "AD", "SERVCITY": "JUSTIN", "ELEVATION": 668, "LATITUDE": "33-05-25.6100N", "LONGITUDE": "097-16-04.3400W"}}, {"type": "Feature", "geometry": {"type": "Point", "coordinates": [-97.52806050740206, 33.11346410084916]}, "properties": {"NAME": "Flack Fld", "IDENT": "62TS", "TYPE_CODE": "AD", "SERVCITY": "DECATUR", "ELEVATION": 778, "LATITUDE": "33-06-48.4500N", "LONGITUDE": "097-31-40.9900W"}}, {"type": "Feature", "geometry": {"type": "Point", "coordinates": [-96.43123787904233, 30.804722036589858]}, "properties": {"NAME": "Pc", "IDENT": "TT46", "TYPE_CODE": "AD", "SERVCITY": "BRYAN", "ELEVATION": 399, "LATITUDE": "30-48-16.9800N", "LONGITUDE": "096-25-52.4300W"}}, {"type": "Feature", "geometry": {"type": "Point", "coordinates": [-97.16319255082979, 31.628931613274077]}, "properties": {"NAME": "Three Ninety-Eighth", "IDENT": "98XA", "TYPE_CODE": "AD", "SERVCITY": "WACO", "ELEVATION": 460, "LATITUDE": "31-37-44.1340N", "LONGITUDE": "097-09-47.4660W"}}, {"type": "Feature", "geometry": {"type": "Point", "coordinates": [-96.63184798616155, 36.04378550923696]}, "properties": {"NAME": "Patti Air Strip", "IDENT": "OL40", "TYPE_CODE": "AD", "SERVCITY": "CUSHING", "ELEVATION": 760, "LATITUDE": "36-02-37.6050N", "LONGITUDE": "096-37-54.6250W"}}, {"type": "Feature", "geometry": {"type": "Point", "coordinates": [-97.44227426510052, 31.20424290930529]}, "properties": {"NAME": "Flying Fajita", "IDENT": "84TA", "TYPE_CODE": "AD", "SERVCITY": "MOODY", "ELEVATION": 730, "LATITUDE": "31-12-15.2550N", "LONGITUDE": "097-26-32.1600W"}}, {"type": "Feature", "geometry": {"type": "Point", "coordinates": [-97.93625775674431, 31.85431107009334]}, "properties": {"NAME": "White Stone Ranch", "IDENT": "22XA", "TYPE_CODE": "AD", "SERVCITY": "HICO", "ELEVATION": 1174, "LATITUDE": "31-51-15.5000N", "LONGITUDE": "097-56-10.5000W"}}, {"type": "Feature", "geometry": {"type": "Point", "coordinates": [-97.38590190900699, 28.63067990083213]}, "properties": {"NAME": "Gritz Fld", "IDENT": "XS46", "TYPE_CODE": "AD", "SERVCITY": "GOLIAD", "ELEVATION": 182, "LATITUDE": "28-37-50.4300N", "LONGITUDE": "097-23-09.2200W"}}, {"type": "Feature", "geometry": {"type": "Point", "coordinates": [-101.66348079561216, 30.235005065088572]}, "properties": {"NAME": "Hacienda Rio Lindo Ranch", "IDENT": "79XA", "TYPE_CODE": "AD", "SERVCITY": "OZONA", "ELEVATION": 1677, "LATITUDE": "30-14-06.0000N", "LONGITUDE": "101-39-48.5000W"}}, {"type": "Feature", "geometry": {"type": "Point", "coordinates": [-97.00113538947683, 33.35119472455879]}, "properties": {"NAME": "Shady Lane Ranch", "IDENT": "88TT", "TYPE_CODE": "AD", "SERVCITY": "PILOT POINT", "ELEVATION": 650, "LATITUDE": "33-21-04.2800N", "LONGITUDE": "097-00-04.0600W"}}, {"type": "Feature", "geometry": {"type": "Point", "coordinates": [-97.32236898347968, 35.88625627868872]}, "properties": {"NAME": "Gk Edwards", "IDENT": "OL56", "TYPE_CODE": "AD", "SERVCITY": "GUTHRIE", "ELEVATION": 1108, "LATITUDE": "35-53-10.5000N", "LONGITUDE": "097-19-20.5000W"}}, {"type": "Feature", "geometry": {"type": "Point", "coordinates": [-96.46767971757785, 33.65881424993499]}, "properties": {"NAME": "Kelly Air Fld", "IDENT": "TT98", "TYPE_CODE": "AD", "SERVCITY": "BELLS", "ELEVATION": 630, "LATITUDE": "33-39-31.7100N", "LONGITUDE": "096-28-03.6200W"}}, {"type": "Feature", "geometry": {"type": "Point", "coordinates": [-95.98037956191254, 33.16782529012351]}, "properties": {"NAME": "Olympus", "IDENT": "38TT", "TYPE_CODE": "AD", "SERVCITY": "CAMPBELL", "ELEVATION": 613, "LATITUDE": "33-10-04.1500N", "LONGITUDE": "095-58-49.3400W"}}, {"type": "Feature", "geometry": {"type": "Point", "coordinates": [-95.4813969087109, 30.69758038328626]}, "properties": {"NAME": "Four Notch", "IDENT": "TT41", "TYPE_CODE": "AD", "SERVCITY": "HUNTSVILLE", "ELEVATION": 367, "LATITUDE": "30-41-51.2700N", "LONGITUDE": "095-28-53.0034W"}}, {"type": "Feature", "geometry": {"type": "Point", "coordinates": [-96.7347770178448, 33.81510593384109]}, "properties": {"NAME": "Donna Fld", "IDENT": "33TE", "TYPE_CODE": "AD", "SERVCITY": "POTTSBORO", "ELEVATION": 787, "LATITUDE": "33-48-54.3600N", "LONGITUDE": "096-44-05.1700W"}}, {"type": "Feature", "geometry": {"type": "Point", "coordinates": [-97.25268803252158, 29.68275511713802]}, "properties": {"NAME": "Wt Airpark", "IDENT": "90TT", "TYPE_CODE": "AD", "SERVCITY": "WAELDER", "ELEVATION": 369, "LATITUDE": "29-40-57.9000N", "LONGITUDE": "097-15-09.6500W"}}, {"type": "Feature", "geometry": {"type": "Point", "coordinates": [-103.55278675936106, 29.614032660781263]}, "properties": {"NAME": "Big Bend Valley", "IDENT": "70TT", "TYPE_CODE": "AD", "SERVCITY": "TERLINGUA", "ELEVATION": 3344, "LATITUDE": "29-36-50.5000N", "LONGITUDE": "103-33-10.0000W"}}, {"type": "Feature", "geometry": {"type": "Point", "coordinates": [-100.02214707444148, 30.29054680353931]}, "properties": {"NAME": "Orth Pasture", "IDENT": "TT91", "TYPE_CODE": "AD", "SERVCITY": "JUNCTION", "ELEVATION": 2304, "LATITUDE": "30-17-25.9500N", "LONGITUDE": "100-01-19.7000W"}}, {"type": "Feature", "geometry": {"type": "Point", "coordinates": [-98.11306323554918, 29.43778281708883]}, "properties": {"NAME": "Tg Farms", "IDENT": "90XA", "TYPE_CODE": "AD", "SERVCITY": "NEW BERLIN", "ELEVATION": 555, "LATITUDE": "29-26-16.0000N", "LONGITUDE": "098-06-47.0000W"}}, {"type": "Feature", "geometry": {"type": "Point", "coordinates": [-98.40084132509864, 33.79858918664646]}, "properties": {"NAME": "Lame Donkey", "IDENT": "XS22", "TYPE_CODE": "AD", "SERVCITY": "WICHITA FALLS", "ELEVATION": 935, "LATITUDE": "33-47-54.9000N", "LONGITUDE": "098-24-03.0000W"}}, {"type": "Feature", "geometry": {"type": "Point", "coordinates": [-100.43209159801545, 29.898491158410913]}, "properties": {"NAME": "Kubik Ranch", "IDENT": "58XA", "TYPE_CODE": "AD", "SERVCITY": "ROCKSPRINGS", "ELEVATION": 1965, "LATITUDE": "29-53-54.5500N", "LONGITUDE": "100-25-55.5000W"}}, {"type": "Feature", "geometry": {"type": "Point", "coordinates": [-100.43490818571972, 28.023857466258878]}, "properties": {"NAME": "Bracitos East", "IDENT": null, "TYPE_CODE": "AD", "SERVCITY": null, "ELEVATION": 932, "LATITUDE": "28.02385278", "LONGITUDE": "-100.4349"}}, {"type": "Feature", "geometry": {"type": "Point", "coordinates": [-94.58390966276504, 31.498408355574757]}, "properties": {"NAME": "Flying H Air Ranch", "IDENT": "62XA", "TYPE_CODE": "AD", "SERVCITY": "NACOGDOCHES", "ELEVATION": 254, "LATITUDE": "31-29-54.2500N", "LONGITUDE": "094-35-02.0500W"}}, {"type": "Feature", "geometry": {"type": "Point", "coordinates": [-99.38389722009437, 35.133061597183946]}, "properties": {"NAME": "Porter", "IDENT": "OL44", "TYPE_CODE": "AD", "SERVCITY": "RETROP", "ELEVATION": 1807, "LATITUDE": "35-07-59.0000N", "LONGITUDE": "099-23-02.0000W"}}, {"type": "Feature", "geometry": {"type": "Point", "coordinates": [-97.82330194390373, 26.555090571415985]}, "properties": {"NAME": "Scott", "IDENT": "TA28", "TYPE_CODE": "AD", "SERVCITY": "RAYMONDVILLE", "ELEVATION": 41, "LATITUDE": "26-33-18.3100N", "LONGITUDE": "097-49-23.8600W"}}, {"type": "Feature", "geometry": {"type": "Point", "coordinates": [-100.93514747774415, 33.46250567476653]}, "properties": {"NAME": "Tr Zato", "IDENT": "83XA", "TYPE_CODE": "AD", "SERVCITY": "SPUR", "ELEVATION": 2408, "LATITUDE": "33-27-45.0000N", "LONGITUDE": "100-56-06.5000W"}}, {"type": "Feature", "geometry": {"type": "Point", "coordinates": [-98.25168018464785, 33.913097548333226]}, "properties": {"NAME": "Mathews", "IDENT": "66XA", "TYPE_CODE": "AD", "SERVCITY": "HENRIETTA", "ELEVATION": 960, "LATITUDE": "33-54-47.1300N", "LONGITUDE": "098-15-06.0200W"}}, {"type": "Feature", "geometry": {"type": "Point", "coordinates": [-98.77697454622927, 30.22089405795893]}, "properties": {"NAME": "Boma", "IDENT": "XA45", "TYPE_CODE": "AD", "SERVCITY": "FREDERICKSBURG", "ELEVATION": 1571, "LATITUDE": "30-13-15.2000N", "LONGITUDE": "098-46-37.0800W"}}, {"type": "Feature", "geometry": {"type": "Point", "coordinates": [-98.14476624271062, 33.51818081458604]}, "properties": {"NAME": "J-L Ranch", "IDENT": "67XA", "TYPE_CODE": "AD", "SERVCITY": "BOWIE", "ELEVATION": 1134, "LATITUDE": "33-31-05.4300N", "LONGITUDE": "098-08-41.1300W"}}, {"type": "Feature", "geometry": {"type": "Point", "coordinates": [-99.52091914260699, 29.600838355699754]}, "properties": {"NAME": "Waresville", "IDENT": "TS41", "TYPE_CODE": "AD", "SERVCITY": "UTOPIA", "ELEVATION": 1347, "LATITUDE": "29-36-03.0000N", "LONGITUDE": "099-31-15.2800W"}}, {"type": "Feature", "geometry": {"type": "Point", "coordinates": [-97.39834658324584, 33.07283354402607]}, "properties": {"NAME": "Freedom", "IDENT": "XS05", "TYPE_CODE": "AD", "SERVCITY": "NEW FAIRVIEW", "ELEVATION": 840, "LATITUDE": "33-04-22.1800N", "LONGITUDE": "097-23-54.0200W"}}, {"type": "Feature", "geometry": {"type": "Point", "coordinates": [-95.65604617115153, 33.577083716001326]}, "properties": {"NAME": "Ambia Farm", "IDENT": "21TX", "TYPE_CODE": "AD", "SERVCITY": "PARIS", "ELEVATION": 572, "LATITUDE": "33-34-37.4800N", "LONGITUDE": "095-39-21.7400W"}}, {"type": "Feature", "geometry": {"type": "Point", "coordinates": [-97.52299098362336, 31.80181385394816]}, "properties": {"NAME": "Hidden Ridge Ranch", "IDENT": "89XA", "TYPE_CODE": "AD", "SERVCITY": "CLIFTON", "ELEVATION": 863, "LATITUDE": "31-48-06.5100N", "LONGITUDE": "097-31-22.7400W"}}, {"type": "Feature", "geometry": {"type": "Point", "coordinates": [-95.61126560921842, 33.66515178965214]}, "properties": {"NAME": "Flying H Fld", "IDENT": "TT44", "TYPE_CODE": "AD", "SERVCITY": "PARIS", "ELEVATION": 574, "LATITUDE": "33-39-54.5250N", "LONGITUDE": "095-36-40.5300W"}}, {"type": "Feature", "geometry": {"type": "Point", "coordinates": [-101.5659308537778, 31.748066454614282]}, "properties": {"NAME": "Tres Amigos", "IDENT": "73XA", "TYPE_CODE": "AD", "SERVCITY": "GARDEN CITY", "ELEVATION": 2694, "LATITUDE": "31-44-53.0200N", "LONGITUDE": "101-33-57.3200W"}}, {"type": "Feature", "geometry": {"type": "Point", "coordinates": [-97.44461744529858, 33.34889887125031]}, "properties": {"NAME": "Fleck", "IDENT": "67TT", "TYPE_CODE": "AD", "SERVCITY": "DECATUR", "ELEVATION": 883, "LATITUDE": "33-20-56.0150N", "LONGITUDE": "097-26-40.5950W"}}, {"type": "Feature", "geometry": {"type": "Point", "coordinates": [-96.67750769311849, 35.69861738970611]}, "properties": {"NAME": "Midway", "IDENT": "OL39", "TYPE_CODE": "AD", "SERVCITY": "STROUD", "ELEVATION": 853, "LATITUDE": "35-41-55.0000N", "LONGITUDE": "096-40-39.0000W"}}, {"type": "Feature", "geometry": {"type": "Point", "coordinates": [-96.24362802319452, 34.90809765790747]}, "properties": {"NAME": "Lobo Fld", "IDENT": "OL41", "TYPE_CODE": "AD", "SERVCITY": "CALVIN", "ELEVATION": 792, "LATITUDE": "34-54-29.1294N", "LONGITUDE": "096-14-37.0338W"}}, {"type": "Feature", "geometry": {"type": "Point", "coordinates": [-96.95747165141353, 36.02738246143774]}, "properties": {"NAME": "Cottonwood", "IDENT": "OK66", "TYPE_CODE": "AD", "SERVCITY": "STILLWATER", "ELEVATION": 950, "LATITUDE": "36-01-38.5541N", "LONGITUDE": "096-57-26.8699W"}}, {"type": "Feature", "geometry": {"type": "Point", "coordinates": [-99.40748494830868, 30.181456388387122]}, "properties": {"NAME": "Rancho Paraiso", "IDENT": "41TT", "TYPE_CODE": "AD", "SERVCITY": "MOUNTAIN HOME", "ELEVATION": 2095.7, "LATITUDE": "30-10-53.2245N", "LONGITUDE": "099-24-26.9169W"}}, {"type": "Feature", "geometry": {"type": "Point", "coordinates": [-95.32713018474858, 30.314362339479963]}, "properties": {"NAME": "Chennault Airfield", "IDENT": "25TX", "TYPE_CODE": "AD", "SERVCITY": "CUT AND SHOOT", "ELEVATION": 169, "LATITUDE": "30-18-51.6853N", "LONGITUDE": "095-19-37.6434W"}}, {"type": "Feature", "geometry": {"type": "Point", "coordinates": [-97.7057996325901, 35.83199930525861]}, "properties": {"NAME": "Jirik Fld", "IDENT": "OL23", "TYPE_CODE": "AD", "SERVCITY": "CASHION", "ELEVATION": 1069, "LATITUDE": "35-49-55.1750N", "LONGITUDE": "097-42-20.8500W"}}, {"type": "Feature", "geometry": {"type": "Point", "coordinates": [-95.56509285030943, 35.707111197431765]}, "properties": {"NAME": "Wingit", "IDENT": "OL48", "TYPE_CODE": "AD", "SERVCITY": "HASKELL", "ELEVATION": 650, "LATITUDE": "35-42-25.5775N", "LONGITUDE": "095-33-54.3076W"}}, {"type": "Feature", "geometry": {"type": "Point", "coordinates": [-99.93694892100083, 34.51661190657461]}, "properties": {"NAME": "Nowhere", "IDENT": "00TT", "TYPE_CODE": "AD", "SERVCITY": "GOODLETT", "ELEVATION": 1752, "LATITUDE": "34-30-59.7816N", "LONGITUDE": "099-56-12.9858W"}}, {"type": "Feature", "geometry": {"type": "Point", "coordinates": [-98.90105032083966, 31.719949199277153]}, "properties": {"NAME": "Pilots Landing", "IDENT": "81TE", "TYPE_CODE": "AD", "SERVCITY": "EARLY", "ELEVATION": 1408, "LATITUDE": "31-43-11.7975N", "LONGITUDE": "098-54-03.7524W"}}, {"type": "Feature", "geometry": {"type": "Point", "coordinates": [-101.04983891366723, 32.92160776862315]}, "properties": {"NAME": "Covered S Ranch", "IDENT": "XS36", "TYPE_CODE": "AD", "SERVCITY": "SNYDER", "ELEVATION": 2454, "LATITUDE": "32-55-17.7679N", "LONGITUDE": "101-02-59.3892W"}}, {"type": "Feature", "geometry": {"type": "Point", "coordinates": [-100.19023184100615, 30.373312089903706]}, "properties": {"NAME": "Rocking L", "IDENT": "11T", "TYPE_CODE": "AD", "SERVCITY": "SONORA", "ELEVATION": 2339, "LATITUDE": "30-22-23.9050N", "LONGITUDE": "100-11-24.8050W"}}, {"type": "Feature", "geometry": {"type": "Point", "coordinates": [-98.11505046535628, 34.4462119837171]}, "properties": {"NAME": "Rocket Ranch", "IDENT": "OK90", "TYPE_CODE": "AD", "SERVCITY": "DUNCAN", "ELEVATION": 1076, "LATITUDE": "34-26-46.3416N", "LONGITUDE": "098-06-54.1530W"}}, {"type": "Feature", "geometry": {"type": "Point", "coordinates": [-97.97448492867268, 30.736757437467514]}, "properties": {"NAME": "Fly Navy", "IDENT": "TA60", "TYPE_CODE": "AD", "SERVCITY": "LIBERTY HILL", "ELEVATION": 1046, "LATITUDE": "30-44-12.3077N", "LONGITUDE": "097-58-28.1180W"}}, {"type": "Feature", "geometry": {"type": "Point", "coordinates": [-100.56072272057415, 36.385073189091024]}, "properties": {"NAME": "Little B Farms", "IDENT": "TE05", "TYPE_CODE": "AD", "SERVCITY": "PERRYTON", "ELEVATION": 2842, "LATITUDE": "36-23-06.2412N", "LONGITUDE": "100-33-38.5704W"}}, {"type": "Feature", "geometry": {"type": "Point", "coordinates": [-100.28788064274877, 29.798657839634718]}, "properties": {"NAME": "Agua Nada Ranch", "IDENT": "TT87", "TYPE_CODE": "AD", "SERVCITY": "ROCKSPRINGS", "ELEVATION": 2053, "LATITUDE": "29-47-55.1501N", "LONGITUDE": "100-17-16.3407W"}}, {"type": "Feature", "geometry": {"type": "Point", "coordinates": [-97.30900087279709, 35.20128393626988]}, "properties": {"NAME": "Thunderbird Landing", "IDENT": "OK32", "TYPE_CODE": "AD", "SERVCITY": "NORMAN", "ELEVATION": 1136, "LATITUDE": "35-12-04.6000N", "LONGITUDE": "097-18-32.3750W"}}, {"type": "Feature", "geometry": {"type": "Point", "coordinates": [-97.34664142810786, 35.076256551088164]}, "properties": {"NAME": "Sopwith Ldg", "IDENT": "OK56", "TYPE_CODE": "AD", "SERVCITY": "LEXINGTON", "ELEVATION": 1090, "LATITUDE": "35-04-34.5015N", "LONGITUDE": "097-20-47.8810W"}}, {"type": "Feature", "geometry": {"type": "Point", "coordinates": [-97.7202478730221, 30.885987030999615]}, "properties": {"NAME": "Buttermilk Air Strip", "IDENT": "81XA", "TYPE_CODE": "AD", "SERVCITY": "FLORENCE", "ELEVATION": 1016, "LATITUDE": "30-53-09.5341N", "LONGITUDE": "097-43-12.8648W"}}, {"type": "Feature", "geometry": {"type": "Point", "coordinates": [-96.16267572894772, 30.270582772949613]}, "properties": {"NAME": "Boneyard Airstrip", "IDENT": "TX14", "TYPE_CODE": "AD", "SERVCITY": "WASHINGTON", "ELEVATION": 220, "LATITUDE": "30-16-14.0790N", "LONGITUDE": "096-09-45.6066W"}}, {"type": "Feature", "geometry": {"type": "Point", "coordinates": [-95.3366250816516, 30.42978866752528]}, "properties": {"NAME": "Flyers Ridge", "IDENT": "TA77", "TYPE_CODE": "AD", "SERVCITY": "WILLIS", "ELEVATION": 318, "LATITUDE": "30-25-47.2200N", "LONGITUDE": "095-20-11.8250W"}}, {"type": "Feature", "geometry": {"type": "Point", "coordinates": [-95.6949351224495, 33.534158400148804]}, "properties": {"NAME": "Davidson Farms", "IDENT": "TT29", "TYPE_CODE": "AD", "SERVCITY": "ROXTON", "ELEVATION": 513, "LATITUDE": "33-32-02.9489N", "LONGITUDE": "095-41-41.7402W"}}, {"type": "Feature", "geometry": {"type": "Point", "coordinates": [-96.55169326066341, 33.116228867391406]}, "properties": {"NAME": "Aeroplex Airfield", "IDENT": "15TT", "TYPE_CODE": "AD", "SERVCITY": "LUCAS", "ELEVATION": 550, "LATITUDE": "33-06-58.4030N", "LONGITUDE": "096-33-06.0688W"}}, {"type": "Feature", "geometry": {"type": "Point", "coordinates": [-94.38886212268733, 36.03668895520414]}, "properties": {"NAME": "Hoerler Farms", "IDENT": "66AR", "TYPE_CODE": "AD", "SERVCITY": "SILOAM SPRINGS", "ELEVATION": 1220, "LATITUDE": "36-02-12.0570N", "LONGITUDE": "094-23-19.8780W"}}, {"type": "Feature", "geometry": {"type": "Point", "coordinates": [-94.49085359259425, 35.26331080793151]}, "properties": {"NAME": "Semper Fi Lndg", "IDENT": "OL42", "TYPE_CODE": "AD", "SERVCITY": "SPIRO", "ELEVATION": 430, "LATITUDE": "35-15-47.8962N", "LONGITUDE": "094-29-27.0474W"}}, {"type": "Feature", "geometry": {"type": "Point", "coordinates": [-95.94778129398837, 32.54159517176498]}, "properties": {"NAME": "Vogt's Vista", "IDENT": "TT73", "TYPE_CODE": "AD", "SERVCITY": "CANTON", "ELEVATION": 473, "LATITUDE": "32-32-29.7220N", "LONGITUDE": "095-56-51.9864W"}}, {"type": "Feature", "geometry": {"type": "Point", "coordinates": [-96.37206740600011, 29.948026006756287]}, "properties": {"NAME": "Lionwood", "IDENT": "TT18", "TYPE_CODE": "AD", "SERVCITY": "BELLVILLE", "ELEVATION": 250, "LATITUDE": "29-56-52.8749N", "LONGITUDE": "096-22-19.4165W"}}, {"type": "Feature", "geometry": {"type": "Point", "coordinates": [-98.64463469856734, 31.645151834696733]}, "properties": {"NAME": "Mangham", "IDENT": "TT57", "TYPE_CODE": "AD", "SERVCITY": "MULLIN", "ELEVATION": 1550, "LATITUDE": "31-38-42.5270N", "LONGITUDE": "098-38-40.6564W"}}, {"type": "Feature", "geometry": {"type": "Point", "coordinates": [-98.71601363894256, 33.98363781606752]}, "properties": {"NAME": "Windy Hill", "IDENT": "14TA", "TYPE_CODE": "AD", "SERVCITY": "IOWA PARK", "ELEVATION": 1057, "LATITUDE": "33-59-01.0750N", "LONGITUDE": "098-42-57.6200W"}}, {"type": "Feature", "geometry": {"type": "Point", "coordinates": [-96.64953753395385, 33.5350598856281]}, "properties": {"NAME": "Finney Fld", "IDENT": "T47", "TYPE_CODE": "AD", "SERVCITY": "HOWE", "ELEVATION": 833, "LATITUDE": "33-32-06.1944N", "LONGITUDE": "096-38-58.3080W"}}, {"type": "Feature", "geometry": {"type": "Point", "coordinates": [-97.81549525682705, 32.37936161820457]}, "properties": {"NAME": "Doublewide Ranch", "IDENT": "TA90", "TYPE_CODE": "AD", "SERVCITY": "GRANBURY", "ELEVATION": 1041, "LATITUDE": "32-22-45.6816N", "LONGITUDE": "097-48-55.7550W"}}, {"type": "Feature", "geometry": {"type": "Point", "coordinates": [-100.25778605672737, 31.00565803956841]}, "properties": {"NAME": "South Trap", "IDENT": "73TS", "TYPE_CODE": "AD", "SERVCITY": "CHRISTOVAL", "ELEVATION": 2305, "LATITUDE": "31-00-20.3500N", "LONGITUDE": "100-15-28.0000W"}}, {"type": "Feature", "geometry": {"type": "Point", "coordinates": [-99.92511878263271, 35.29580318011809]}, "properties": {"NAME": "Reed Aero", "IDENT": "OL46", "TYPE_CODE": "AD", "SERVCITY": "ERICK", "ELEVATION": 2120, "LATITUDE": "35-17-44.8697N", "LONGITUDE": "099-55-30.3971W"}}, {"type": "Feature", "geometry": {"type": "Point", "coordinates": [-98.59228005591176, 30.221851008864192]}, "properties": {"NAME": "Hye Sky Farms", "IDENT": "42TS", "TYPE_CODE": "AD", "SERVCITY": "HYE", "ELEVATION": 1432, "LATITUDE": "30-13-18.6450N", "LONGITUDE": "098-35-32.1800W"}}, {"type": "Feature", "geometry": {"type": "Point", "coordinates": [-103.50323644341842, 35.32909471679649]}, "properties": {"NAME": "Runway Bay", "IDENT": "NM61", "TYPE_CODE": "AD", "SERVCITY": "LOGAN", "ELEVATION": 3883, "LATITUDE": "35-19-44.7199N", "LONGITUDE": "103-30-11.6176W"}}, {"type": "Feature", "geometry": {"type": "Point", "coordinates": [-102.40711190223585, 35.91539489896167]}, "properties": {"NAME": "Central Custom Ag Aviation", "IDENT": "TA95", "TYPE_CODE": "AD", "SERVCITY": "HARTLEY", "ELEVATION": 3930, "LATITUDE": "35-54-55.4000N", "LONGITUDE": "102-24-25.5700W"}}, {"type": "Feature", "geometry": {"type": "Point", "coordinates": [-96.16770865326805, 30.96584568934366]}, "properties": {"NAME": "William Noble Higgins Meml Aerodrome", "IDENT": "21TT", "TYPE_CODE": "AD", "SERVCITY": "NORMANGEE", "ELEVATION": 362, "LATITUDE": "30-57-57.0250N", "LONGITUDE": "096-10-03.7250W"}}, {"type": "Feature", "geometry": {"type": "Point", "coordinates": [-101.82182308772425, 31.371584015497646]}, "properties": {"NAME": "Evridge Farms", "IDENT": "94TT", "TYPE_CODE": "AD", "SERVCITY": "MIDKIFF", "ELEVATION": 2688, "LATITUDE": "31-22-17.6835N", "LONGITUDE": "101-49-18.5319W"}}, {"type": "Feature", "geometry": {"type": "Point", "coordinates": [-98.6222302279538, 33.170586285436855]}, "properties": {"NAME": "Beulah Fld", "IDENT": "01TX", "TYPE_CODE": "AD", "SERVCITY": "GRAHAM", "ELEVATION": 1120, "LATITUDE": "33-10-14.0900N", "LONGITUDE": "098-37-20.0000W"}}, {"type": "Feature", "geometry": {"type": "Point", "coordinates": [-99.78255245056017, 32.161181133058754]}, "properties": {"NAME": "The Mesquite Bean", "IDENT": "32TT", "TYPE_CODE": "AD", "SERVCITY": "OVALO", "ELEVATION": 1974, "LATITUDE": "32-09-40.2323N", "LONGITUDE": "099-46-57.1592W"}}, {"type": "Feature", "geometry": {"type": "Point", "coordinates": [-97.98070058320096, 34.62253866078305]}, "properties": {"NAME": "Boice Fld", "IDENT": "88OK", "TYPE_CODE": "AD", "SERVCITY": "MARLOW", "ELEVATION": 1225, "LATITUDE": "34-37-21.1175N", "LONGITUDE": "097-58-50.4935W"}}, {"type": "Feature", "geometry": {"type": "Point", "coordinates": [-96.50660811453537, 35.23601670445366]}, "properties": {"NAME": "Hallum Ranch", "IDENT": "OL47", "TYPE_CODE": "AD", "SERVCITY": "WEWOKA", "ELEVATION": 938, "LATITUDE": "35-14-09.6378N", "LONGITUDE": "096-30-23.7618W"}}, {"type": "Feature", "geometry": {"type": "Point", "coordinates": [-97.04222981071017, 36.00976256493059]}, "properties": {"NAME": "Blackberry Hill", "IDENT": "OL55", "TYPE_CODE": "AD", "SERVCITY": "PERKINS", "ELEVATION": 997, "LATITUDE": "36-00-35.1225N", "LONGITUDE": "097-02-31.9992W"}}, {"type": "Feature", "geometry": {"type": "Point", "coordinates": [-97.30708568429536, 32.36023313606738]}, "properties": {"NAME": "Sugar Creek Fld", "IDENT": "39TT", "TYPE_CODE": "AD", "SERVCITY": "CLEBURNE", "ELEVATION": 887, "LATITUDE": "32-21-36.8190N", "LONGITUDE": "097-18-25.4810W"}}, {"type": "Feature", "geometry": {"type": "Point", "coordinates": [-95.87622956504686, 33.64304066261498]}, "properties": {"NAME": "Homerun", "IDENT": "XA81", "TYPE_CODE": "AD", "SERVCITY": "HONEY GROVE", "ELEVATION": 609, "LATITUDE": "33-38-34.9250N", "LONGITUDE": "095-52-34.4000W"}}, {"type": "Feature", "geometry": {"type": "Point", "coordinates": [-96.98000760396354, 33.31706138613626]}, "properties": {"NAME": "Blackjack Fld", "IDENT": "8XA6", "TYPE_CODE": "AD", "SERVCITY": "AUBREY", "ELEVATION": 680, "LATITUDE": "33-19-01.4000N", "LONGITUDE": "096-58-48.0000W"}}, {"type": "Feature", "geometry": {"type": "Point", "coordinates": [-96.05450324914604, 31.759569182788383]}, "properties": {"NAME": "V Bar Airstrip", "IDENT": "7TA4", "TYPE_CODE": "AD", "SERVCITY": "FAIRFIELD", "ELEVATION": 438.3, "LATITUDE": "31-45-34.4290N", "LONGITUDE": "096-03-16.1855W"}}, {"type": "Feature", "geometry": {"type": "Point", "coordinates": [-98.9514978901732, 29.539100030398835]}, "properties": {"NAME": "Sunset Ranch", "IDENT": "13TT", "TYPE_CODE": "AD", "SERVCITY": "MICO", "ELEVATION": 1188, "LATITUDE": "29-32-20.7420N", "LONGITUDE": "098-57-05.3640W"}}, {"type": "Feature", "geometry": {"type": "Point", "coordinates": [-101.65221784096951, 30.072381285516325]}, "properties": {"NAME": "Newberry Ranches", "IDENT": "TT34", "TYPE_CODE": "AD", "SERVCITY": "LANGTRY", "ELEVATION": 1911.7, "LATITUDE": "30-04-20.5545N", "LONGITUDE": "101-39-07.9534W"}}, {"type": "Feature", "geometry": {"type": "Point", "coordinates": [-95.60357807036657, 33.07432806664032]}, "properties": {"NAME": "Goggans Airfield", "IDENT": "TT11", "TYPE_CODE": "AD", "SERVCITY": "SULPHUR SPRINGS", "ELEVATION": 536, "LATITUDE": "33-04-27.5600N", "LONGITUDE": "095-36-12.8550W"}}, {"type": "Feature", "geometry": {"type": "Point", "coordinates": [-96.49917554216522, 33.38608919747673]}, "properties": {"NAME": "Adams Fld", "IDENT": "TT47", "TYPE_CODE": "AD", "SERVCITY": "ANNA", "ELEVATION": 673, "LATITUDE": "33-23-09.9000N", "LONGITUDE": "096-29-57.0050W"}}, {"type": "Feature", "geometry": {"type": "Point", "coordinates": [-98.89328009100953, 29.383706391004417]}, "properties": {"NAME": "Echtle Fld", "IDENT": "99TA", "TYPE_CODE": "AD", "SERVCITY": "CASTROVILLE", "ELEVATION": 816, "LATITUDE": "29-23-01.3250N", "LONGITUDE": "098-53-35.7800W"}}, {"type": "Feature", "geometry": {"type": "Point", "coordinates": [-98.2112948661861, 32.559906635038395]}, "properties": {"NAME": "Yellowstone Air Park", "IDENT": "TX32", "TYPE_CODE": "AD", "SERVCITY": "SANTO", "ELEVATION": 974, "LATITUDE": "32-33-35.6436N", "LONGITUDE": "098-12-40.6332W"}}, {"type": "Feature", "geometry": {"type": "Point", "coordinates": [-98.9233415193928, 34.71951988146027]}, "properties": {"NAME": "Walker Family Farm", "IDENT": "OK14", "TYPE_CODE": "AD", "SERVCITY": "MOUNTAIN PARK", "ELEVATION": 1426, "LATITUDE": "34-43-10.2500N", "LONGITUDE": "098-55-24.0000W"}}, {"type": "Feature", "geometry": {"type": "Point", "coordinates": [-97.21897721815502, 32.37781508710658]}, "properties": {"NAME": "Balentine Woodbine", "IDENT": "12TA", "TYPE_CODE": "AD", "SERVCITY": "ALVARADO", "ELEVATION": 694, "LATITUDE": "32-22-40.1140N", "LONGITUDE": "097-13-08.2906W"}}, {"type": "Feature", "geometry": {"type": "Point", "coordinates": [-100.01679666499065, 29.892729561214065]}, "properties": {"NAME": "Kevin Lee Berry Fld", "IDENT": "48TS", "TYPE_CODE": "AD", "SERVCITY": "ROCKSPRINGS", "ELEVATION": 1716, "LATITUDE": "29-53-33.8082N", "LONGITUDE": "100-01-00.4386W"}}, {"type": "Feature", "geometry": {"type": "Point", "coordinates": [-100.9950085814274, 33.13583894780911]}, "properties": {"NAME": "Johnson Ranch", "IDENT": "TT27", "TYPE_CODE": "AD", "SERVCITY": "JUSTICEBURG", "ELEVATION": 2328, "LATITUDE": "33-08-09.0000N", "LONGITUDE": "100-59-42.0000W"}}, {"type": "Feature", "geometry": {"type": "Point", "coordinates": [-100.1935724796293, 31.41893614662354]}, "properties": {"NAME": "Hoelscher Ag", "IDENT": "82TA", "TYPE_CODE": "AD", "SERVCITY": "SAN ANGELO", "ELEVATION": 1827, "LATITUDE": "31-25-08.1509N", "LONGITUDE": "100-11-36.8311W"}}, {"type": "Feature", "geometry": {"type": "Point", "coordinates": [-103.53917579777148, 29.321977052515017]}, "properties": {"NAME": "Aeromigos Airfield", "IDENT": "TT53", "TYPE_CODE": "AD", "SERVCITY": "TERLINGUA", "ELEVATION": 2547, "LATITUDE": "29-19-19.1000N", "LONGITUDE": "103-32-21.0006W"}}, {"type": "Feature", "geometry": {"type": "Point", "coordinates": [-96.81187738358685, 30.06850062648756]}, "properties": {"NAME": "Flying K Ranch", "IDENT": "XS16", "TYPE_CODE": "AD", "SERVCITY": "LEDBETTER", "ELEVATION": 442, "LATITUDE": "30-04-06.5835N", "LONGITUDE": "096-48-42.7320W"}}, {"type": "Feature", "geometry": {"type": "Point", "coordinates": [-97.70921380023306, 35.10836592771591]}, "properties": {"NAME": "Walnut Creek Landing", "IDENT": "OL49", "TYPE_CODE": "AD", "SERVCITY": "BLANCHARD", "ELEVATION": 1287, "LATITUDE": "35-06-30.0953N", "LONGITUDE": "097-42-33.1412W"}}, {"type": "Feature", "geometry": {"type": "Point", "coordinates": [-100.05194330399452, 32.33098051340289]}, "properties": {"NAME": "Stark Fld", "IDENT": "91XS", "TYPE_CODE": "AD", "SERVCITY": "MERKEL", "ELEVATION": 2104, "LATITUDE": "32-19-51.5100N", "LONGITUDE": "100-03-06.9660W"}}, {"type": "Feature", "geometry": {"type": "Point", "coordinates": [-98.22307533564131, 31.988570138636653]}, "properties": {"NAME": "Rivet Ranch", "IDENT": "TE02", "TYPE_CODE": "AD", "SERVCITY": "DUBLIN", "ELEVATION": 1400, "LATITUDE": "31-59-18.8326N", "LONGITUDE": "098-13-23.0430W"}}, {"type": "Feature", "geometry": {"type": "Point", "coordinates": [-100.13877872039295, 30.973910288337628]}, "properties": {"NAME": "Plane & Fancy", "IDENT": "TS87", "TYPE_CODE": "AD", "SERVCITY": "FORT MCKAVETT", "ELEVATION": 2214, "LATITUDE": "30-58-26.0581N", "LONGITUDE": "100-08-19.5737W"}}, {"type": "Feature", "geometry": {"type": "Point", "coordinates": [-97.03159471453748, 33.544081981062504]}, "properties": {"NAME": "Peak 7 Ranch", "IDENT": "07TE", "TYPE_CODE": "AD", "SERVCITY": "GAINESVILLE", "ELEVATION": 727, "LATITUDE": "33-32-38.6740N", "LONGITUDE": "097-01-53.7135W"}}, {"type": "Feature", "geometry": {"type": "Point", "coordinates": [-100.27489378991535, 31.1381292854613]}, "properties": {"NAME": "Wright", "IDENT": "TE54", "TYPE_CODE": "AD", "SERVCITY": "SAN ANGELO", "ELEVATION": 2440.1, "LATITUDE": "31-08-17.2464N", "LONGITUDE": "100-16-29.5878W"}}, {"type": "Feature", "geometry": {"type": "Point", "coordinates": [-97.72431187929276, 32.00317777302152]}, "properties": {"NAME": "Fill Or Kill", "IDENT": "TE35", "TYPE_CODE": "AD", "SERVCITY": "WALNUT SPRINGS", "ELEVATION": 875, "LATITUDE": "32-00-11.4200N", "LONGITUDE": "097-43-27.4950W"}}, {"type": "Feature", "geometry": {"type": "Point", "coordinates": [-96.12263873480306, 29.386443956409725]}, "properties": {"NAME": "ChuMcHal Farms", "IDENT": "71TA", "TYPE_CODE": "AD", "SERVCITY": "WHARTON", "ELEVATION": 115, "LATITUDE": "29-23-11.1799N", "LONGITUDE": "096-07-21.4736W"}}, {"type": "Feature", "geometry": {"type": "Point", "coordinates": [-98.30528570764928, 28.9894494436729]}, "properties": {"NAME": "Mandyland", "IDENT": "17XA", "TYPE_CODE": "AD", "SERVCITY": "FLORESVILLE", "ELEVATION": 406, "LATITUDE": "28-59-22.0002N", "LONGITUDE": "098-18-19.0008W"}}, {"type": "Feature", "geometry": {"type": "Point", "coordinates": [-95.676325968169, 36.136385907971004]}, "properties": {"NAME": "Stol In", "IDENT": "OL60", "TYPE_CODE": "AD", "SERVCITY": "CATOOSA", "ELEVATION": 628, "LATITUDE": "36-08-10.9662N", "LONGITUDE": "095-40-34.7466W"}}, {"type": "Feature", "geometry": {"type": "Point", "coordinates": [-98.11855751534391, 30.0602665784672]}, "properties": {"NAME": "Mount Sharp Airpark", "IDENT": "TT35", "TYPE_CODE": "AD", "SERVCITY": "WIMBERLEY", "ELEVATION": 1111, "LATITUDE": "30-03-36.9411N", "LONGITUDE": "098-07-06.7793W"}}, {"type": "Feature", "geometry": {"type": "Point", "coordinates": [-96.36697998713842, 35.866182324378194]}, "properties": {"NAME": "B&s Ranch", "IDENT": "OL68", "TYPE_CODE": "AD", "SERVCITY": "BRISTOW", "ELEVATION": 930, "LATITUDE": "35-51-58.2336N", "LONGITUDE": "096-22-01.1005W"}}, {"type": "Feature", "geometry": {"type": "Point", "coordinates": [-101.94882534619288, 30.98159824616615]}, "properties": {"NAME": "Cross L Ranch", "IDENT": "TT26", "TYPE_CODE": "AD", "SERVCITY": "IRAAN", "ELEVATION": 2287, "LATITUDE": "30-58-53.7350N", "LONGITUDE": "101-56-55.7400W"}}, {"type": "Feature", "geometry": {"type": "Point", "coordinates": [-98.602616699635, 26.803705492185248]}, "properties": {"NAME": "Star K Ranch", "IDENT": "99TT", "TYPE_CODE": "AD", "SERVCITY": "AGUA NUEVA", "ELEVATION": 455, "LATITUDE": "26-48-13.3236N", "LONGITUDE": "098-36-09.3924W"}}, {"type": "Feature", "geometry": {"type": "Point", "coordinates": [-98.36551481949999, 31.04786284341417]}, "properties": {"NAME": "Yancey Creek Ranch North", "IDENT": "6TX0", "TYPE_CODE": "AD", "SERVCITY": "LAMPASAS", "ELEVATION": 1401, "LATITUDE": "31-02-52.2870N", "LONGITUDE": "098-21-55.8252W"}}, {"type": "Feature", "geometry": {"type": "Point", "coordinates": [-96.61095781622197, 32.407771202327254]}, "properties": {"NAME": "B.S. Air Ranch", "IDENT": "TE40", "TYPE_CODE": "AD", "SERVCITY": "ENNIS", "ELEVATION": 479.6, "LATITUDE": "32-24-27.9559N", "LONGITUDE": "096-36-39.4213W"}}, {"type": "Feature", "geometry": {"type": "Point", "coordinates": [-97.58688986875556, 30.905390873832527]}, "properties": {"NAME": "Salado Bluffs", "IDENT": "TT61", "TYPE_CODE": "AD", "SERVCITY": "SALADO", "ELEVATION": 741, "LATITUDE": "30-54-19.3879N", "LONGITUDE": "097-35-12.7761W"}}, {"type": "Feature", "geometry": {"type": "Point", "coordinates": [-98.1464718265769, 32.161752063382565]}, "properties": {"NAME": "Buffalo Ridge", "IDENT": "TT86", "TYPE_CODE": "AD", "SERVCITY": "STEPHENVILLE", "ELEVATION": 1260, "LATITUDE": "32-09-42.2874N", "LONGITUDE": "098-08-47.2704W"}}, {"type": "Feature", "geometry": {"type": "Point", "coordinates": [-98.70454485883535, 30.166486161067912]}, "properties": {"NAME": "Whiskey Hotel Airpark", "IDENT": "TT54", "TYPE_CODE": "AD", "SERVCITY": "FREDERICKSBURG", "ELEVATION": 1788, "LATITUDE": "30-09-59.3316N", "LONGITUDE": "098-42-16.3332W"}}, {"type": "Feature", "geometry": {"type": "Point", "coordinates": [-96.37452381718096, 30.973655905099886]}, "properties": {"NAME": "Myrtle Creek Ranch", "IDENT": "TT36", "TYPE_CODE": "AD", "SERVCITY": "FRANKLIN", "ELEVATION": 443, "LATITUDE": "30-58-25.1418N", "LONGITUDE": "096-22-28.2594W"}}, {"type": "Feature", "geometry": {"type": "Point", "coordinates": [-97.86532716183741, 30.938643758660824]}, "properties": {"NAME": "Pecan Valley", "IDENT": "TT80", "TYPE_CODE": "AD", "SERVCITY": "KILLEEN", "ELEVATION": 814, "LATITUDE": "30-56-19.0983N", "LONGITUDE": "097-51-55.1501W"}}, {"type": "Feature", "geometry": {"type": "Point", "coordinates": [-100.1575319991939, 29.771878727168932]}, "properties": {"NAME": "Cedar Creek Ranch", "IDENT": "TT94", "TYPE_CODE": "AD", "SERVCITY": "BARKSDALE", "ELEVATION": 1746.4, "LATITUDE": "29-46-18.7453N", "LONGITUDE": "100-09-27.0857W"}}, {"type": "Feature", "geometry": {"type": "Point", "coordinates": [-98.20293040802076, 30.84927856154303]}, "properties": {"NAME": "Hd Farm & Ranch", "IDENT": "01TA", "TYPE_CODE": "AD", "SERVCITY": "BURNET", "ELEVATION": 1409, "LATITUDE": "30-50-57.3837N", "LONGITUDE": "098-12-10.5215W"}}, {"type": "Feature", "geometry": {"type": "Point", "coordinates": [-97.35843809446165, 30.440324707494362]}, "properties": {"NAME": "Borich Sky Ranch", "IDENT": "TA88", "TYPE_CODE": "AD", "SERVCITY": "COUPLAND", "ELEVATION": 595, "LATITUDE": "30-26-25.1500N", "LONGITUDE": "097-21-30.3500W"}}, {"type": "Feature", "geometry": {"type": "Point", "coordinates": [-98.93874592895527, 30.427287202754027]}, "properties": {"NAME": "Cherry Heights Flugplatz", "IDENT": "TS28", "TYPE_CODE": "AD", "SERVCITY": "FREDERICKSBURG", "ELEVATION": 2080, "LATITUDE": "30-25-38.2152N", "LONGITUDE": "098-56-19.4568W"}}, {"type": "Feature", "geometry": {"type": "Point", "coordinates": [-98.95186574773294, 29.460282903993942]}, "properties": {"NAME": "Quihi Creek Vineyard", "IDENT": "45TA", "TYPE_CODE": "AD", "SERVCITY": "HONDO", "ELEVATION": 946.2, "LATITUDE": "29-27-37.0004N", "LONGITUDE": "098-57-06.6883W"}}, {"type": "Feature", "geometry": {"type": "Point", "coordinates": [-96.92599068654113, 28.718829933195277]}, "properties": {"NAME": "Morgenroth", "IDENT": "92XA", "TYPE_CODE": "AD", "SERVCITY": "VICTORIA", "ELEVATION": 73, "LATITUDE": "28-43-07.7700N", "LONGITUDE": "096-55-33.5400W"}}, {"type": "Feature", "geometry": {"type": "Point", "coordinates": [-96.52278454136763, 34.13913950357222]}, "properties": {"NAME": "Ledford Farm", "IDENT": "OL03", "TYPE_CODE": "AD", "SERVCITY": "NIDA", "ELEVATION": 742, "LATITUDE": "34-08-20.8806N", "LONGITUDE": "096-31-21.9972W"}}, {"type": "Feature", "geometry": {"type": "Point", "coordinates": [-98.42520926451147, 31.808429096393485]}, "properties": {"NAME": "Dw", "IDENT": "1XA0", "TYPE_CODE": "AD", "SERVCITY": "GUSTINE", "ELEVATION": 1186, "LATITUDE": "31-48-30.3250N", "LONGITUDE": "098-25-30.7250W"}}, {"type": "Feature", "geometry": {"type": "Point", "coordinates": [-99.43065084093811, 35.1108530349548]}, "properties": {"NAME": "Rivercamp", "IDENT": "OL51", "TYPE_CODE": "AD", "SERVCITY": "CARTER", "ELEVATION": 1640, "LATITUDE": "35-06-39.0492N", "LONGITUDE": "099-25-50.3130W"}}, {"type": "Feature", "geometry": {"type": "Point", "coordinates": [-100.83299493538351, 31.353191496580415]}, "properties": {"NAME": "McCutchen Landings", "IDENT": "24TT", "TYPE_CODE": "AD", "SERVCITY": "MERTZON", "ELEVATION": 2304, "LATITUDE": "31-21-11.4703N", "LONGITUDE": "100-49-58.7514W"}}]}