{"type": "FeatureCollection", "features": [{"type": "Feature", "geometry": {"type": "Polygon", "coordinates": [[[-97.4848154879965, 25.9360951953069], [-97.4851510563658, 25.9360301173829], [-97.4863884802798, 25.9361196922186], [-97.4881970826958, 25.9372058856897], [-97.48801620871, 25.9392494741208], [-97.4878421457507, 25.9412160458225], [-97.4878409393132, 25.9412296597429], [-97.4860811028407, 25.9400746220863], [-97.4860475741211, 25.940052614058], [-97.4860424743852, 25.9400492672928], [-97.4858706437393, 25.9398549301768], [-97.4852143103383, 25.939112608751], [-97.4845139810478, 25.9374417771072], [-97.4845368126291, 25.9370640699714], [-97.4848069998154, 25.9361246959731], [-97.4848154879965, 25.9360951953069]]]}, "properties": {"FeatClass": "Fee", "Category": "Fee", "Own_Type": "FED", "Own_Name": "NPS", "Unit_Nm": "Palo Alto Battlefield National Historical Park", "State_Nm": "TX", "GIS_Acres": 1810}}, {"type": "Feature", "geometry": {"type": "Polygon", "coordinates": [[[-97.4518470583545, 26.0090976329427], [-97.4519487467464, 26.0078112887848], [-97.4504021820004, 26.0077106553933], [-97.4503004998968, 26.008996918305], [-97.4487539423373, 26.0088961842047], [-97.4472073892694, 26.0087954338713], [-97.4473090632883, 26.0075093366812], [-97.448855621746, 26.0076100033465], [-97.4489572966631, 26.0063238253559], [-97.4474107346121, 26.0062232383238], [-97.4475124041393, 26.0049371412222], [-97.4490589706819, 26.005037643775], [-97.4536986918693, 26.005339054841], [-97.4535970025791, 26.0066254793643], [-97.4534953123906, 26.0079119059431], [-97.4533936177106, 26.0091983321546], [-97.4518470583545, 26.0090976329427]]]}, "properties": {"FeatClass": "Fee", "Category": "Fee", "Own_Type": "FED", "Own_Name": "NPS", "Unit_Nm": "Palo Alto Battlefield National Historical Park", "State_Nm": "TX", "GIS_Acres": 1810}}, {"type": "Feature", "geometry": {"type": "Polygon", "coordinates": [[[-97.4501988007251, 26.0102833302081], [-97.4503004998968, 26.008996918305], [-97.4518470583545, 26.0090976329427], [-97.4517453501997, 26.0103842019789], [-97.4501988007251, 26.0102833302081]]]}, "properties": {"FeatClass": "Fee", "Category": "Fee", "Own_Type": "FED", "Own_Name": "NPS", "Unit_Nm": "Palo Alto Battlefield National Historical Park", "State_Nm": "TX", "GIS_Acres": 1810}}, {"type": "Feature", "geometry": {"type": "MultiPolygon", "coordinates": [[[[-97.450045495137, 26.0318817036958], [-97.4501390924031, 26.0306967896406], [-97.4485922985868, 26.0305955333453], [-97.4484988243899, 26.0317804669885], [-97.4469526836487, 26.031679248759], [-97.4470463411019, 26.0304943116719], [-97.4454996344221, 26.0303930253358], [-97.4455933466726, 26.0292080776788], [-97.4456945724321, 26.0279280943286], [-97.4457957945983, 26.02664810993], [-97.4466554598673, 26.0157764363285], [-97.4468869170885, 26.0128489896268], [-97.4470040358419, 26.0113676303974], [-97.4471057125557, 26.0100815307006], [-97.4486522557421, 26.0101824389746], [-97.4501988007251, 26.0102833302081], [-97.4500971015535, 26.0115697417424], [-97.4507157146958, 26.0116101570266], [-97.4516436375534, 26.0116707738721], [-97.4519529445737, 26.0116909778657], [-97.4531901771465, 26.0117717881539], [-97.4530730628846, 26.0132531996031], [-97.4528416200365, 26.0161806483349], [-97.4519819421911, 26.0270531667799], [-97.4518807370928, 26.0283331483742], [-97.4517795328929, 26.0296131329557], [-97.451685844897, 26.0307980288975], [-97.4515921560028, 26.0319829217506], [-97.451592096714, 26.0319829169075], [-97.450045495137, 26.0318817036958]]], [[[-97.450435399903, 26.0269519291348], [-97.4488888621065, 26.0268506720292], [-97.4487867012008, 26.0281310820378], [-97.4503337707999, 26.0282321273576], [-97.450435399903, 26.0269519291348]]]]}, "properties": {"FeatClass": "Fee", "Category": "Fee", "Own_Type": "FED", "Own_Name": "NPS", "Unit_Nm": "Palo Alto Battlefield National Historical Park", "State_Nm": "TX", "GIS_Acres": 1810}}, {"type": "Feature", "geometry": {"type": "Polygon", "coordinates": [[[-97.4484988243899, 26.0317804669885], [-97.450045495137, 26.0318817036958], [-97.4499519347019, 26.0330661408507], [-97.4514984410574, 26.0331671762697], [-97.4514046991625, 26.0343524899399], [-97.4513109563694, 26.0355378029323], [-97.4497646826776, 26.0354366000524], [-97.4498583095881, 26.0342513707896], [-97.4483118786911, 26.0341502313729], [-97.4482183829346, 26.0353353777133], [-97.4481249222124, 26.0365200713752], [-97.4465780421578, 26.0364189298791], [-97.4464843856029, 26.0376037457744], [-97.4449373142071, 26.0375027101414], [-97.4450310399323, 26.0363177608526], [-97.4451247629625, 26.0351328141208], [-97.4466716969161, 26.0352341117004], [-97.4467653669457, 26.0340490716899], [-97.4452184841961, 26.0339478667182], [-97.4453122027348, 26.0327629202599], [-97.4468590378736, 26.0328640293929], [-97.4484053753458, 26.0329650851654], [-97.4484988243899, 26.0317804669885]]]}, "properties": {"FeatClass": "Fee", "Category": "Fee", "Own_Type": "FED", "Own_Name": "NPS", "Unit_Nm": "Palo Alto Battlefield National Historical Park", "State_Nm": "TX", "GIS_Acres": 1810}}, {"type": "Feature", "geometry": {"type": "Polygon", "coordinates": [[[-97.4481249222124, 26.0365200713752], [-97.449671106971, 26.036621152248], [-97.4512172809498, 26.0367222120478], [-97.4511236082253, 26.0379066221166], [-97.4495775312645, 26.0378057013584], [-97.4480314569987, 26.0377047651776], [-97.4481249222124, 26.0365200713752]]]}, "properties": {"FeatClass": "Fee", "Category": "Fee", "Own_Type": "FED", "Own_Name": "NPS", "Unit_Nm": "Palo Alto Battlefield National Historical Park", "State_Nm": "TX", "GIS_Acres": 1810}}, {"type": "Feature", "geometry": {"type": "Polygon", "coordinates": [[[-97.4659533257189, 26.0077220066975], [-97.4661157393257, 26.0056083216395], [-97.4708720726167, 26.0057111730389], [-97.4762393698954, 26.0103166487016], [-97.4806122923417, 26.0140684661601], [-97.4809955199301, 26.0143972433656], [-97.4813146347567, 26.0146710151144], [-97.4790982834399, 26.0397477522846], [-97.478795710191, 26.0397275845993], [-97.4740046408446, 26.0394081563162], [-97.4635529554145, 26.0387107468334], [-97.4637713143005, 26.0358941900248], [-97.4639896624068, 26.0330776333798], [-97.4642079997332, 26.0302610777156], [-97.4644263280765, 26.0274445222352], [-97.464644642945, 26.0246279677558], [-97.4648629488304, 26.0218114159022], [-97.4650812430377, 26.0189948626481], [-97.4651903856498, 26.0175865873153], [-97.4652995255669, 26.0161783112327], [-97.4657484676133, 26.0103116690931], [-97.4659533257189, 26.0077220066975]]]}, "properties": {"FeatClass": "Fee", "Category": "Fee", "Own_Type": "FED", "Own_Name": "NPS", "Unit_Nm": "Palo Alto Battlefield National Historical Park", "State_Nm": "TX", "GIS_Acres": 1810}}, {"type": "Feature", "geometry": {"type": "Polygon", "coordinates": [[[-98.1605781551084, 29.0981543331289], [-98.1620511999349, 29.097556832629], [-98.1623012271296, 29.0974173499872], [-98.1627578174323, 29.0971531968281], [-98.1634862451265, 29.0968568130763], [-98.163745027302, 29.0967559018222], [-98.1641177850258, 29.0965624866079], [-98.1645162848723, 29.0963752839143], [-98.1647363280995, 29.0962554611386], [-98.1650050564218, 29.0957425238881], [-98.1649218769181, 29.0949813592387], [-98.1659200902517, 29.0941687908794], [-98.1674091753959, 29.0930234770369], [-98.1692550983204, 29.0979519361355], [-98.1780173698062, 29.0912433626382], [-98.1781200149039, 29.0915296409202], [-98.169360350329, 29.0982362467684], [-98.166859739717, 29.1001337070406], [-98.1617589833628, 29.0999334567798], [-98.1611593031135, 29.0997482170337], [-98.1607365487542, 29.0996886161018], [-98.1603786653349, 29.0994538760688], [-98.1602021149406, 29.0992529902632], [-98.1601089991715, 29.098979761736], [-98.1600855243965, 29.0987872706403], [-98.1601529052293, 29.0986023380955], [-98.1604548236064, 29.0982587720856], [-98.1605781551084, 29.0981543331289]]]}, "properties": {"FeatClass": "Fee", "Category": "Fee", "Own_Type": "FED", "Own_Name": "NPS", "Unit_Nm": "San Antonio Missions National Historical Park", "State_Nm": "TX", "GIS_Acres": 523}}, {"type": "Feature", "geometry": {"type": "Polygon", "coordinates": [[[-98.4472109376752, 29.31782940338], [-98.4470481782171, 29.3176606733815], [-98.44681444736, 29.3174183668687], [-98.4467381318833, 29.3173191106136], [-98.4464343081795, 29.3169232509065], [-98.4463292807498, 29.3168344233298], [-98.4460408191356, 29.3165890679506], [-98.4459597102486, 29.3165200786556], [-98.4459194800969, 29.3164730881455], [-98.4460781171862, 29.3163905317989], [-98.4461411546646, 29.3163577363891], [-98.446160248356, 29.3163478006389], [-98.4462434700806, 29.3164468158095], [-98.4463394029664, 29.3165308141038], [-98.4464033666079, 29.3166368690871], [-98.4464904672578, 29.3167503532251], [-98.4465976263897, 29.3168579361277], [-98.4467128137654, 29.3170169166188], [-98.4467567602474, 29.3171129108824], [-98.4468035328293, 29.3171584880941], [-98.4469330779781, 29.3172941833535], [-98.4472214461674, 29.3175286207621], [-98.447374260377, 29.3176219898472], [-98.44734151409, 29.3176254518471], [-98.4472905346976, 29.3176308406611], [-98.447624675644, 29.3177395998707], [-98.4476397332048, 29.3177305853654], [-98.4477160055623, 29.3176849167682], [-98.4479315392467, 29.3175558711094], [-98.4481104180743, 29.3174121039257], [-98.4480809003324, 29.3173715342075], [-98.4482306728464, 29.3172923889039], [-98.4487074743447, 29.3171850751179], [-98.4488807773293, 29.3170923768886], [-98.4490827850805, 29.3169843242754], [-98.4489736236038, 29.3170878222201], [-98.4487687601084, 29.3172820561316], [-98.4485527296556, 29.3174868738521], [-98.4482690632484, 29.3178468096836], [-98.4478201975588, 29.3183494732831], [-98.4478049980642, 29.3183664949212], [-98.4475669112763, 29.3181865707682], [-98.4472109376752, 29.31782940338]]]}, "properties": {"FeatClass": "Fee", "Category": "Fee", "Own_Type": "FED", "Own_Name": "NPS", "Unit_Nm": "San Antonio Missions National Historical Park", "State_Nm": "TX", "GIS_Acres": 523}}, {"type": "Feature", "geometry": {"type": "Polygon", "coordinates": [[[-98.4565562678828, 29.3223988160486], [-98.4563297810401, 29.3224045272976], [-98.4563326044451, 29.3223144560377], [-98.4564349045896, 29.3223140816577], [-98.4578788763402, 29.3223085262647], [-98.4580526311774, 29.3223855568954], [-98.4565562678828, 29.3223988160486]]]}, "properties": {"FeatClass": "Fee", "Category": "Fee", "Own_Type": "FED", "Own_Name": "NPS", "Unit_Nm": "San Antonio Missions National Historical Park", "State_Nm": "TX", "GIS_Acres": 523}}, {"type": "Feature", "geometry": {"type": "Polygon", "coordinates": [[[-98.4483231732695, 29.3225056779146], [-98.4481978088801, 29.3224316886217], [-98.4483347893845, 29.322431888343], [-98.4489296088499, 29.32243274597], [-98.4489515582855, 29.3224327780821], [-98.4489598838716, 29.3225722892226], [-98.4490388619547, 29.3228804387956], [-98.4490711896268, 29.3229559456375], [-98.4491290590974, 29.3230911060814], [-98.4491321960144, 29.3230984322828], [-98.4491230700294, 29.3230891566569], [-98.4490278423211, 29.3230157489339], [-98.4489937512561, 29.3229813022833], [-98.4489013703089, 29.3229102801626], [-98.448801508192, 29.3228375819062], [-98.4486875856443, 29.3227528071525], [-98.4485819931742, 29.322643237956], [-98.4484423886909, 29.3225619718663], [-98.4483231732695, 29.3225056779146]]]}, "properties": {"FeatClass": "Fee", "Category": "Fee", "Own_Type": "FED", "Own_Name": "NPS", "Unit_Nm": "San Antonio Missions National Historical Park", "State_Nm": "TX", "GIS_Acres": 523}}, {"type": "Feature", "geometry": {"type": "Polygon", "coordinates": [[[-98.4552339648526, 29.3249148832326], [-98.4552323002743, 29.3248770208954], [-98.4550814461887, 29.3248790650531], [-98.4547022987483, 29.3245334796342], [-98.4546995867344, 29.324426222024], [-98.4548150948086, 29.3242792251792], [-98.4548418726889, 29.3242451392306], [-98.4545277444105, 29.32395680976], [-98.4544827019838, 29.3239501462153], [-98.4544811092708, 29.3239499096861], [-98.4537542428486, 29.3238436978311], [-98.4536793880326, 29.3238005131813], [-98.4536356993671, 29.3237753071155], [-98.4536163550457, 29.3237641471461], [-98.4536002482527, 29.3237548292874], [-98.4534900501201, 29.3236678583878], [-98.453382454407, 29.3236455031798], [-98.4533809964413, 29.3235676440787], [-98.4533823609822, 29.323559642782], [-98.4533851664208, 29.3235432023708], [-98.4534100820935, 29.323397170739], [-98.4534109301032, 29.3232969279683], [-98.4534114448378, 29.3232366619568], [-98.4533393882739, 29.3229569857496], [-98.4532837223707, 29.3226586947889], [-98.4532732498112, 29.3226025802478], [-98.4532520908929, 29.3225749529534], [-98.4531912929145, 29.322495575154], [-98.4529428189069, 29.3223362053238], [-98.4529221846049, 29.3223273909463], [-98.4530620729558, 29.3223268607051], [-98.4531267426732, 29.3223266147735], [-98.4562054595947, 29.3223149009077], [-98.4562262978143, 29.3223148272849], [-98.4562210004491, 29.3224068017719], [-98.4563789233777, 29.3225448671237], [-98.4568690927058, 29.3229791742834], [-98.4566894233607, 29.323072081765], [-98.4565357835994, 29.3232182000158], [-98.4566233019659, 29.3232165818937], [-98.4567406542814, 29.3231135037046], [-98.4568920563394, 29.3230291317533], [-98.4569329710073, 29.3230063323215], [-98.4570278250165, 29.3230252477831], [-98.4571709257429, 29.3230223553649], [-98.4573614368551, 29.3230403646422], [-98.4576107813302, 29.3231026499001], [-98.4576887209609, 29.3231279783138], [-98.4576948573526, 29.3232489411977], [-98.45769622908, 29.3233347963745], [-98.4576533641696, 29.32342626007], [-98.4574843713017, 29.3234312632367], [-98.4573224023611, 29.323478299101], [-98.4572613016504, 29.3235894510554], [-98.4575206704257, 29.3238549549098], [-98.4579852593278, 29.3241713172395], [-98.4584620114187, 29.3243236016667], [-98.4585095376871, 29.324338633747], [-98.458651972762, 29.3244814160789], [-98.4589576047744, 29.3246452710995], [-98.4594517760971, 29.3248292478993], [-98.4596914232587, 29.3249701130503], [-98.4555164176358, 29.3249183872779], [-98.4555114427657, 29.3249183246218], [-98.4552339648526, 29.3249148832326]]]}, "properties": {"FeatClass": "Fee", "Category": "Fee", "Own_Type": "FED", "Own_Name": "NPS", "Unit_Nm": "San Antonio Missions National Historical Park", "State_Nm": "TX", "GIS_Acres": 523}}, {"type": "Feature", "geometry": {"type": "Polygon", "coordinates": [[[-98.4439748296277, 29.3250084883497], [-98.4440370074184, 29.324946194074], [-98.4440538472368, 29.3249293223421], [-98.44420565174, 29.3249021789136], [-98.4444489703162, 29.324892702952], [-98.4445475226893, 29.3248888660449], [-98.4445564582315, 29.3248885183031], [-98.4446074277424, 29.3248792647697], [-98.4448620821591, 29.3248330362501], [-98.4449471894475, 29.324848933694], [-98.4450943469657, 29.3248764201793], [-98.4451298600639, 29.3248830539018], [-98.4451649042414, 29.3249042622309], [-98.4452483676128, 29.3249547732647], [-98.4452725233108, 29.3249875267508], [-98.4452844529377, 29.3250161801684], [-98.4454153168134, 29.3253304673357], [-98.4455139060175, 29.3255672421326], [-98.4456312421633, 29.3257804578689], [-98.4457865887237, 29.3260196806671], [-98.4459163440783, 29.3261851473755], [-98.4459957470645, 29.3262711708166], [-98.4460620454275, 29.3263351763387], [-98.4463472749032, 29.3266354638604], [-98.4464874552067, 29.3268046113338], [-98.4466188383085, 29.3269769186826], [-98.4467976928816, 29.3272406210109], [-98.4470205038182, 29.3276099182528], [-98.4471769957305, 29.3278487287234], [-98.4474500242881, 29.3283096021223], [-98.4475250911065, 29.3284283197639], [-98.4475489279026, 29.3285230470778], [-98.4475926740603, 29.3288294549111], [-98.4475809348762, 29.328962748324], [-98.4475771233244, 29.3289635260127], [-98.4475720963521, 29.3289645519665], [-98.4475718061962, 29.3289646107043], [-98.4475421150794, 29.3289706708799], [-98.4475371671589, 29.3289412581142], [-98.4475670568033, 29.3289319266314], [-98.4474565253958, 29.3284618647072], [-98.4471011437846, 29.3278617921547], [-98.4465817001581, 29.327041009129], [-98.4457396256989, 29.3260727036318], [-98.445440468743, 29.3255820837129], [-98.4451741470074, 29.3249828948978], [-98.4448559313944, 29.3248962069981], [-98.444424856839, 29.3249564273865], [-98.4441066079883, 29.32497876586], [-98.4441039642465, 29.3249793618763], [-98.4439748296277, 29.3250084883497]]]}, "properties": {"FeatClass": "Fee", "Category": "Fee", "Own_Type": "FED", "Own_Name": "NPS", "Unit_Nm": "San Antonio Missions National Historical Park", "State_Nm": "TX", "GIS_Acres": 523}}, {"type": "Feature", "geometry": {"type": "Polygon", "coordinates": [[[-98.4460235876518, 29.326248925826], [-98.4460966242777, 29.3262158618179], [-98.4467261312894, 29.3269360159981], [-98.4472627399244, 29.3277766017923], [-98.4476203089334, 29.3283794637334], [-98.4477259040984, 29.3288725583314], [-98.4481883469252, 29.3285878367098], [-98.4486209225654, 29.3283214993459], [-98.4494347512971, 29.3279607053009], [-98.449546771213, 29.3279110431553], [-98.449634165612, 29.328061710219], [-98.4504276286379, 29.3294186098999], [-98.4499360785993, 29.3296417771022], [-98.4496925040032, 29.3291866323404], [-98.4494059072916, 29.3288202017353], [-98.4492552634117, 29.3287132047307], [-98.4488709803028, 29.3285722006455], [-98.4486574552514, 29.3286097906329], [-98.4484674930098, 29.3288349598259], [-98.4481868431454, 29.3291676162095], [-98.4480420419081, 29.3293924137326], [-98.4480419772294, 29.329392513978], [-98.4480419260255, 29.3293925938611], [-98.4477702179913, 29.32981440702], [-98.4476638682415, 29.3301594333801], [-98.4475970533473, 29.3302750350211], [-98.4474636589175, 29.3303222267107], [-98.4471706841673, 29.3302572329925], [-98.4471134722636, 29.3302066736792], [-98.4471093516913, 29.3300711671092], [-98.4472784478655, 29.3295944958166], [-98.4472802391061, 29.3295911939888], [-98.4472807161116, 29.3295903152766], [-98.4475480152142, 29.3290979407496], [-98.4476114192053, 29.3289679102029], [-98.4476147789045, 29.3289610222155], [-98.4476155478624, 29.3289594441263], [-98.4476173813239, 29.3289393761543], [-98.4476175052914, 29.3289383431517], [-98.4476305919484, 29.3288291189304], [-98.4475860947991, 29.3285174411167], [-98.4475607030193, 29.3284165368963], [-98.4474832332075, 29.3282940161386], [-98.4472100582246, 29.3278328959677], [-98.4470535043284, 29.3275939883455], [-98.4468305604412, 29.327224470188], [-98.4466507096365, 29.3269593009102], [-98.4465183680322, 29.326785734166], [-98.4463770262071, 29.3266151839701], [-98.4460904905809, 29.3263135179722], [-98.4460235876518, 29.326248925826]]]}, "properties": {"FeatClass": "Fee", "Category": "Fee", "Own_Type": "FED", "Own_Name": "NPS", "Unit_Nm": "San Antonio Missions National Historical Park", "State_Nm": "TX", "GIS_Acres": 523}}, {"type": "Feature", "geometry": {"type": "MultiPolygon", "coordinates": [[[[-98.4517960197338, 29.3311414788888], [-98.4514978401449, 29.330645603304], [-98.4511077000204, 29.3299790389851], [-98.4507063111918, 29.3292928057384], [-98.4499118564259, 29.3279361620493], [-98.4499230144001, 29.3279311191614], [-98.4499179452069, 29.3279225347388], [-98.4496927573281, 29.327541122808], [-98.4496815957607, 29.327546156317], [-98.4491041272551, 29.3265694183189], [-98.4483061142623, 29.3252195812169], [-98.4475193877028, 29.3238886258877], [-98.4475178911095, 29.3238861282316], [-98.4466417803826, 29.3224242331409], [-98.4480954036326, 29.3224315147467], [-98.4481301307049, 29.322431572705], [-98.4481302088583, 29.3224315742714], [-98.4483036995908, 29.322533967832], [-98.4484230264032, 29.322590311111], [-98.4485567379383, 29.3226681427621], [-98.4486608859174, 29.322776223817], [-98.448777335426, 29.3228628806234], [-98.4488769540995, 29.3229354018546], [-98.4489670236814, 29.3230046460562], [-98.4490010940852, 29.3230390723353], [-98.4490962301654, 29.3231124072025], [-98.4491373640222, 29.3231542019363], [-98.4491374098363, 29.323154248146], [-98.4491733271763, 29.3231904883009], [-98.4492269763617, 29.3232446186356], [-98.4492322018617, 29.3232498920203], [-98.4492361607372, 29.323256085682], [-98.4493409213673, 29.3234199669506], [-98.4494236157808, 29.3235176860893], [-98.4496044700037, 29.3237308387539], [-98.449726491762, 29.3238481856251], [-98.4500688837342, 29.3240952317232], [-98.4503577909127, 29.3242541249648], [-98.4503583748177, 29.3242544077025], [-98.4503851149687, 29.3242750640015], [-98.4504124713641, 29.324280606756], [-98.4504446463226, 29.3242961972691], [-98.450598531324, 29.3243473320363], [-98.4510787706749, 29.3244816620053], [-98.451090116397, 29.3244876958183], [-98.4511037537213, 29.3245031508053], [-98.4511097912983, 29.3245099952342], [-98.4511922988622, 29.3245944301833], [-98.4513084671981, 29.3247032219123], [-98.4513660294449, 29.3247608460965], [-98.4513996659624, 29.3247903462201], [-98.4514819408627, 29.3248899413814], [-98.4515621631125, 29.3249714507584], [-98.451630158393, 29.3250569410802], [-98.4516810236993, 29.3251053726413], [-98.4517334727355, 29.3251802583251], [-98.4517761993053, 29.3252635296684], [-98.4518133356592, 29.3253166603245], [-98.4518303039366, 29.3253304970973], [-98.4518311690142, 29.3253312019761], [-98.451840351593, 29.3253386893555], [-98.4519449289668, 29.3254641130616], [-98.4520575902799, 29.3255924250428], [-98.4521418603384, 29.325699982957], [-98.4522088009967, 29.3257926357714], [-98.4522866418127, 29.3259094022732], [-98.4523715191323, 29.3260328187361], [-98.4524699116054, 29.3261551182173], [-98.4525061397625, 29.3262052589651], [-98.4526261457013, 29.3264606176159], [-98.4526308600599, 29.3264726027724], [-98.4526315373896, 29.3264743242239], [-98.4526574187513, 29.3265401129408], [-98.4526877216208, 29.3265984527052], [-98.4527399900956, 29.3266574370003], [-98.4527403512183, 29.3266578442583], [-98.4527619269548, 29.326684385731], [-98.4528694912269, 29.3267961803211], [-98.4530567270816, 29.3270082210591], [-98.4532671807931, 29.3272288121611], [-98.4534137202704, 29.3273905732359], [-98.4535725981082, 29.3275571427895], [-98.4536449583027, 29.3276330032998], [-98.45373617144, 29.3277673947285], [-98.4537469494268, 29.3278069006701], [-98.4537439966644, 29.3278602908], [-98.4537538062673, 29.3279041879901], [-98.4537886653919, 29.3278883043364], [-98.4537818660436, 29.3278578848732], [-98.4537848583318, 29.3278038031944], [-98.4537714985868, 29.3277548380026], [-98.4536758109411, 29.3276138600038], [-98.453606967651, 29.3275416882653], [-98.45344294067, 29.3273697241217], [-98.4532964002943, 29.327207963797], [-98.4530860921099, 29.3269875316366], [-98.452898804153, 29.326775438382], [-98.4527918848712, 29.3266643173113], [-98.452774677642, 29.3266423183277], [-98.4527744063507, 29.326642008185], [-98.4527641457936, 29.3266303480716], [-98.4527201588874, 29.3265812037494], [-98.4526924674204, 29.326527895185], [-98.452614032818, 29.3263399718171], [-98.4525396918383, 29.3261899843702], [-98.4525012259779, 29.3261367507877], [-98.4524030868297, 29.3260147676946], [-98.4523190494349, 29.325892576126], [-98.4522410002098, 29.3257754978932], [-98.452173331916, 29.325681845705], [-98.4520880862871, 29.325573039356], [-98.451975080021, 29.3254443388842], [-98.4518686512194, 29.325316694002], [-98.4518666713325, 29.3253150806124], [-98.4518657766105, 29.3253143522375], [-98.451842761773, 29.3252955860081], [-98.4518095780063, 29.3252481100407], [-98.4517668379618, 29.3251648120559], [-98.4517112151777, 29.3250854002446], [-98.4516595827101, 29.3250362379475], [-98.4515919467557, 29.3249511987325], [-98.4515114981305, 29.324869459861], [-98.4514284102549, 29.3247688833263], [-98.4513362260387, 29.3246809389859], [-98.4512203568418, 29.3245724268372], [-98.4511384017418, 29.3244885557776], [-98.451116711021, 29.324463910657], [-98.4511156069915, 29.324462663794], [-98.4511090286287, 29.3244591652155], [-98.4512103900337, 29.3244941259328], [-98.4516817360633, 29.3246566988282], [-98.4520397048226, 29.3248461917023], [-98.4524694965837, 29.3249215521967], [-98.4525945681224, 29.3249845646832], [-98.4528110270716, 29.3250936841571], [-98.4532805360464, 29.3252661510362], [-98.4534448343186, 29.325385486248], [-98.4538873974282, 29.3255516776593], [-98.4541281944334, 29.3257172563408], [-98.4541285142336, 29.325717477202], [-98.4542285739798, 29.3258444809293], [-98.4542941563855, 29.3259564362116], [-98.4543264382435, 29.3260125661378], [-98.4545685836199, 29.3263133660332], [-98.4547214948476, 29.326497508993], [-98.4549661150826, 29.3267920912992], [-98.455101485806, 29.3270298549992], [-98.4552324493947, 29.3272303926266], [-98.4553946258462, 29.3274786507304], [-98.4556840890819, 29.327856648233], [-98.4556966556144, 29.3278658380588], [-98.4559075926195, 29.3280200772645], [-98.4561540166716, 29.328529693877], [-98.4561573377432, 29.3285365630974], [-98.456282554809, 29.3287151321188], [-98.4563378146737, 29.3288616769457], [-98.4566886130803, 29.3294576648808], [-98.4566721442662, 29.3295732821976], [-98.4566908256309, 29.3295834093184], [-98.4566441006597, 29.3296550901336], [-98.4566300770598, 29.3296984007436], [-98.4563309856809, 29.330622103082], [-98.4547260133735, 29.3313527642476], [-98.4546117629407, 29.3311875322551], [-98.4545903138666, 29.3311565099643], [-98.4545025376836, 29.3310295653236], [-98.454446941849, 29.3310547406198], [-98.4533113734135, 29.3315689462109], [-98.4523212404259, 29.3320172787048], [-98.4523156169722, 29.3320198247168], [-98.4519179938814, 29.331344318731], [-98.4517960197338, 29.3311414788888]]], [[[-98.4541789986542, 29.3287045812152], [-98.4541219116163, 29.3285811656359], [-98.4540884197275, 29.3285966998863], [-98.4541430678395, 29.3287148431281], [-98.4542006480526, 29.3289168748655], [-98.4542806538084, 29.3290913957994], [-98.4543777688772, 29.3293033557979], [-98.4543934166311, 29.3293349997047], [-98.4544269938598, 29.3293198031123], [-98.4544125642214, 29.3292906206988], [-98.4543156386972, 29.3290790773202], [-98.454236595037, 29.3289066607465], [-98.4541789986542, 29.3287045812152]]]]}, "properties": {"FeatClass": "Fee", "Category": "Fee", "Own_Type": "FED", "Own_Name": "NPS", "Unit_Nm": "San Antonio Missions National Historical Park", "State_Nm": "TX", "GIS_Acres": 523}}, {"type": "Feature", "geometry": {"type": "Polygon", "coordinates": [[[-98.4618363198828, 29.3327308910565], [-98.4619048209148, 29.3324658676649], [-98.461943944342, 29.3323604219796], [-98.4619831441261, 29.3322252659884], [-98.4620504090762, 29.3319943457977], [-98.4622487085819, 29.3320630168504], [-98.4625628206907, 29.3322043810547], [-98.4625231897153, 29.3323227621086], [-98.4624249301929, 29.3325608277374], [-98.4622687311313, 29.3325321631261], [-98.462217016917, 29.3327523029367], [-98.4618363198828, 29.3327308910565]]]}, "properties": {"FeatClass": "Fee", "Category": "Fee", "Own_Type": "FED", "Own_Name": "NPS", "Unit_Nm": "San Antonio Missions National Historical Park", "State_Nm": "TX", "GIS_Acres": 523}}, {"type": "Feature", "geometry": {"type": "Polygon", "coordinates": [[[-98.4525209350152, 29.3323553550331], [-98.4535091545913, 29.3319009491447], [-98.4537033973052, 29.3321969168905], [-98.4537867888113, 29.3323243236998], [-98.4536728599754, 29.3324485930747], [-98.4535680229885, 29.3326132622935], [-98.4534030366068, 29.3330824921828], [-98.4533690991536, 29.3331502219532], [-98.4533182590001, 29.3331943478919], [-98.4532336915993, 29.3332677459394], [-98.4531301472881, 29.3333210713422], [-98.4531016437441, 29.3333357496847], [-98.4526985570997, 29.3326618743046], [-98.4525161200453, 29.3323575689833], [-98.4525209350152, 29.3323553550331]]]}, "properties": {"FeatClass": "Fee", "Category": "Fee", "Own_Type": "FED", "Own_Name": "NPS", "Unit_Nm": "San Antonio Missions National Historical Park", "State_Nm": "TX", "GIS_Acres": 523}}, {"type": "Feature", "geometry": {"type": "MultiPolygon", "coordinates": [[[[-98.4588807359356, 29.3328732316946], [-98.4589391443953, 29.3324826543535], [-98.4589426738761, 29.33203114981], [-98.4588956192232, 29.3320864086661], [-98.4588963630282, 29.3319900157748], [-98.4588964214187, 29.3319825257511], [-98.4588980069452, 29.3317752099143], [-98.4589526254128, 29.3316378156871], [-98.4593972654273, 29.3314708439937], [-98.4594017237661, 29.3314691688325], [-98.4593906969459, 29.3313732906719], [-98.4593668349971, 29.3311335917435], [-98.4593575176709, 29.3311320050732], [-98.4593558153635, 29.3311317153062], [-98.4590343981548, 29.3310769767306], [-98.4588843821973, 29.3308791297601], [-98.4589039735553, 29.3307148250416], [-98.4587922770329, 29.3305554641387], [-98.4585542171944, 29.3302035402509], [-98.4583524412085, 29.3297851119724], [-98.4580309305751, 29.3291194332759], [-98.4578019536025, 29.3287493152533], [-98.4577847535597, 29.3285537122593], [-98.4577228362804, 29.3284463351353], [-98.4575781122983, 29.3282705600157], [-98.4573905189141, 29.3280137671986], [-98.4572031177694, 29.3277568719214], [-98.4570066885561, 29.3274880583149], [-98.4568584548562, 29.3272853000852], [-98.456704559075, 29.3270400520762], [-98.4565758951734, 29.3268351329256], [-98.4564439326582, 29.3266481938088], [-98.4561836502962, 29.3262794726462], [-98.4561190533424, 29.3262028858932], [-98.4559547200359, 29.3260079037869], [-98.4558683820557, 29.3259055818515], [-98.455796844718, 29.3258026630188], [-98.455703127976, 29.3256682940633], [-98.4555035178283, 29.3254109668183], [-98.4552420137575, 29.3250743367523], [-98.4552370523622, 29.3249998919331], [-98.455576443063, 29.3250041431494], [-98.4555814179331, 29.3250042050223], [-98.4597177106588, 29.3250559440656], [-98.4598756767066, 29.3249715588403], [-98.4601965782823, 29.3250584879018], [-98.4604045023379, 29.325208678295], [-98.4604360772219, 29.32534622216], [-98.4605045980168, 29.3254729177697], [-98.4605284393044, 29.3254732153848], [-98.4606679925838, 29.3256783550003], [-98.4607661362236, 29.3257194289258], [-98.4608216440233, 29.3257809638131], [-98.4608805627261, 29.3258714596362], [-98.4608811511226, 29.3258727009996], [-98.460953020837, 29.3260241769805], [-98.4610598538804, 29.3262185787106], [-98.4610714358594, 29.3262938081812], [-98.4610984769461, 29.3264694379018], [-98.4611282192668, 29.3266626076108], [-98.4611603439197, 29.326839926031], [-98.4612269288452, 29.327084117221], [-98.4613885851721, 29.3275455148912], [-98.4614524508973, 29.3277653803895], [-98.4615051397836, 29.3280216342225], [-98.4616144306177, 29.328277853735], [-98.4617730461474, 29.3285603582734], [-98.4618004842895, 29.3285944662751], [-98.4618282323503, 29.3286428241043], [-98.461851239103, 29.3286840143119], [-98.4618768779196, 29.328745481624], [-98.4619153931873, 29.3288272432338], [-98.461941838691, 29.3288636599361], [-98.4619592875671, 29.3289268916245], [-98.4619527900526, 29.3290026070125], [-98.4619202234286, 29.3291069033443], [-98.4618829810736, 29.3291879441487], [-98.4618464420994, 29.3292648137333], [-98.4618359686415, 29.3293142911752], [-98.4618391082534, 29.3293727303811], [-98.4618441145645, 29.32946932937], [-98.4618483950368, 29.3295760600878], [-98.4618539169809, 29.3297119941407], [-98.4618461160109, 29.3297720307746], [-98.4618360746427, 29.3298163829435], [-98.461835049665, 29.3298515031562], [-98.4618571248648, 29.329851889256], [-98.4618428892624, 29.3299966233431], [-98.4618390318966, 29.3301497127773], [-98.4618606786, 29.3304286761649], [-98.4618633762408, 29.3305502898097], [-98.4618511843058, 29.3306934503251], [-98.4618239159453, 29.3308140706116], [-98.4618238575548, 29.3308144621898], [-98.4618237991643, 29.330814863166], [-98.4617989391872, 29.3309846208339], [-98.4617535850451, 29.3310747376915], [-98.4617252746389, 29.3311486337844], [-98.4616786341094, 29.3312692026274], [-98.4616171120888, 29.3314063381281], [-98.4615538787777, 29.3315542488185], [-98.4614621221596, 29.331810522107], [-98.4614749878311, 29.3318104986126], [-98.4615512988162, 29.3316142193662], [-98.4615981836875, 29.3314969127566], [-98.4616492789625, 29.3313687859797], [-98.4616796779517, 29.3312981738066], [-98.461715698598, 29.3312076452076], [-98.4617174287532, 29.3312076467739], [-98.4617536030114, 29.3311171032146], [-98.4618203002263, 29.330978369688], [-98.4618403191824, 29.3308149422649], [-98.4619815047007, 29.3308134331221], [-98.4622933880892, 29.330809967654], [-98.4623684171784, 29.3307609780615], [-98.4625062052682, 29.3307756599051], [-98.4624464960479, 29.3308092032931], [-98.4623915065761, 29.3308484550968], [-98.4623419447253, 29.3308929117404], [-98.4622984474009, 29.3309420022966], [-98.4622615751518, 29.3309950931861], [-98.4622318031866, 29.3310515030579], [-98.4622095123912, 29.33111050279], [-98.4621804590782, 29.3312082059456], [-98.4621532446167, 29.3312990806976], [-98.4621317245758, 29.3313700170952], [-98.4620931176798, 29.3314982120047], [-98.46205992493, 29.3316084217032], [-98.4619988116429, 29.3318113812215], [-98.4619798940214, 29.331884387907], [-98.4618968771127, 29.3321630137118], [-98.4618310449754, 29.3323847433196], [-98.4617874865656, 29.3325316180583], [-98.461710820746, 29.3327906478977], [-98.4617116561792, 29.3333738093645], [-98.4613523579133, 29.3333851789461], [-98.4607947098361, 29.3333592218714], [-98.4604203683825, 29.3332920051951], [-98.4599240366116, 29.3332586231671], [-98.4591223575942, 29.3329341381025], [-98.4591191092861, 29.3329328232098], [-98.4590986537488, 29.3329245438498], [-98.4588809946504, 29.3328732927795], [-98.4588807359356, 29.3328732316946]]], [[[-98.4614317698828, 29.3319263059161], [-98.4614538953882, 29.3318843080259], [-98.4614356811475, 29.331884366762], [-98.4614356658762, 29.3318844106183], [-98.4614104609459, 29.3319475777817], [-98.4614013690969, 29.3319793117131], [-98.4613985349122, 29.3319942862785], [-98.4614038816848, 29.3320092812035], [-98.4614275181565, 29.3320393258671], [-98.4615085641615, 29.3321207762763], [-98.4615511011868, 29.3321600776965], [-98.4615726957879, 29.3321812343909], [-98.4615883112025, 29.332200958707], [-98.4616204493301, 29.3322617120199], [-98.4616385449932, 29.3323098801552], [-98.4616578273308, 29.3323465203765], [-98.4616554153542, 29.3323743768347], [-98.4616399679246, 29.3323992690837], [-98.4615949928716, 29.3324412808584], [-98.4615347024413, 29.3324928117281], [-98.4614647865627, 29.3325221952762], [-98.4613502837034, 29.3325417448854], [-98.4612404332188, 29.3325488393806], [-98.4612394441737, 29.3325610697287], [-98.4613048370348, 29.3325572049169], [-98.4613859243623, 29.3325474281565], [-98.4614513558509, 29.3325357781161], [-98.4614936251783, 29.3325230261915], [-98.4615318934094, 29.3325056129946], [-98.4615592713643, 29.3324853561997], [-98.4616072387055, 29.3324430037754], [-98.4616442007862, 29.3324155992102], [-98.4616703058284, 29.3323851262773], [-98.4616745782159, 29.3323623273707], [-98.4616713236196, 29.3323448883026], [-98.4616632953759, 29.3323292207054], [-98.4616532800588, 29.3323069339633], [-98.4616392762218, 29.3322738069182], [-98.4616192887068, 29.3322244209741], [-98.4615917760046, 29.3321797957514], [-98.4615656359281, 29.3321532862517], [-98.4615560221579, 29.3321435337301], [-98.4614979002607, 29.3320963311361], [-98.4614513010537, 29.3320498623291], [-98.4614242707468, 29.3320197808606], [-98.4614148411312, 29.3320041680338], [-98.4614132771643, 29.3319849856178], [-98.4614174848731, 29.3319688151844], [-98.4614317698828, 29.3319263059161]]]]}, "properties": {"FeatClass": "Fee", "Category": "Fee", "Own_Type": "FED", "Own_Name": "NPS", "Unit_Nm": "San Antonio Missions National Historical Park", "State_Nm": "TX", "GIS_Acres": 523}}, {"type": "Feature", "geometry": {"type": "Polygon", "coordinates": [[[-98.4552498003544, 29.3335797373676], [-98.455283847402, 29.3334210113671], [-98.4552843154242, 29.3334188279822], [-98.4554093456404, 29.3333871853427], [-98.4555287101821, 29.3333900163824], [-98.4556218978164, 29.3334110193269], [-98.4557323699351, 29.3334105643245], [-98.4558237330911, 29.3334316393132], [-98.4558780245719, 29.3333835797806], [-98.4558654059371, 29.3337051438899], [-98.4552477063815, 29.3335895007158], [-98.4552498003544, 29.3335797373676]]]}, "properties": {"FeatClass": "Fee", "Category": "Fee", "Own_Type": "FED", "Own_Name": "NPS", "Unit_Nm": "San Antonio Missions National Historical Park", "State_Nm": "TX", "GIS_Acres": 523}}, {"type": "Feature", "geometry": {"type": "Polygon", "coordinates": [[[-98.4503879132209, 29.331151153974], [-98.4512200846523, 29.3307738508126], [-98.4528285630843, 29.3334779132727], [-98.4521899624269, 29.3338556598625], [-98.4521430739623, 29.333883395306], [-98.4520615877829, 29.33393159635], [-98.4518199113271, 29.3340745516364], [-98.4517705794449, 29.3340471067868], [-98.4517705489022, 29.3340470903411], [-98.4514113054336, 29.3338627918568], [-98.4513086783022, 29.3338357690591], [-98.4511124682779, 29.3337841057353], [-98.4510749240889, 29.3337483016349], [-98.4508968160158, 29.3335784420617], [-98.4506975966353, 29.333440928878], [-98.4506674240215, 29.3334157776651], [-98.4505931953313, 29.3333539020212], [-98.4505212007511, 29.333217585953], [-98.4504911907324, 29.3331607629991], [-98.45046526715, 29.3331116766437], [-98.4503875565897, 29.332918956926], [-98.4503784782154, 29.3328964416357], [-98.4503742839814, 29.3328268227604], [-98.4503926590205, 29.3327596409744], [-98.4504335620103, 29.3326790540984], [-98.4504490220164, 29.3326147902051], [-98.4505093331079, 29.3324821030203], [-98.4505874173674, 29.3322657710629], [-98.4506071228114, 29.3321534789057], [-98.4506378478891, 29.3320620927369], [-98.4506439016358, 29.3319630277224], [-98.4506678049072, 29.3318157762533], [-98.4506610935937, 29.331744877757], [-98.4506432530521, 29.3316685183063], [-98.4506200082459, 29.331615051072], [-98.4505942580382, 29.3315450577587], [-98.4505494455803, 29.331463163626], [-98.450491098206, 29.3313366179917], [-98.4504305041451, 29.3312543603085], [-98.4504042472877, 29.3311877828643], [-98.4503879132209, 29.331151153974]]]}, "properties": {"FeatClass": "Fee", "Category": "Fee", "Own_Type": "FED", "Own_Name": "NPS", "Unit_Nm": "San Antonio Missions National Historical Park", "State_Nm": "TX", "GIS_Acres": 523}}, {"type": "Feature", "geometry": {"type": "Polygon", "coordinates": [[[-98.4537042138738, 29.3324670909357], [-98.4538069137686, 29.3323550707515], [-98.4541906192608, 29.3329412983542], [-98.4540471196823, 29.3335715810124], [-98.4541072448226, 29.3335960829677], [-98.4538572140347, 29.3340664900797], [-98.4538539181159, 29.3340657938757], [-98.4535802796022, 29.334007983865], [-98.4534763984228, 29.3339622442423], [-98.4531191492141, 29.3333650163024], [-98.4531488699752, 29.3333497098882], [-98.4532568465741, 29.3332941016543], [-98.4533447655892, 29.3332177942677], [-98.4534007045803, 29.3331692428234], [-98.4534383987879, 29.3330940176416], [-98.4536028569603, 29.3326262969214], [-98.4537042138738, 29.3324670909357]]]}, "properties": {"FeatClass": "Fee", "Category": "Fee", "Own_Type": "FED", "Own_Name": "NPS", "Unit_Nm": "San Antonio Missions National Historical Park", "State_Nm": "TX", "GIS_Acres": 523}}, {"type": "Feature", "geometry": {"type": "Polygon", "coordinates": [[[-98.4470722117442, 29.3300875242361], [-98.4470762613495, 29.3302206350944], [-98.4471513380494, 29.3302869829208], [-98.4474663493718, 29.330356866672], [-98.4476242633173, 29.3303009991462], [-98.4476992169479, 29.330171316291], [-98.4478053439156, 29.3298270183138], [-98.4480562200182, 29.3294375437516], [-98.4480562730188, 29.3294374623022], [-98.4480563350026, 29.3294373667558], [-98.4482185042676, 29.3291856048226], [-98.4484943050261, 29.3288586946281], [-98.4486791091413, 29.3286396428544], [-98.4488670789196, 29.3286065506439], [-98.4492357349357, 29.3287418202925], [-98.4493779301604, 29.3288428173884], [-98.4496596966307, 29.3292030749746], [-98.4499022866732, 29.3296563776577], [-98.4499026019819, 29.3296569767793], [-98.4495677890957, 29.3298089796913], [-98.4487334940469, 29.330187801057], [-98.4493254398017, 29.3316328638277], [-98.4503542731101, 29.3311664051144], [-98.450368892293, 29.3311991840158], [-98.4503963897239, 29.3312689097282], [-98.4504575137908, 29.3313518847674], [-98.4505149673414, 29.3314764936489], [-98.4505591914028, 29.3315573109385], [-98.4505844592151, 29.3316259979486], [-98.4506069647079, 29.3316777649585], [-98.4506237416442, 29.3317495703885], [-98.4506299193584, 29.3318148059318], [-98.4506063772098, 29.3319598183827], [-98.4506004725834, 29.3320564720906], [-98.4505702793084, 29.3321462770919], [-98.4505506313565, 29.3322582426853], [-98.4504738352812, 29.3324710058721], [-98.4504128351818, 29.332605210019], [-98.4503975305843, 29.3326688333079], [-98.4503568386985, 29.3327489988616], [-98.4503363849578, 29.3328237841726], [-98.4503411532154, 29.3329029417026], [-98.4503475105926, 29.3329187118031], [-98.450430344245, 29.3331241332513], [-98.4505620300791, 29.3333734757482], [-98.4506729100329, 29.3334658999634], [-98.4508711313852, 29.3336027247375], [-98.4510917279746, 29.3338131067422], [-98.4513960753962, 29.3338932439866], [-98.4517488006892, 29.3340740833237], [-98.451760453635, 29.3340610199051], [-98.4518028810659, 29.3340846227079], [-98.4520632990735, 29.3342295027142], [-98.452051709908, 29.3342423820757], [-98.4520515769574, 29.3342425293042], [-98.4519638843176, 29.334339984339], [-98.4516488433509, 29.3341861321615], [-98.4490416332574, 29.3329127622849], [-98.4468497646254, 29.331842181682], [-98.446849549928, 29.3318420861378], [-98.4466030665871, 29.3317214811641], [-98.4456994494462, 29.3312793836175], [-98.4469215409149, 29.3302183733249], [-98.4470722117442, 29.3300875242361]]]}, "properties": {"FeatClass": "Fee", "Category": "Fee", "Own_Type": "FED", "Own_Name": "NPS", "Unit_Nm": "San Antonio Missions National Historical Park", "State_Nm": "TX", "GIS_Acres": 523}}, {"type": "Feature", "geometry": {"type": "Polygon", "coordinates": [[[-98.4552237896353, 29.3339804810457], [-98.4553218326638, 29.3336875562559], [-98.4553454565591, 29.3336920177733], [-98.4556623363773, 29.333751871943], [-98.4558565027343, 29.3337878271871], [-98.4559066808295, 29.3340797962684], [-98.4558931009973, 29.3342920309571], [-98.4558928081465, 29.3344139877035], [-98.4558816780202, 29.3345175259142], [-98.4555609147851, 29.3344516937898], [-98.45544478867, 29.3344278600489], [-98.4550646216417, 29.3343436282406], [-98.4550653349041, 29.3343420392708], [-98.4551919560366, 29.3340597457499], [-98.4552188497996, 29.3339957599555], [-98.4552237896353, 29.3339804810457]]]}, "properties": {"FeatClass": "Fee", "Category": "Fee", "Own_Type": "FED", "Own_Name": "NPS", "Unit_Nm": "San Antonio Missions National Historical Park", "State_Nm": "TX", "GIS_Acres": 523}}, {"type": "Feature", "geometry": {"type": "Polygon", "coordinates": [[[-98.4559713280889, 29.3336877387262], [-98.4560841169627, 29.3327810669451], [-98.4562788357837, 29.3324120946393], [-98.4564133602941, 29.3322967358467], [-98.4568750988417, 29.3320480133187], [-98.457048571608, 29.3317954308255], [-98.457058657892, 29.3314668240766], [-98.4571731149372, 29.331142781274], [-98.4569675804002, 29.3309341511611], [-98.4565334578611, 29.3308168711795], [-98.4564894458021, 29.3306282868981], [-98.4567115892904, 29.3303403216299], [-98.4567281802753, 29.3298575883403], [-98.4567447479041, 29.3298335718316], [-98.4568555011955, 29.3296730316708], [-98.4568555506029, 29.3296729611859], [-98.4568555991119, 29.3296728899178], [-98.4569689988401, 29.3297344701928], [-98.4572669816979, 29.3305833046399], [-98.4573673190236, 29.3309909518611], [-98.4574247653877, 29.3312996132416], [-98.4574286919238, 29.3314274456403], [-98.4574289030279, 29.3314343248464], [-98.4574399846452, 29.3317951128669], [-98.4574387422752, 29.3322487266836], [-98.4574141221482, 29.3326388788911], [-98.4573229117058, 29.3330827929083], [-98.4572931738767, 29.3332275153612], [-98.4572040403392, 29.3335801492968], [-98.4570583371934, 29.3335392649236], [-98.4566310661049, 29.3334193722622], [-98.4563374867886, 29.3342190643688], [-98.4563406776045, 29.3346131943725], [-98.456002991906, 29.3345232490147], [-98.456048166385, 29.3341409298467], [-98.4559713280889, 29.3336877387262]]]}, "properties": {"FeatClass": "Fee", "Category": "Fee", "Own_Type": "FED", "Own_Name": "NPS", "Unit_Nm": "San Antonio Missions National Historical Park", "State_Nm": "TX", "GIS_Acres": 523}}, {"type": "Feature", "geometry": {"type": "Polygon", "coordinates": [[[-98.4537787866188, 29.3345892682604], [-98.4534850348259, 29.3341004082882], [-98.4539623052448, 29.3342043391658], [-98.454256154954, 29.3342717886134], [-98.4541427507342, 29.3344833039906], [-98.4539411157839, 29.3348594046413], [-98.4537787866188, 29.3345892682604]]]}, "properties": {"FeatClass": "Fee", "Category": "Fee", "Own_Type": "FED", "Own_Name": "NPS", "Unit_Nm": "San Antonio Missions National Historical Park", "State_Nm": "TX", "GIS_Acres": 523}}, {"type": "Feature", "geometry": {"type": "Polygon", "coordinates": [[[-98.4527319816148, 29.3347411549653], [-98.4526064716983, 29.3346667461786], [-98.4527026785702, 29.3345669632172], [-98.4527147959451, 29.3345543940154], [-98.4527273283416, 29.334541444995], [-98.4531846893989, 29.3340688989925], [-98.4533919927187, 29.3344183050933], [-98.4530868655594, 29.3346979890263], [-98.4530230878691, 29.3346714050011], [-98.453020574383, 29.3346703579603], [-98.453007801238, 29.3346818119751], [-98.4532225327269, 29.3348329357777], [-98.453249783121, 29.3348441712821], [-98.4533400925531, 29.3348814042017], [-98.4534836056063, 29.3349469282806], [-98.4536205088556, 29.3350257951894], [-98.4537356342475, 29.3351007542501], [-98.4537862983312, 29.3351487808652], [-98.4537776682162, 29.3351649132043], [-98.4537084206843, 29.3352943477238], [-98.4536459203983, 29.335326848073], [-98.4535185365961, 29.3353133689771], [-98.4533814653619, 29.3351976908203], [-98.4532401046721, 29.3350860440537], [-98.4530946117321, 29.3349785532073], [-98.4529764823739, 29.3348966727959], [-98.4528558943268, 29.3348175912107], [-98.4527319816148, 29.3347411549653]]]}, "properties": {"FeatClass": "Fee", "Category": "Fee", "Own_Type": "FED", "Own_Name": "NPS", "Unit_Nm": "San Antonio Missions National Historical Park", "State_Nm": "TX", "GIS_Acres": 523}}, {"type": "Feature", "geometry": {"type": "Polygon", "coordinates": [[[-98.4537686338594, 29.3360791490503], [-98.4537891549738, 29.3361044413502], [-98.4538986623019, 29.3362456033894], [-98.4540023251907, 29.3363901130445], [-98.4541000151812, 29.3365377839207], [-98.4541916047126, 29.3366884257079], [-98.4542769761057, 29.3368418473143], [-98.4543560197658, 29.3369978513836], [-98.4544286350818, 29.3371562327299], [-98.4544947277305, 29.337316793999], [-98.4545542132703, 29.3374793268748], [-98.4546070153444, 29.337643623825], [-98.4546530656808, 29.3378094710542], [-98.4546923058891, 29.3379766579004], [-98.4548043482629, 29.3384326068219], [-98.4547892197352, 29.3385028076263], [-98.4547271281827, 29.3386173872637], [-98.4545833689912, 29.3386498207735], [-98.4545603613401, 29.3386898886774], [-98.4545926387066, 29.3389185798954], [-98.4544981161758, 29.3388926837448], [-98.4544854454387, 29.3388892107203], [-98.4542730810106, 29.3381736249899], [-98.4538504667886, 29.3376707732594], [-98.4538143500226, 29.3375605301755], [-98.4538066442741, 29.3370974330563], [-98.4537271909821, 29.3367023462969], [-98.453783685132, 29.336309048989], [-98.4537686338594, 29.3360791490503]]]}, "properties": {"FeatClass": "Fee", "Category": "Fee", "Own_Type": "FED", "Own_Name": "NPS", "Unit_Nm": "San Antonio Missions National Historical Park", "State_Nm": "TX", "GIS_Acres": 523}}, {"type": "Feature", "geometry": {"type": "Polygon", "coordinates": [[[-98.4599870165979, 29.3419350382327], [-98.460161620343, 29.3408971096773], [-98.4601991465657, 29.3406740266249], [-98.4602215828882, 29.3405207767995], [-98.4602374067119, 29.3403668916631], [-98.4602465937824, 29.3402125951751], [-98.4602491324214, 29.3400581042483], [-98.460245017239, 29.3399036389292], [-98.4602342563202, 29.3397494200488], [-98.4602168631397, 29.33959566609], [-98.4601928628503, 29.3394425963202], [-98.4601576165518, 29.3392908426974], [-98.4601570874441, 29.339288563118], [-98.4601435139001, 29.3392405447179], [-98.4601152286468, 29.3391404741396], [-98.4601139602256, 29.33913598232], [-98.4600955681185, 29.3390809340214], [-98.460065780882, 29.3389917819638], [-98.460063555755, 29.3389851241001], [-98.4600418003555, 29.3389288861998], [-98.4600093469192, 29.3388449948411], [-98.4600059647621, 29.3388362539352], [-98.4599815278915, 29.3387808562141], [-98.4599460327596, 29.3387003892126], [-98.4599412887566, 29.3386896341711], [-98.4599145638769, 29.33863588009], [-98.4598759462012, 29.3385582047154], [-98.4598696409262, 29.3385455232397], [-98.4598409981434, 29.3384939437447], [-98.4597991977366, 29.3384186723734], [-98.4597911488316, 29.3384041772247], [-98.4597609304038, 29.3383551129712], [-98.4597159122316, 29.3382820192965], [-98.4597059499151, 29.3382658451633], [-98.4596744217436, 29.3382194300697], [-98.4596262603663, 29.3381485297615], [-98.459614195992, 29.3381307698288], [-98.4595816356562, 29.3380871190194], [-98.4595303697013, 29.3380183917253], [-98.4595160469624, 29.3379991900802], [-98.4594827176687, 29.3379583630793], [-98.4594284288828, 29.3378918589257], [-98.4594116779977, 29.3378713392954], [-98.4593415402353, 29.337791396255], [-98.4594653756921, 29.3378447756753], [-98.4595256328848, 29.3378707488362], [-98.4594482151753, 29.3377726150936], [-98.4589392926174, 29.337253468842], [-98.4586678828239, 29.3369361423667], [-98.4585654901529, 29.3366661023293], [-98.4583850626298, 29.3363107600939], [-98.4582428323708, 29.3356434692681], [-98.4582285868871, 29.3353754399954], [-98.4584552228501, 29.3354422363285], [-98.4586817689816, 29.3355698552236], [-98.4588403171377, 29.3357114769107], [-98.459950393182, 29.3373968016263], [-98.4600129752146, 29.3374622027072], [-98.4600490192171, 29.3374956483565], [-98.460089384116, 29.3375250602208], [-98.4601334869049, 29.3375500138607], [-98.4601806915765, 29.3375701482681], [-98.4602303109195, 29.3375851713479], [-98.4603042853865, 29.3376060246383], [-98.4603761380328, 29.3376319508738], [-98.4604291952285, 29.3376532998595], [-98.4604843446004, 29.3376700872603], [-98.4605410803971, 29.3376821580239], [-98.4605988753075, 29.3376894001681], [-98.4606571966307, 29.3376917471302], [-98.460929891015, 29.3376843601119], [-98.4610380230224, 29.3376581269129], [-98.4612654530961, 29.3376912060055], [-98.461403588834, 29.337688018773], [-98.4615385355526, 29.3377135706641], [-98.4616649698356, 29.337796574132], [-98.4616652977207, 29.3377967910515], [-98.4616852367267, 29.3377478400558], [-98.4614984428432, 29.337635896153], [-98.4610563028401, 29.3375916648511], [-98.4606548205868, 29.33763965427], [-98.4606018092053, 29.3376396417403], [-98.4605492200319, 29.3376337989998], [-98.4604978831101, 29.3376222137552], [-98.4604486132117, 29.3376050731664], [-98.4604021891761, 29.3375826481849], [-98.4603258602247, 29.3375546106862], [-98.4602471201951, 29.3375322788831], [-98.4602047134255, 29.3375194171656], [-98.4601643970355, 29.3375021496965], [-98.4601267621167, 29.3374807341152], [-98.4600923629295, 29.3374554828782], [-98.4600617079205, 29.3374267687411], [-98.4599957607988, 29.3373462740452], [-98.4595785732994, 29.3367119370616], [-98.4591910589505, 29.3361321268457], [-98.4588685143561, 29.3356636729665], [-98.4587319866026, 29.3355368756821], [-98.4587206839997, 29.3355267749955], [-98.4584815443862, 29.3353921110862], [-98.4582492840712, 29.3353238690771], [-98.4582506162728, 29.3353016511211], [-98.4583170942988, 29.3353237516088], [-98.4584208200697, 29.3353544648649], [-98.4585268140867, 29.3353785020007], [-98.4586345220892, 29.3353957338059], [-98.4587433709522, 29.3354060717913], [-98.458825969246, 29.3354092872875], [-98.4589086438965, 29.3354085088649], [-98.4589911442739, 29.3354037420053], [-98.4592565245751, 29.3353847873341], [-98.4592940220517, 29.3353829979015], [-98.4593362186156, 29.3357593489637], [-98.4594826853293, 29.3359899622598], [-98.4598590758401, 29.3366011220521], [-98.4602271488497, 29.3372107589521], [-98.4605096573285, 29.3373538983692], [-98.460638022091, 29.337356076188], [-98.4610588001566, 29.3373165340076], [-98.4616363036966, 29.3373788457861], [-98.4621659261336, 29.3377033621249], [-98.4626325757708, 29.3377705602309], [-98.4631597161627, 29.3379313147417], [-98.4632629568434, 29.3382101988896], [-98.4630591084442, 29.3385988521468], [-98.4628452159817, 29.3386682869686], [-98.462664305165, 29.3393269643527], [-98.4624678750534, 29.3394623020035], [-98.4616659121683, 29.3401008810737], [-98.4607490673348, 29.3414873671981], [-98.4608248680768, 29.3418602290655], [-98.460473798379, 29.3418528963813], [-98.4603898463241, 29.3418521743891], [-98.4603501210256, 29.3418518321867], [-98.4603215429214, 29.3418515863021], [-98.4599867686628, 29.3420762337006], [-98.4599867713578, 29.3420757223558], [-98.4599870165979, 29.3419350382327]]]}, "properties": {"FeatClass": "Fee", "Category": "Fee", "Own_Type": "FED", "Own_Name": "NPS", "Unit_Nm": "San Antonio Missions National Historical Park", "State_Nm": "TX", "GIS_Acres": 523}}, {"type": "Feature", "geometry": {"type": "Polygon", "coordinates": [[[-98.4645661383345, 29.3489071081959], [-98.4645561311022, 29.3489011423845], [-98.4634667477504, 29.349249781185], [-98.4634425022209, 29.3492122818075], [-98.4633037673067, 29.3489977087749], [-98.4632842055931, 29.3489712529788], [-98.4630768456795, 29.3486908142273], [-98.4628182243024, 29.3483906143732], [-98.4626983827553, 29.3482702278655], [-98.4626974116765, 29.3482692451723], [-98.4625723913418, 29.348146582272], [-98.4624424689005, 29.3480278907238], [-98.4623078132361, 29.3479133216653], [-98.4621685932316, 29.3478030223195], [-98.4620249822621, 29.3476971281638], [-98.4618771662788, 29.3475957762418], [-98.4623164640122, 29.3474546878654], [-98.4617271036089, 29.3470932630659], [-98.4610423771566, 29.346763365074], [-98.4600022978392, 29.3463339302651], [-98.4583787744228, 29.3452487756137], [-98.4582513016873, 29.3451599100646], [-98.4582450000056, 29.3451551507084], [-98.4581279135915, 29.3450667243671], [-98.4580088023747, 29.3449693586749], [-98.4578941512933, 29.3448679680197], [-98.4577841373154, 29.3447627082163], [-98.4576789320192, 29.344653738995], [-98.4577035647226, 29.3446344422847], [-98.4581095017214, 29.3449110591779], [-98.4587918835708, 29.3453760486545], [-98.4593220728448, 29.3457353708123], [-98.4597734151896, 29.3460471118795], [-98.4601060658309, 29.3462768710977], [-98.4612617906647, 29.3467718006999], [-98.461719433793, 29.3470118520258], [-98.4623528628492, 29.3473829216867], [-98.4623926285719, 29.3474062160235], [-98.4626938983654, 29.3475709151095], [-98.463303654119, 29.34787955996], [-98.4637141141352, 29.3481834258682], [-98.4638617253027, 29.3482927021751], [-98.46400669183, 29.3484167876493], [-98.4643228080802, 29.348607810235], [-98.4643460618696, 29.3486250217943], [-98.4646603572347, 29.3488576621875], [-98.4646698533256, 29.3488646913398], [-98.4648067466934, 29.3489634462978], [-98.4648959520961, 29.3490033919115], [-98.465205226777, 29.3491893057879], [-98.4652264970863, 29.3492012961027], [-98.4656027806976, 29.3494134280529], [-98.4656840719426, 29.3494604127806], [-98.46582397287, 29.3495790869999], [-98.4659808366849, 29.3498641642087], [-98.4662198972467, 29.3503732973497], [-98.4661396893699, 29.3505251401768], [-98.4660951113722, 29.3508206623469], [-98.4660763249047, 29.3508192341496], [-98.466076294362, 29.3508192333666], [-98.4660638041863, 29.350818282801], [-98.4657835010715, 29.3507969812041], [-98.4656298747849, 29.3507894902133], [-98.4656048908402, 29.3495262602682], [-98.4645661383345, 29.3489071081959]]]}, "properties": {"FeatClass": "Fee", "Category": "Fee", "Own_Type": "FED", "Own_Name": "NPS", "Unit_Nm": "San Antonio Missions National Historical Park", "State_Nm": "TX", "GIS_Acres": 523}}, {"type": "Feature", "geometry": {"type": "Polygon", "coordinates": [[[-98.4654070907978, 29.3490145898353], [-98.4659160986957, 29.3484883518636], [-98.4661701332749, 29.348649231197], [-98.4662716932076, 29.3487177837567], [-98.4663689996175, 29.3487909200608], [-98.4664617839083, 29.3488684349486], [-98.4665497909583, 29.3489501162124], [-98.466632773731, 29.3490357383336], [-98.4667105067492, 29.3491250632652], [-98.4667827726205, 29.3492178427818], [-98.4668493719191, 29.3493138231773], [-98.4669101222868, 29.3494127366518], [-98.4669589942315, 29.3495033587055], [-98.4670028760348, 29.3495959209833], [-98.4670416661871, 29.3496902120665], [-98.4670752793484, 29.3497860158396], [-98.4671036355687, 29.3498831161873], [-98.4672866205954, 29.3505783273559], [-98.4672946596189, 29.350609998328], [-98.4674102117105, 29.3510413436483], [-98.4674109977364, 29.3510442759878], [-98.4672101047944, 29.3509958896346], [-98.4672050787204, 29.3509948122245], [-98.4671360737336, 29.3509800111447], [-98.4670077359205, 29.3509524831507], [-98.4669975526184, 29.350950564013], [-98.4669144683361, 29.3509349039736], [-98.4668040510147, 29.3509140909944], [-98.4667887383323, 29.3509115986984], [-98.466699083772, 29.3508970027531], [-98.4665992099771, 29.3508807429256], [-98.4665786134042, 29.3508779131547], [-98.4664856180094, 29.3508651376856], [-98.4663933798943, 29.3508524671372], [-98.4663674643967, 29.3508495598482], [-98.4662721666198, 29.350838868729], [-98.4661867215649, 29.3508292839916], [-98.4661263511846, 29.3508234889874], [-98.4661232600816, 29.3508232047573], [-98.4661138511274, 29.3508223426711], [-98.4661579808657, 29.3505298162836], [-98.4662404462088, 29.3503737021641], [-98.465998034931, 29.3498574318862], [-98.4658394409609, 29.3495692507971], [-98.465695865924, 29.3494474609557], [-98.4656130241868, 29.349399571058], [-98.4652387779546, 29.3491885987249], [-98.4652571520954, 29.3491696027683], [-98.4653422189596, 29.3490816583334], [-98.4654070907978, 29.3490145898353]]]}, "properties": {"FeatClass": "Fee", "Category": "Fee", "Own_Type": "FED", "Own_Name": "NPS", "Unit_Nm": "San Antonio Missions National Historical Park", "State_Nm": "TX", "GIS_Acres": 523}}, {"type": "Feature", "geometry": {"type": "Polygon", "coordinates": [[[-98.4647731200574, 29.3549460363724], [-98.4649843858459, 29.3556080058399], [-98.4650414980367, 29.3555894409286], [-98.4650614020085, 29.3556485642597], [-98.4652803986983, 29.3556608623028], [-98.4653681910511, 29.3556657918549], [-98.4653888262515, 29.3556669506441], [-98.4653959247388, 29.3556746096139], [-98.4654391983827, 29.3557212868807], [-98.465465013269, 29.3557491353848], [-98.4656951571532, 29.3557574551709], [-98.4657461051046, 29.3557802511935], [-98.4650156292515, 29.3559987568589], [-98.4647608167313, 29.3554262447913], [-98.4647066087938, 29.3552871927977], [-98.4646576452209, 29.3551466537549], [-98.4646139799116, 29.355004782685], [-98.4647731200574, 29.3549460363724]]]}, "properties": {"FeatClass": "Fee", "Category": "Fee", "Own_Type": "FED", "Own_Name": "NPS", "Unit_Nm": "San Antonio Missions National Historical Park", "State_Nm": "TX", "GIS_Acres": 523}}, {"type": "Feature", "geometry": {"type": "Polygon", "coordinates": [[[-98.4768978368557, 29.3586702616559], [-98.4768223074049, 29.3586394528607], [-98.4768101648772, 29.3586588361742], [-98.4767502759939, 29.3586300246629], [-98.4764837611204, 29.3585018129865], [-98.4759270535793, 29.3582351161165], [-98.4764479677479, 29.3574026572047], [-98.4765186992968, 29.357289623098], [-98.4791445647038, 29.3583970620887], [-98.4791456130377, 29.3584470319547], [-98.4791407423723, 29.3584968279827], [-98.4791300021147, 29.3585459130736], [-98.4791135099444, 29.3585937579589], [-98.4791101709065, 29.3586001311161], [-98.4791056469907, 29.3586059178485], [-98.4791000693511, 29.3586109490405], [-98.4790935996845, 29.358615079848], [-98.4790864257386, 29.3586181912634], [-98.4790787532278, 29.3586201932486], [-98.4790708040358, 29.3586210270828], [-98.4790628090298, 29.3586206700609], [-98.4790549990767, 29.3586191307949], [-98.4790475978571, 29.3586164546959], [-98.4790408218649, 29.3586127216236], [-98.4789675067613, 29.3585682050395], [-98.4788903136306, 29.3585290453367], [-98.4788097464277, 29.3584954993269], [-98.4787263387519, 29.3584677893718], [-98.4786406412704, 29.3584460971192], [-98.4785566218419, 29.3584310512774], [-98.4784715199435, 29.3584217906105], [-98.4783858521064, 29.3584183738406], [-98.4783001420485, 29.3584208189764], [-98.4782149107927, 29.3584291119241], [-98.4781306757685, 29.3584432033571], [-98.4780479526089, 29.3584630048001], [-98.4779672452688, 29.3584884003741], [-98.4778890433301, 29.3585192287885], [-98.4778699936562, 29.3585277409525], [-98.4776238103526, 29.358640393958], [-98.4775481847821, 29.3586710273737], [-98.4774695417705, 29.3586951318239], [-98.4773886134449, 29.3587124818258], [-98.4773061516951, 29.3587229176626], [-98.4772229263773, 29.3587263406857], [-98.4771397109409, 29.358722721927], [-98.4770572824287, 29.3587120919205], [-98.4769764062054, 29.3586945508807], [-98.4768978368557, 29.3586702616559]]]}, "properties": {"FeatClass": "Fee", "Category": "Fee", "Own_Type": "FED", "Own_Name": "NPS", "Unit_Nm": "San Antonio Missions National Historical Park", "State_Nm": "TX", "GIS_Acres": 523}}, {"type": "Feature", "geometry": {"type": "Polygon", "coordinates": [[[-98.4797718178425, 29.3595537161385], [-98.4797130302937, 29.3595135546563], [-98.4796589544085, 29.3594685953239], [-98.4796101022267, 29.3594192632697], [-98.4795669291942, 29.359366021203], [-98.4795298422477, 29.3593093662833], [-98.4794991836453, 29.3592498230734], [-98.4794977696971, 29.3592466639181], [-98.4794033055568, 29.3590331243605], [-98.4793680673431, 29.3589620897744], [-98.4793264232432, 29.3588937648972], [-98.4792786454465, 29.3588285967937], [-98.4792250375836, 29.3587670027781], [-98.4792206178724, 29.358761307659], [-98.4792173399199, 29.3587550488214], [-98.4792152962526, 29.3587483977295], [-98.4792145443627, 29.3587415438552], [-98.4792151049115, 29.3587346727557], [-98.4792169608309, 29.3587279817324], [-98.4792200627135, 29.3587216532109], [-98.4792492606552, 29.3586674172255], [-98.47927233029, 29.3586109592188], [-98.4792890533273, 29.3585528108059], [-98.4792992716637, 29.3584935169129], [-98.4793013988743, 29.358492844364], [-98.4793152032853, 29.3584884731879], [-98.4794798635785, 29.3584363071832], [-98.479709313065, 29.3593144671221], [-98.4797405304195, 29.3594339668221], [-98.4797718178425, 29.3595537161385]]]}, "properties": {"FeatClass": "Fee", "Category": "Fee", "Own_Type": "FED", "Own_Name": "NPS", "Unit_Nm": "San Antonio Missions National Historical Park", "State_Nm": "TX", "GIS_Acres": 523}}, {"type": "Feature", "geometry": {"type": "Polygon", "coordinates": [[[-98.4797718178425, 29.3595537161385], [-98.4799083042735, 29.359501739367], [-98.4800271055715, 29.359456477033], [-98.4805482622853, 29.359709438816], [-98.4805089169741, 29.3597720430297], [-98.4804378036413, 29.3597419533015], [-98.4803642477892, 29.3597167686494], [-98.4802886895924, 29.3596966409664], [-98.4802115835983, 29.3596816908274], [-98.4801333879477, 29.3596720059234], [-98.4800563133947, 29.3596615286883], [-98.4799808531142, 29.3596442477464], [-98.4799077841489, 29.3596203439523], [-98.4798378646771, 29.3595900623601], [-98.4797718178425, 29.3595537161385]]]}, "properties": {"FeatClass": "Fee", "Category": "Fee", "Own_Type": "FED", "Own_Name": "NPS", "Unit_Nm": "San Antonio Missions National Historical Park", "State_Nm": "TX", "GIS_Acres": 523}}, {"type": "Feature", "geometry": {"type": "Polygon", "coordinates": [[[-98.4782673301844, 29.3585616588498], [-98.4783524985582, 29.3585561876411], [-98.4784378816293, 29.3585574959396], [-98.4785227796102, 29.3585655743498], [-98.4786064927132, 29.3585803547539], [-98.4786883346255, 29.3586017189247], [-98.4787676289156, 29.3586294883471], [-98.4788437287966, 29.3586634359623], [-98.4789160054477, 29.3587032822539], [-98.4789838623877, 29.3587486991622], [-98.4790467471525, 29.3587993132167], [-98.4791041387194, 29.3588547110166], [-98.4791500866478, 29.3589075039425], [-98.4791910399433, 29.3589633636183], [-98.4792267353995, 29.359021926755], [-98.4792569403526, 29.3590828136222], [-98.4793514008996, 29.3592963530755], [-98.4793832084472, 29.3593599988497], [-98.4794211290303, 29.359421018614], [-98.4794648868661, 29.3594789637508], [-98.4795141585611, 29.3595334083479], [-98.4795685802977, 29.3595839468507], [-98.4795734123356, 29.3595887603384], [-98.4795773352784, 29.3595941696397], [-98.4795802539048, 29.3596000479191], [-98.4795820981461, 29.3596062503334], [-98.4795828239848, 29.3596126289078], [-98.4795824116581, 29.359619028621], [-98.4795808737423, 29.3596252952349], [-98.4795782461701, 29.3596312776429], [-98.4795745918235, 29.359636831002], [-98.4794599910478, 29.3597833806979], [-98.4794368279882, 29.3598115890239], [-98.4794155190514, 29.3598353189619], [-98.4793907686686, 29.3598606178929], [-98.4793661251855, 29.3598837238217], [-98.4783069988891, 29.3593759778153], [-98.4772385723345, 29.3588637610331], [-98.4773178836927, 29.358860066334], [-98.4773966273155, 29.358850977953], [-98.4774743252994, 29.3588365530435], [-98.4775505060287, 29.3588168761608], [-98.4776247095662, 29.3587920678749], [-98.4776964876523, 29.3587622792898], [-98.4779426709559, 29.3586496256362], [-98.478020078784, 29.3586180307601], [-98.4781004348827, 29.3585927088151], [-98.4781830780922, 29.3585738672858], [-98.4782673301844, 29.3585616588498]]]}, "properties": {"FeatClass": "Fee", "Category": "Fee", "Own_Type": "FED", "Own_Name": "NPS", "Unit_Nm": "San Antonio Missions National Historical Park", "State_Nm": "TX", "GIS_Acres": 523}}, {"type": "Feature", "geometry": {"type": "Polygon", "coordinates": [[[-98.4809690879616, 29.3593908371785], [-98.481123306238, 29.3591543131897], [-98.4811358934318, 29.3592896401669], [-98.4811449017374, 29.3594270331344], [-98.4811668134438, 29.3597936700163], [-98.4811661028764, 29.3598174610273], [-98.4811607210696, 29.3598407877531], [-98.4811508288217, 29.3598629533834], [-98.4811367216785, 29.3598832932084], [-98.4811188227464, 29.3599011973245], [-98.4810976692181, 29.3599161286409], [-98.4810738917108, 29.3599276432359], [-98.4810482070802, 29.3599353919227], [-98.4810213788943, 29.3599391468686], [-98.4809942138401, 29.3599387937659], [-98.4809120826703, 29.3599277512807], [-98.4808315091792, 29.3599099630433], [-98.480753212019, 29.3598855903346], [-98.4806778918757, 29.3598548476734], [-98.4806758140725, 29.3598538948434], [-98.4806758428186, 29.3598538502162], [-98.48071608375, 29.3597906463254], [-98.4809690879616, 29.3593908371785]]]}, "properties": {"FeatClass": "Fee", "Category": "Fee", "Own_Type": "FED", "Own_Name": "NPS", "Unit_Nm": "San Antonio Missions National Historical Park", "State_Nm": "TX", "GIS_Acres": 523}}, {"type": "Feature", "geometry": {"type": "Polygon", "coordinates": [[[-98.475767074407, 29.3592021319522], [-98.4762111206351, 29.3584932796809], [-98.4765384397751, 29.3586506348494], [-98.476858504121, 29.3588045002045], [-98.4774347832572, 29.3590815327333], [-98.4778426731934, 29.3592776142413], [-98.4782474459756, 29.3594721968315], [-98.4782438841555, 29.3594779498482], [-98.4778065258847, 29.3601825541298], [-98.4773986332535, 29.3599864720152], [-98.4769907397241, 29.359790390306], [-98.4765828506862, 29.3595943058705], [-98.4761749607499, 29.3593982202745], [-98.475767074407, 29.3592021319522]]]}, "properties": {"FeatClass": "Fee", "Category": "Fee", "Own_Type": "FED", "Own_Name": "NPS", "Unit_Nm": "San Antonio Missions National Historical Park", "State_Nm": "TX", "GIS_Acres": 523}}, {"type": "Feature", "geometry": {"type": "Polygon", "coordinates": [[[-98.4680591304172, 29.3581614267853], [-98.4681050603794, 29.358160538924], [-98.4681933899247, 29.3582653667937], [-98.4682143817562, 29.3583395618322], [-98.4682359494079, 29.3584922540243], [-98.4682482123098, 29.3587091676312], [-98.4682180531708, 29.358783407757], [-98.4681421024102, 29.358856634703], [-98.4680182103594, 29.3590185679428], [-98.4679313756108, 29.3594065726459], [-98.4679551378467, 29.3596906201985], [-98.4680641511014, 29.3600118672094], [-98.4681030876791, 29.3600448638844], [-98.4681820603723, 29.3603210239873], [-98.4682686049651, 29.3605137968024], [-98.4683827610748, 29.3605409338804], [-98.4684644296122, 29.3605250177318], [-98.4684770877729, 29.3606447837727], [-98.4684812164299, 29.3606838447962], [-98.468242331938, 29.3606308421835], [-98.4682228097502, 29.3605581739579], [-98.4680972971387, 29.360534240627], [-98.4679972670369, 29.3602881730268], [-98.4680598517644, 29.360110439117], [-98.4680685788974, 29.3600856562], [-98.4680369168769, 29.3600270858456], [-98.4679580852191, 29.3598258008374], [-98.4679240408665, 29.3596948566583], [-98.4678998483376, 29.3594057670039], [-98.4679212408178, 29.3592644882864], [-98.4679869750387, 29.3590149546752], [-98.4679904308576, 29.3589399309946], [-98.4680302603606, 29.3588868413509], [-98.4681217160431, 29.3588354428327], [-98.4681906347917, 29.3587690000627], [-98.4682166949181, 29.3587048481385], [-98.4681834931852, 29.3583446400142], [-98.4681644551894, 29.3582773591722], [-98.4680591304172, 29.3581614267853]]]}, "properties": {"FeatClass": "Fee", "Category": "Fee", "Own_Type": "FED", "Own_Name": "NPS", "Unit_Nm": "San Antonio Missions National Historical Park", "State_Nm": "TX", "GIS_Acres": 523}}, {"type": "Feature", "geometry": {"type": "Polygon", "coordinates": [[[-98.4649221999704, 29.3565565030212], [-98.4649379878615, 29.3563984783186], [-98.4670658892587, 29.3613356819781], [-98.4670689579037, 29.361342805003], [-98.4670637485734, 29.3613447106352], [-98.4663235152197, 29.3598079186302], [-98.4662917606728, 29.3597419932312], [-98.4653384208825, 29.3577626956284], [-98.4648938841743, 29.3568399509474], [-98.4649213178248, 29.3565653332305], [-98.4649221999704, 29.3565565030212]]]}, "properties": {"FeatClass": "Fee", "Category": "Fee", "Own_Type": "FED", "Own_Name": "NPS", "Unit_Nm": "San Antonio Missions National Historical Park", "State_Nm": "TX", "GIS_Acres": 523}}, {"type": "Feature", "geometry": {"type": "Polygon", "coordinates": [[[-98.467286175031, 29.3612628208735], [-98.4650734978238, 29.3561289306572], [-98.4657605042002, 29.3559192939015], [-98.4658627648189, 29.3558880888774], [-98.4660189980165, 29.3559565253857], [-98.4661593130673, 29.3560027609322], [-98.4663320528082, 29.3561649633502], [-98.4664752667224, 29.3563536131323], [-98.4665200225865, 29.3564791521404], [-98.4665071578133, 29.3565579319211], [-98.4664919098096, 29.3566513036319], [-98.4665163296123, 29.3571473682332], [-98.4666572510259, 29.3575029760535], [-98.4669467169565, 29.3577524272444], [-98.4672795382777, 29.3578145323564], [-98.4675422640573, 29.3578135513211], [-98.4679619336018, 29.3582030411658], [-98.4679626962715, 29.3582040621276], [-98.4680474038095, 29.3583177090486], [-98.4681112821111, 29.3585066821143], [-98.4680743712344, 29.3585585928434], [-98.46783452824, 29.358814827203], [-98.4677264860642, 29.3592925558273], [-98.4677058293042, 29.3594428398434], [-98.4676980813349, 29.3598917113064], [-98.4678663321943, 29.3600341259713], [-98.4678973869537, 29.360060412913], [-98.4678855318869, 29.3601118209911], [-98.467860926133, 29.3602185086617], [-98.467829120382, 29.3603564147609], [-98.4678611031011, 29.3604009681441], [-98.4679981186398, 29.3605918320299], [-98.4680373642379, 29.3606465007325], [-98.4680505667776, 29.360664893261], [-98.4684896947296, 29.3607640760022], [-98.4685117816075, 29.3609008453379], [-98.4685408717513, 29.3610366037346], [-98.4685769040756, 29.3611710803048], [-98.4686031276954, 29.3612523250119], [-98.4686198076136, 29.361303998682], [-98.4686694961269, 29.3614350918961], [-98.4687271068827, 29.3615686902865], [-98.4687914882408, 29.3616998951174], [-98.4688625081489, 29.3618284441204], [-98.468940024673, 29.3619540789428], [-98.4689461296237, 29.3619629948051], [-98.4690238842015, 29.3620765498452], [-98.4691139169525, 29.3621956086547], [-98.4696506872842, 29.3628726043805], [-98.4696516197355, 29.3628737803117], [-98.4702331046088, 29.3636071187567], [-98.4699047047954, 29.3636037937607], [-98.4683489008768, 29.3635880338888], [-98.4682016759848, 29.3633072517503], [-98.4680607626561, 29.3630239948449], [-98.4679262192811, 29.3627383727596], [-98.4677980898771, 29.362450496648], [-98.467286175031, 29.3612628208735]]]}, "properties": {"FeatClass": "Fee", "Category": "Fee", "Own_Type": "FED", "Own_Name": "NPS", "Unit_Nm": "San Antonio Missions National Historical Park", "State_Nm": "TX", "GIS_Acres": 523}}, {"type": "Feature", "geometry": {"type": "Polygon", "coordinates": [[[-98.4765042409123, 29.3661018819071], [-98.4755630580228, 29.364995316636], [-98.4757204168094, 29.3648926220353], [-98.4762401496935, 29.3649415560768], [-98.4764683451318, 29.3650194180236], [-98.4775070599083, 29.3638925653841], [-98.4767048410034, 29.3636265661058], [-98.4782113435827, 29.3624440438746], [-98.4784526939501, 29.3622723883639], [-98.4787690042363, 29.3629314690383], [-98.4789313971818, 29.3628716852438], [-98.4789426620555, 29.3628675389509], [-98.4786137753552, 29.3621822442866], [-98.4786062286085, 29.3621661420605], [-98.4786052126139, 29.3621639326724], [-98.478592798795, 29.3621354079169], [-98.4785672767595, 29.3620668307206], [-98.4785472236674, 29.3619968739784], [-98.4785327374351, 29.3619258688615], [-98.4784665136324, 29.3615209039519], [-98.478539894313, 29.3618138199884], [-98.4786113732602, 29.3620802091964], [-98.478767575915, 29.3623076156133], [-98.478839262373, 29.3623854028484], [-98.4790756217007, 29.362520890727], [-98.4792258730168, 29.3625929500121], [-98.4792606953105, 29.3625990316756], [-98.4795826209656, 29.3626434087054], [-98.4796062942682, 29.3626542011472], [-98.4797019783207, 29.3624696498426], [-98.4801569687239, 29.3626748480992], [-98.4801811055573, 29.3626330680027], [-98.4803241937073, 29.3626977741027], [-98.4804342804488, 29.3625254057861], [-98.480516840115, 29.3625705547997], [-98.4805225093827, 29.3625729199786], [-98.4806028196674, 29.3624233616447], [-98.480563889378, 29.3624020593428], [-98.480899357136, 29.3618275962199], [-98.4810521264298, 29.3615575187961], [-98.480998481736, 29.3613776379813], [-98.480269182676, 29.3610601447024], [-98.4802599273336, 29.360919840673], [-98.4799795945745, 29.3607977982061], [-98.4794035454069, 29.3617674798198], [-98.479393872348, 29.3617622037301], [-98.4793111887143, 29.3619114169854], [-98.4792958239296, 29.3619391447936], [-98.479249619083, 29.3619186832439], [-98.4792897791661, 29.3618130699526], [-98.4792402343832, 29.3617893741409], [-98.4793258222702, 29.3616602198917], [-98.4794292659702, 29.361469744771], [-98.4784670050108, 29.3610418328865], [-98.4784918065975, 29.3609731727467], [-98.4785229961042, 29.3609065411203], [-98.4785523907769, 29.360855020702], [-98.4787680825648, 29.3605084916794], [-98.4788111648676, 29.3604461196654], [-98.4788604563255, 29.36038739763], [-98.4789155625783, 29.3603327882912], [-98.4789760425531, 29.3602827308792], [-98.4790414066681, 29.3602376301759], [-98.4791111276123, 29.3601978518166], [-98.4791846430402, 29.3601637152434], [-98.4792566492984, 29.3601306880726], [-98.4793254252149, 29.3600927472122], [-98.479390536005, 29.3600501306679], [-98.4794515684437, 29.3600031093287], [-98.4795081335605, 29.3599519807027], [-98.4795504990076, 29.3599077050644], [-98.479589517332, 29.3598611142727], [-98.4796502416486, 29.3597834582084], [-98.4796982628887, 29.3597220518916], [-98.4797032620133, 29.3597166911389], [-98.4797092016739, 29.359712144638], [-98.4797159246655, 29.359708529829], [-98.4797232432401, 29.3597059508424], [-98.479730949887, 29.3597044757935], [-98.4797388290103, 29.3597041500928], [-98.4797466596246, 29.3597049800035], [-98.4797529927474, 29.3597065411751], [-98.4797554469448, 29.3597073796981], [-98.4797566515856, 29.3597078439783], [-98.4797601738798, 29.3597094106304], [-98.479765323023, 29.3597119269821], [-98.4797913418269, 29.3597240710796], [-98.4798071593624, 29.3597310063129], [-98.4798477793829, 29.359747335975], [-98.4798500530189, 29.3597481893734], [-98.4798883643691, 29.3597616347031], [-98.4798994316134, 29.3597652001854], [-98.47991055096, 29.3597686396151], [-98.479921719714, 29.3597719569069], [-98.4799329351803, 29.3597751481463], [-98.4799498441689, 29.359779700125], [-98.4799611710263, 29.3597825758417], [-98.4799953869571, 29.3597904411967], [-98.4800126193392, 29.3597939416944], [-98.4800241483176, 29.359796115119], [-98.4800357069404, 29.3597981577936], [-98.4800472952075, 29.3598000736329], [-98.4801173251721, 29.3598088291822], [-98.480184389798, 29.359817157249], [-98.4802175924292, 29.359823041779], [-98.4802285976897, 29.3598252559155], [-98.4802395688143, 29.3598275961043], [-98.4802722612024, 29.3598353690696], [-98.4803152617585, 29.3598474661764], [-98.4803574816785, 29.3598615151347], [-98.4803936936659, 29.3598753801017], [-98.4804140485919, 29.3598839500894], [-98.4804330946726, 29.3598924989372], [-98.4805806079237, 29.3599650196635], [-98.480590731937, 29.3599882203033], [-98.480622418212, 29.360060838045], [-98.4807095781507, 29.3600920558835], [-98.4807994671713, 29.360116621144], [-98.480891427707, 29.3601343561059], [-98.4809847851229, 29.3601451292404], [-98.4810788522078, 29.3601488606906], [-98.4811729381574, 29.3601455246207], [-98.4811843584396, 29.3601654259479], [-98.4811919626785, 29.36018667861], [-98.4811955523464, 29.36020873064], [-98.4812050637086, 29.3603461826533], [-98.4812052388801, 29.3603486966405], [-98.4812115746978, 29.360440239086], [-98.4812233498146, 29.3606700112563], [-98.4812380013368, 29.3609724258363], [-98.481238024693, 29.3609728971571], [-98.4812438385896, 29.3612814873136], [-98.4812426617965, 29.3615901180299], [-98.481234491619, 29.3618986663875], [-98.4812193334469, 29.362207011818], [-98.481188573335, 29.3635824212443], [-98.4811073943794, 29.3636321403855], [-98.4811070790707, 29.36363233298], [-98.4811067889149, 29.3636325106993], [-98.4810960917765, 29.3636390612605], [-98.4810898412987, 29.3637079677835], [-98.4810635368306, 29.363823384187], [-98.4810635700682, 29.3638234068911], [-98.4810784389828, 29.3638336566563], [-98.4811607731719, 29.3638904100536], [-98.4811498568445, 29.3640971391503], [-98.4809907454448, 29.3640908657655], [-98.4806182509274, 29.364021574314], [-98.4799335963403, 29.3639202746461], [-98.479828279653, 29.3639018756594], [-98.4797243823039, 29.3638780887341], [-98.4796222582292, 29.3638489929397], [-98.4795222631616, 29.3638146908321], [-98.4794247420544, 29.3637753006242], [-98.4791666542766, 29.3636622062601], [-98.4790870886953, 29.3636244342569], [-98.4790107408793, 29.3635818747767], [-98.4789379827312, 29.3635347329348], [-98.4788691717804, 29.3634832459453], [-98.4788046475902, 29.3634276611997], [-98.4787447272658, 29.3633682550574], [-98.4785590032757, 29.3636001587343], [-98.4773932640231, 29.3650557341104], [-98.4771479323224, 29.3653618559657], [-98.4765276788564, 29.3661294042413], [-98.4765042409123, 29.3661018819071]]]}, "properties": {"FeatClass": "Fee", "Category": "Fee", "Own_Type": "FED", "Own_Name": "NPS", "Unit_Nm": "San Antonio Missions National Historical Park", "State_Nm": "TX", "GIS_Acres": 523}}, {"type": "Feature", "geometry": {"type": "Polygon", "coordinates": [[[-98.493758947939, 29.3898480586144], [-98.4938737526323, 29.3897707306786], [-98.4939840127486, 29.3896884888682], [-98.4940894569966, 29.3896015366745], [-98.4941898203734, 29.3895100901121], [-98.494284854944, 29.3894143753711], [-98.4943743226547, 29.3893146319476], [-98.4944580043167, 29.3892111071654], [-98.4945356879275, 29.3891040593068], [-98.494607184841, 29.3889937513511], [-98.4946258554258, 29.3889631701083], [-98.4946470942941, 29.3889303197805], [-98.4946701181148, 29.388898403998], [-98.4947416572491, 29.3888043660307], [-98.4947887873605, 29.3887392460337], [-98.4948323709231, 29.3886722592273], [-98.4948591371253, 29.3886288147966], [-98.4954754029698, 29.3884487336962], [-98.4954654667044, 29.3887888879228], [-98.4955899642197, 29.3890757229059], [-98.4955952669748, 29.3890788717432], [-98.4959066320354, 29.3892638107752], [-98.4959097941052, 29.3892706148495], [-98.4961044590273, 29.3896896206582], [-98.495885532406, 29.3898406918153], [-98.4958563030233, 29.3898082581689], [-98.494672566024, 29.3905892989522], [-98.4945576193968, 29.3906613618489], [-98.49443875881, 29.3907283817842], [-98.4943162717244, 29.3907901897057], [-98.4941904581773, 29.3908466423898], [-98.4940616226976, 29.3908975981776], [-98.4939300770006, 29.3909429357598], [-98.4937961399884, 29.3909825416531], [-98.4936601386476, 29.3910163242893], [-98.49352240266, 29.391044199143], [-98.4933832670973, 29.391066098125], [-98.4930541818694, 29.3911103899541], [-98.4930260053121, 29.391112292681], [-98.4929978206701, 29.391110487008], [-98.4928704215965, 29.3910938438207], [-98.4928623798781, 29.3910921492899], [-98.4928547909106, 29.3910892642826], [-98.4928478837644, 29.3910852780258], [-98.4928418641536, 29.3910803071406], [-98.4928369153347, 29.3910745019041], [-98.492833183733, 29.3910680360739], [-98.4928307807397, 29.3910611037581], [-98.4928297800164, 29.3910539108048], [-98.4928302112078, 29.3910466763683], [-98.4928394638552, 29.3909917070003], [-98.4928495186982, 29.3909088940273], [-98.4928518695893, 29.3908256403294], [-98.4928465021554, 29.39074249301], [-98.4928334487361, 29.390660002305], [-98.492812797366, 29.3905787098426], [-98.4927846827925, 29.3904991533388], [-98.492792955378, 29.3904962119605], [-98.4927617272438, 29.3904277008319], [-98.4927249933352, 29.3903613170327], [-98.492720921272, 29.3903528357076], [-98.4927185200752, 29.3903438800661], [-98.4927178562202, 29.3903346990065], [-98.4927189458767, 29.3903255492541], [-98.4927217629934, 29.3903166859688], [-98.4927262249254, 29.3903083588316], [-98.4927322077052, 29.3903007971737], [-98.4927395460428, 29.3902942138895], [-98.4927480342239, 29.3902887936962], [-98.4927574350933, 29.3902846868723], [-98.4931271133923, 29.3901546937171], [-98.4932601538859, 29.3901045656546], [-98.4933901778367, 29.3900486909749], [-98.4935168600548, 29.3899872113376], [-98.4936398852312, 29.389920277794], [-98.493758947939, 29.3898480586144]]]}, "properties": {"FeatClass": "Fee", "Category": "Fee", "Own_Type": "FED", "Own_Name": "NPS", "Unit_Nm": "San Antonio Missions National Historical Park", "State_Nm": "TX", "GIS_Acres": 523}}, {"type": "Feature", "geometry": {"type": "Polygon", "coordinates": [[[-98.4925735265985, 29.3913548403672], [-98.4925880748145, 29.3913528961622], [-98.4925832400816, 29.3913825116286], [-98.4925821998326, 29.39138865497], [-98.4925810993963, 29.3913948280534], [-98.4925644625973, 29.3914681919935], [-98.4925411611971, 29.3915401493871], [-98.4925113434179, 29.3916102392334], [-98.4924752023974, 29.3916780083593], [-98.4924295589978, 29.3917477631199], [-98.4923843952986, 29.3918054527019], [-98.4923344130362, 29.3918600130673], [-98.4922350252297, 29.391868426173], [-98.4922490973387, 29.3917654158678], [-98.4920991900773, 29.3914386837807], [-98.4921130376074, 29.3914138239599], [-98.4924179428829, 29.3913755441131], [-98.4925735265985, 29.3913548403672]]]}, "properties": {"FeatClass": "Fee", "Category": "Fee", "Own_Type": "FED", "Own_Name": "NPS", "Unit_Nm": "San Antonio Missions National Historical Park", "State_Nm": "TX", "GIS_Acres": 523}}, {"type": "Feature", "geometry": {"type": "Polygon", "coordinates": [[[-99.5212879681033, 27.5157246252123], [-99.5200678502332, 27.511904500971], [-99.5246579062635, 27.5119545419265], [-99.5246679413435, 27.5119546160223], [-99.5246079392724, 27.5121746468084], [-99.5245678672242, 27.5124945888943], [-99.5245479425913, 27.5128145643087], [-99.524558039655, 27.5136445198546], [-99.5245680046665, 27.5140645910592], [-99.5245779876442, 27.5141745717319], [-99.5246578882972, 27.5152145693434], [-99.5246580338243, 27.5155045816094], [-99.5246579772304, 27.5157045459421], [-99.5212879681033, 27.5157246252123]]]}, "properties": {"FeatClass": "Fee", "Category": "Fee", "Own_Type": "DIST", "Own_Name": "REG", "Unit_Nm": "Fort Mcintosh Site", "State_Nm": "TX", "GIS_Acres": 40}}, {"type": "Feature", "geometry": {"type": "Polygon", "coordinates": [[[-98.4847476760328, 29.4259951001025], [-98.4855877472488, 29.42511500171], [-98.4864378104258, 29.4252451489027], [-98.4864277798373, 29.4254449540205], [-98.4864676865955, 29.425604941016], [-98.4865176374168, 29.425754900966], [-98.4865376267285, 29.4259350137933], [-98.4864177636219, 29.4264349586582], [-98.4856577826033, 29.426285001277], [-98.4847476760328, 29.4259951001025]]]}, "properties": {"FeatClass": "Fee", "Category": "Fee", "Own_Type": "STAT", "Own_Name": "OTHS", "Unit_Nm": "The Alamo", "State_Nm": "TX", "GIS_Acres": 4}}, {"type": "Feature", "geometry": {"type": "Polygon", "coordinates": [[[-97.0351062992169, 28.0573253786896], [-97.0351113576303, 28.0569128217727], [-97.0354218270706, 28.0569154378345], [-97.0354156951704, 28.0573284133096], [-97.0351062992169, 28.0573253786896]]]}, "properties": {"FeatClass": "Fee", "Category": "Fee", "Own_Type": "STAT", "Own_Name": "OTHS", "Unit_Nm": "Fulton Mansion State Historic Site", "State_Nm": "TX", "GIS_Acres": 2}}, {"type": "Feature", "geometry": {"type": "Polygon", "coordinates": [[[-97.0337035071372, 28.0567077936762], [-97.0340792400812, 28.0567026209984], [-97.0340705246263, 28.0569041007735], [-97.0349993511891, 28.0569115367314], [-97.0349925680104, 28.0574279247002], [-97.0337978850393, 28.0574163593835], [-97.0337293633461, 28.0569010368099], [-97.0337035071372, 28.0567077936762]]]}, "properties": {"FeatClass": "Fee", "Category": "Fee", "Own_Type": "STAT", "Own_Name": "OTHS", "Unit_Nm": "Fulton Mansion State Historic Site", "State_Nm": "TX", "GIS_Acres": 2}}, {"type": "Feature", "geometry": {"type": "Polygon", "coordinates": [[[-95.6504348306216, 29.005963458042], [-95.6442578925571, 29.0008104370469], [-95.6447243607348, 29.0003841720197], [-95.6449193571352, 29.0002761509942], [-95.645101459118, 29.0001688291136], [-95.6460603127674, 28.9994575172341], [-95.6481808371995, 28.9975214427389], [-95.6532407103268, 29.0036236370157], [-95.6513191618317, 29.005395713733], [-95.6511736652984, 29.0052835497446], [-95.6504348306216, 29.005963458042]]]}, "properties": {"FeatClass": "Fee", "Category": "Fee", "Own_Type": "STAT", "Own_Name": "OTHS", "Unit_Nm": "Levi Jordan Plantation State Historic Site", "State_Nm": "TX", "GIS_Acres": 92}}, {"type": "Feature", "geometry": {"type": "Polygon", "coordinates": [[[-95.6382506273852, 29.1584234147165], [-95.6384104421658, 29.158231908784], [-95.6397996741763, 29.1603616399684], [-95.6422236324434, 29.1640819647937], [-95.6420152996543, 29.1641864560326], [-95.6406533198346, 29.1648695560813], [-95.6405450423002, 29.1649241530266], [-95.6407394646771, 29.1651326936208], [-95.6408032279943, 29.1652010868988], [-95.6414359869074, 29.1654484927632], [-95.6414536531758, 29.1655350718888], [-95.6415193460742, 29.1658570212173], [-95.6395208101627, 29.1668601862878], [-95.6365671971192, 29.1623255891025], [-95.6363993864342, 29.1620679347287], [-95.6372380068711, 29.1616470321503], [-95.6374572901235, 29.1615369726313], [-95.6372379197345, 29.1612880056889], [-95.6368204618422, 29.1610638920933], [-95.6368555482405, 29.1610088553681], [-95.6370252274213, 29.1607426902292], [-95.6370724976699, 29.1606685391836], [-95.6374674473744, 29.1595025223462], [-95.6375476238102, 29.1592658086098], [-95.6381815280753, 29.1585062146672], [-95.6382506273852, 29.1584234147165]]]}, "properties": {"FeatClass": "Designation", "Category": "Designation", "Own_Type": "STAT", "Own_Name": "OTHS", "Unit_Nm": "Varner - Hogg Plantation State Historic Site", "State_Nm": "TX", "GIS_Acres": 65}}, {"type": "Feature", "geometry": {"type": "Polygon", "coordinates": [[[-98.8746803112854, 29.3545616977888], [-98.8748041000298, 29.3544557143514], [-98.8748107224101, 29.3544813520807], [-98.874816286575, 29.3545032471851], [-98.8747850701189, 29.3545301470571], [-98.8748578480299, 29.3548114278738], [-98.8746203972492, 29.3548425792026], [-98.8744888668236, 29.3547255052469], [-98.8746803112854, 29.3545616977888]]]}, "properties": {"FeatClass": "Fee", "Category": "Fee", "Own_Type": "STAT", "Own_Name": "OTHS", "Unit_Nm": "Landmark Inn State Historic Site", "State_Nm": "TX", "GIS_Acres": 6}}, {"type": "Feature", "geometry": {"type": "Polygon", "coordinates": [[[-98.8732712822027, 29.3548739920344], [-98.8728228989084, 29.3548356193642], [-98.8728257851954, 29.3548079538259], [-98.8732715085781, 29.3548463601743], [-98.8732750173976, 29.354438127949], [-98.8732764008031, 29.354431767842], [-98.8732746580715, 29.3542516348519], [-98.8731719986008, 29.3540835719303], [-98.873149262241, 29.3539295506782], [-98.8730966838474, 29.3538178516132], [-98.8730754081482, 29.3536511440994], [-98.8731807131574, 29.3535559703463], [-98.8734424579767, 29.3534550580245], [-98.8736850641888, 29.3533374547433], [-98.8739250625917, 29.3532176652338], [-98.8741328806462, 29.3534037233191], [-98.874218792825, 29.3533370577706], [-98.8744060735954, 29.3531969192746], [-98.8744973720727, 29.3531017826804], [-98.8746271561734, 29.3530216746317], [-98.8746833377096, 29.3529566123897], [-98.8747315125616, 29.3528257830922], [-98.8747428510971, 29.3528340631846], [-98.8747545426706, 29.3528391150195], [-98.8747659925972, 29.3528420660989], [-98.8747788672518, 29.3528434997488], [-98.8747919215695, 29.3528428569161], [-98.8747399639118, 29.3529826239808], [-98.8746720324117, 29.3530617212256], [-98.8745394392791, 29.353142346013], [-98.8744508240696, 29.3532357482589], [-98.8742608546415, 29.3533786952625], [-98.8741763411396, 29.3534430298441], [-98.8749688492563, 29.354150453875], [-98.8743957627326, 29.3546424709369], [-98.8743185210929, 29.3547427823254], [-98.8743466527343, 29.354877022135], [-98.87327108098, 29.3550161569005], [-98.8732712822027, 29.3548739920344]]]}, "properties": {"FeatClass": "Fee", "Category": "Fee", "Own_Type": "STAT", "Own_Name": "OTHS", "Unit_Nm": "Landmark Inn State Historic Site", "State_Nm": "TX", "GIS_Acres": 6}}, {"type": "Feature", "geometry": {"type": "Polygon", "coordinates": [[[-97.2335170172557, 28.6847883493026], [-97.2335037392574, 28.6845847272269], [-97.2336133786379, 28.6846012041898], [-97.2336361599135, 28.684605570884], [-97.2336862230243, 28.6846131796966], [-97.2337282039924, 28.6846202510451], [-97.2337752074414, 28.6846274500604], [-97.2338722201022, 28.6846415549277], [-97.2339029182304, 28.684646645856], [-97.2339245442725, 28.6846493599669], [-97.2339755919368, 28.6846584369494], [-97.2340827196277, 28.6846747949023], [-97.2341502316146, 28.684685497669], [-97.2342356847543, 28.6846986978254], [-97.2342932101702, 28.6847073311207], [-97.2343134788579, 28.6847116150633], [-97.234415355896, 28.6847292559838], [-97.2344816587505, 28.6847402676679], [-97.2344945396933, 28.6847427871235], [-97.2344970136536, 28.6847461277464], [-97.2345199018287, 28.6848432532193], [-97.2345288382692, 28.6848791426132], [-97.2345508101627, 28.6849709461469], [-97.2345577721062, 28.6850006381405], [-97.2345647538125, 28.6850231831506], [-97.2345702452139, 28.6850523360922], [-97.2345899587428, 28.685129982662], [-97.234594392827, 28.6851498907768], [-97.2346010762928, 28.6851834001083], [-97.2346264132754, 28.685287791131], [-97.2346298008223, 28.6853019723517], [-97.234635506921, 28.6853230869602], [-97.2346459830738, 28.6853669198746], [-97.2346607316142, 28.6854312566081], [-97.2346652708013, 28.6854497571845], [-97.2346710173241, 28.6854735740318], [-97.2346972508254, 28.6855819909758], [-97.2346997786846, 28.6855918133843], [-97.2347009321214, 28.6855962801211], [-97.2347054219012, 28.6856171866219], [-97.2347305926955, 28.6857215803645], [-97.23473633832, 28.685745397938], [-97.2347407733026, 28.6857653429746], [-97.2347684629729, 28.6858789647536], [-97.2347716852298, 28.6858932207599], [-97.2347777084338, 28.6859131113923], [-97.2347889391715, 28.6859657120096], [-97.234792695926, 28.6859736666813], [-97.2347936059194, 28.6859815441226], [-97.2347922737178, 28.6859877429971], [-97.2347677757617, 28.685994615662], [-97.2347328402803, 28.6860058297442], [-97.2347070271906, 28.6860114588505], [-97.234599735108, 28.6860440206596], [-97.2345417488565, 28.6860609796849], [-97.2344575237137, 28.6860859808452], [-97.2344408958978, 28.6860903931849], [-97.2344279376998, 28.6860940237704], [-97.2343814319176, 28.6861064821862], [-97.2342794839126, 28.6861382031077], [-97.2342187802573, 28.6861553047562], [-97.2341644097247, 28.6861707420237], [-97.2341038839358, 28.686188582865], [-97.2340804819244, 28.6861959977004], [-97.2339966951595, 28.6862195858412], [-97.2339476516366, 28.6862330356184], [-97.2339403833676, 28.6862109747362], [-97.2338936503116, 28.6860595808806], [-97.2338427903951, 28.6859121948787], [-97.2337985097398, 28.685751254808], [-97.2337396467325, 28.6855687089723], [-97.2336935254292, 28.6854333402479], [-97.2336340156349, 28.6852723151183], [-97.2335871631029, 28.6851184769015], [-97.2335429300583, 28.684960758017], [-97.2335170172557, 28.6847883493026]]]}, "properties": {"FeatClass": "Fee", "Category": "Fee", "Own_Type": "STAT", "Own_Name": "OTHS", "Unit_Nm": "Fannin Battleground State Historic Site", "State_Nm": "TX", "GIS_Acres": 14}}, {"type": "Feature", "geometry": {"type": "Polygon", "coordinates": [[[-97.2332591253106, 28.6850808837908], [-97.233323775265, 28.6850648482204], [-97.2333301056928, 28.6850657379472], [-97.2333405360316, 28.685103684905], [-97.2333440196982, 28.6851159022905], [-97.2333511657963, 28.6851353706673], [-97.2333625950617, 28.6851758236479], [-97.2333643647428, 28.6851824323641], [-97.2333651220226, 28.6851854971501], [-97.2333682921772, 28.6851962731548], [-97.2333871541032, 28.6852615249363], [-97.2333928260659, 28.6852803076698], [-97.233402211664, 28.6853126742663], [-97.233429073986, 28.6854042370604], [-97.2334304205606, 28.6854077021763], [-97.2334349866972, 28.68542805313], [-97.2334419728951, 28.6854479320298], [-97.23347491232, 28.6855544568622], [-97.2334820898591, 28.6855761490695], [-97.2334880447911, 28.6855942248548], [-97.2335150247924, 28.6856795278297], [-97.2335184761197, 28.6856866337809], [-97.2335219696678, 28.6856995170103], [-97.2335398982443, 28.6857524116816], [-97.2335525806594, 28.6857927399102], [-97.2335680020379, 28.6858372566645], [-97.2335701678761, 28.6858452310475], [-97.233577555621, 28.6858611798118], [-97.2335837189621, 28.6858792161448], [-97.2335869340325, 28.685893064724], [-97.2335964049706, 28.6859226169697], [-97.2336259451704, 28.6860084461006], [-97.2336295680759, 28.6860187720388], [-97.2336459326854, 28.6860733876689], [-97.2336635441566, 28.6861274342925], [-97.2336672416223, 28.6861400180056], [-97.2336715912649, 28.6861570022331], [-97.2336742170405, 28.6861620458043], [-97.2336848665682, 28.686195063852], [-97.2336976927138, 28.6862366488617], [-97.2337119238245, 28.6862798840464], [-97.2337177961115, 28.6863008873418], [-97.2337283620959, 28.6863338320564], [-97.2337307803607, 28.6863418032493], [-97.2337565242801, 28.6864254901004], [-97.2337610616706, 28.6864439897132], [-97.2337655478571, 28.686458861114], [-97.2337737198312, 28.6864855399496], [-97.2337880847909, 28.6865322172566], [-97.2337914229306, 28.6865430293732], [-97.2338053944282, 28.686588488322], [-97.2338111086117, 28.6866101960763], [-97.2338431066021, 28.686715250794], [-97.2338628111479, 28.6867807522299], [-97.2338652958879, 28.6867876106577], [-97.2338736097959, 28.6868125470241], [-97.2337626139594, 28.6868406686943], [-97.2336348160338, 28.6868729087201], [-97.2336140739339, 28.6868791839829], [-97.2333328913685, 28.6869504002698], [-97.2333083817343, 28.686956569141], [-97.233283857727, 28.6869617758004], [-97.2332102866036, 28.68698020991], [-97.2332011237877, 28.6869829822762], [-97.233144433805, 28.6869971112559], [-97.2331085631774, 28.6870073732644], [-97.2330864188074, 28.6870121819553], [-97.2330103791135, 28.6870305711371], [-97.232978038865, 28.6870390876086], [-97.2329481797632, 28.6870485773228], [-97.2329238228426, 28.6870536342479], [-97.2328169089508, 28.6870807077454], [-97.2326258822056, 28.687131890861], [-97.2324994964317, 28.6871634467693], [-97.2324878201296, 28.6871661001351], [-97.2324554268804, 28.6871767293586], [-97.2324218855844, 28.6871859999823], [-97.2324152901535, 28.6871870386326], [-97.2324062611866, 28.687190401243], [-97.2323973651704, 28.6871914658988], [-97.2323701659802, 28.6871996663491], [-97.2323263865848, 28.6872098321957], [-97.2322749858826, 28.6872223842567], [-97.2321573991068, 28.687251948736], [-97.2321367082109, 28.6872589261284], [-97.232006271035, 28.6872909351269], [-97.2319973651373, 28.6872941109663], [-97.231975579195, 28.6873005453898], [-97.2319665637028, 28.6873020552925], [-97.231949485831, 28.687307138999], [-97.2319406383237, 28.6873086481135], [-97.2319354397732, 28.6873108176133], [-97.2319174195686, 28.6872629979813], [-97.2319150785589, 28.6872545816103], [-97.2319069532972, 28.6872310882685], [-97.231898504642, 28.6872084483798], [-97.2318571848338, 28.6870837259809], [-97.2318501815679, 28.6870625880859], [-97.2318101283843, 28.6869414803084], [-97.231803010134, 28.6869210469034], [-97.2317984439974, 28.686903511163], [-97.2317862861984, 28.6868732121204], [-97.2317690376466, 28.6868153107262], [-97.2317617424281, 28.6867942129677], [-97.2317524322885, 28.6867641038142], [-97.2317179747109, 28.6866623353316], [-97.2317156633457, 28.6866558811674], [-97.2317073745905, 28.6866326847879], [-97.2317060199311, 28.6866287382113], [-97.2317016756784, 28.6866120881953], [-97.2316945816826, 28.6865904316651], [-97.2316825262915, 28.6865585036221], [-97.231659024567, 28.6864850111643], [-97.2316483948022, 28.686456174632], [-97.231620203872, 28.6863651840986], [-97.2316105379995, 28.6863422626864], [-97.2316048633419, 28.6863231830459], [-97.2315719293069, 28.6862197300558], [-97.2315637618244, 28.6861934223277], [-97.2315505350301, 28.686155804385], [-97.2315280070794, 28.6860915193205], [-97.2315234741805, 28.6860762412292], [-97.2315032692731, 28.6860192992503], [-97.2315007593802, 28.6860106258721], [-97.2314844666359, 28.6859579709013], [-97.2314407384445, 28.68582583294], [-97.2314360519337, 28.6858115572231], [-97.2314278700781, 28.6857842123045], [-97.2314207527261, 28.6857638157125], [-97.231417188211, 28.6857575246216], [-97.2314043602688, 28.6857156801494], [-97.2313795595804, 28.6856392019216], [-97.2313594921153, 28.6855800003303], [-97.2313571582922, 28.6855720661183], [-97.2313854426472, 28.6855637418147], [-97.2313933496183, 28.6855609489212], [-97.2314527138856, 28.6855465667797], [-97.2315610354375, 28.6855185889775], [-97.2316201769225, 28.6855034321642], [-97.2316435376115, 28.685495980241], [-97.2316731433883, 28.6854891973826], [-97.2316873798889, 28.6854844051712], [-97.231702856963, 28.6854814128957], [-97.2317199447163, 28.685476958763], [-97.2317360748655, 28.6854728860527], [-97.2317494956959, 28.6854694737391], [-97.2317843027182, 28.6854608901546], [-97.2318810000703, 28.6854361930376], [-97.2318860225511, 28.6854335806072], [-97.2319186170228, 28.6854252082207], [-97.2319454505987, 28.6854179020837], [-97.2320525711031, 28.685390788753], [-97.232068085008, 28.6853873890458], [-97.2320822945592, 28.6853835968827], [-97.2321390626953, 28.6853691697971], [-97.2322771544157, 28.6853342963859], [-97.2324190442131, 28.6852989343632], [-97.2324395940736, 28.6852938103679], [-97.232470580561, 28.6852844190027], [-97.2324743822313, 28.6852839311908], [-97.2325661909516, 28.6852597699161], [-97.2325749549155, 28.6852583356382], [-97.2325841159348, 28.6852554166462], [-97.2326061282525, 28.6852501279432], [-97.2326361176099, 28.6852411928638], [-97.2326704763729, 28.685233391809], [-97.2326772218224, 28.6852312041407], [-97.2327506267575, 28.6852129202435], [-97.2327673794393, 28.6852085441179], [-97.2327944977811, 28.6852034563692], [-97.232860294884, 28.6851856657961], [-97.2329119641826, 28.6851714459445], [-97.2329327143673, 28.6851657277416], [-97.2329568799468, 28.6851590071191], [-97.233046072773, 28.6851362099573], [-97.2330667807369, 28.6851304539253], [-97.2330887795799, 28.685124314105], [-97.233121010234, 28.6851169070744], [-97.2331583496071, 28.6851070373375], [-97.2331646899164, 28.6851057417571], [-97.2331727289399, 28.6851033531293], [-97.2332023329201, 28.6850965702455], [-97.233230656801, 28.6850880977477], [-97.2332591253106, 28.6850808837908]]]}, "properties": {"FeatClass": "Fee", "Category": "Fee", "Own_Type": "STAT", "Own_Name": "OTHS", "Unit_Nm": "Fannin Battleground State Historic Site", "State_Nm": "TX", "GIS_Acres": 14}}, {"type": "Feature", "geometry": {"type": "Polygon", "coordinates": [[[-98.812457782682, 26.3748743192506], [-98.8056075528205, 26.3690943326515], [-98.805689711838, 26.3690490608095], [-98.805897702369, 26.3689344521192], [-98.8060376742634, 26.3688642669367], [-98.8061543986564, 26.3687982540487], [-98.8066256261084, 26.3691137101438], [-98.8073494427503, 26.3694230421203], [-98.8073555971083, 26.3694256723524], [-98.807363209432, 26.3694228497624], [-98.8073680738092, 26.3694210461056], [-98.8081527028026, 26.3691247140082], [-98.809516172029, 26.3680241098986], [-98.8096716614215, 26.3678985461129], [-98.8114031084361, 26.3669088218685], [-98.8114036582051, 26.3669085079723], [-98.81275633597, 26.3663832682477], [-98.8128081472023, 26.3663631482112], [-98.8129355399877, 26.3663136143375], [-98.8140076020242, 26.3662967451443], [-98.814075882969, 26.3663085766795], [-98.814171853584, 26.3663252502885], [-98.8141576988301, 26.3664844221244], [-98.8141077821447, 26.3667442926424], [-98.8140976392668, 26.3667991448655], [-98.8126578231227, 26.374584400975], [-98.812457782682, 26.3748743192506]]]}, "properties": {"FeatClass": "Fee", "Category": "Fee", "Own_Type": "STAT", "Own_Name": "OTHS", "Unit_Nm": "Fort Ringgold Historic Site", "State_Nm": "TX", "GIS_Acres": 93}}, {"type": "Feature", "geometry": {"type": "Polygon", "coordinates": [[[-98.4885323465967, 29.4221616757297], [-98.4886017755884, 29.4218523453507], [-98.4886288481161, 29.4217337303631], [-98.4881271650811, 29.4216652168096], [-98.4882000418068, 29.4213198729617], [-98.4883002578599, 29.4208918231113], [-98.4886002861817, 29.4209373053764], [-98.4889968815998, 29.4210008406088], [-98.4890471019158, 29.4210095040387], [-98.4897355168506, 29.4211142249105], [-98.489726372001, 29.4213545336101], [-98.4897275478957, 29.4213892458891], [-98.4896856037585, 29.4218949391403], [-98.4895670243443, 29.4220199168651], [-98.4895375443317, 29.4219840326834], [-98.4893727169517, 29.421946081241], [-98.4888875862741, 29.4218828392383], [-98.4888098164251, 29.4223275863691], [-98.4887412722739, 29.4222766369439], [-98.4887333796758, 29.4222722880691], [-98.4885323465967, 29.4221616757297]]]}, "properties": {"FeatClass": "Fee", "Category": "Fee", "Own_Type": "LOC", "Own_Name": "CITY", "Unit_Nm": "La Villita", "State_Nm": "TX", "GIS_Acres": 4}}, {"type": "Feature", "geometry": {"type": "Polygon", "coordinates": [[[-98.4957251660598, 29.4250516138005], [-98.4957277163769, 29.4249486551134], [-98.4957385329912, 29.4246920951443], [-98.4962514090347, 29.424696205273], [-98.4962457325804, 29.4249593752218], [-98.4961960368806, 29.4249591577055], [-98.4961828208662, 29.4249591013704], [-98.4959877903298, 29.4249582461716], [-98.495986930642, 29.4250556276755], [-98.4959869117774, 29.4250578849911], [-98.4957251660598, 29.4250516138005]]]}, "properties": {"FeatClass": "Fee", "Category": "Fee", "Own_Type": "LOC", "Own_Name": "CITY", "Unit_Nm": "Spanish Governors Palace", "State_Nm": "TX", "GIS_Acres": 0}}, {"type": "Feature", "geometry": {"type": "Polygon", "coordinates": [[[-98.461350086074, 29.417668975611], [-98.461353037938, 29.4173136343726], [-98.4640017546892, 29.4173210156136], [-98.4646971953479, 29.4173229741894], [-98.4653090432778, 29.4173187166541], [-98.4653101176629, 29.4183820526708], [-98.4653099433897, 29.4183932132275], [-98.4653075898037, 29.4184041844221], [-98.465303126075, 29.4184146470017], [-98.4652966833578, 29.4184242950155], [-98.4652884485016, 29.41843284677], [-98.4652786622549, 29.4184400518711], [-98.4652676111803, 29.4184457013962], [-98.4652556168746, 29.4184496294591], [-98.4652430305791, 29.4184517210352], [-98.4640129036802, 29.4184557860323], [-98.4613435373556, 29.4184571467696], [-98.4613483388508, 29.4178796659398], [-98.461350086074, 29.417668975611]]]}, "properties": {"FeatClass": "Fee", "Category": "Fee", "Own_Type": "LOC", "Own_Name": "CITY", "Unit_Nm": "Historic City Cemeteries", "State_Nm": "TX", "GIS_Acres": 50}}, {"type": "Feature", "geometry": {"type": "Polygon", "coordinates": [[[-98.4626373062991, 29.4185790246187], [-98.4639887659485, 29.4185784041107], [-98.4639922837512, 29.4193525861577], [-98.4626395152564, 29.4193552653544], [-98.4626373062991, 29.4185790246187]]]}, "properties": {"FeatClass": "Fee", "Category": "Fee", "Own_Type": "LOC", "Own_Name": "CITY", "Unit_Nm": "Historic City Cemeteries", "State_Nm": "TX", "GIS_Acres": 50}}, {"type": "Feature", "geometry": {"type": "Polygon", "coordinates": [[[-98.4654839614333, 29.4185383590395], [-98.4666302611432, 29.4185316351718], [-98.46663456587, 29.4189109410529], [-98.4666395991305, 29.4193503381051], [-98.4654820659881, 29.419352176923], [-98.4654839614333, 29.4185383590395]]]}, "properties": {"FeatClass": "Fee", "Category": "Fee", "Own_Type": "LOC", "Own_Name": "CITY", "Unit_Nm": "Historic City Cemeteries", "State_Nm": "TX", "GIS_Acres": 50}}, {"type": "Feature", "geometry": {"type": "MultiPolygon", "coordinates": [[[[-98.4613445371805, 29.4210671402415], [-98.4613474926378, 29.4194963753533], [-98.4630277024435, 29.4194953229249], [-98.463021954124, 29.4202744533591], [-98.4639245283209, 29.4202711716858], [-98.463921870206, 29.4196801119556], [-98.4633548877346, 29.4196820642261], [-98.4633539409103, 29.4194951163516], [-98.4638598532137, 29.4194947931896], [-98.4653144664072, 29.4194921797245], [-98.4653140486906, 29.4210701042094], [-98.4638586081487, 29.4210704633596], [-98.4613445371805, 29.4210671402415]]], [[[-98.4639198076741, 29.4207215040661], [-98.4639220417842, 29.4202946050531], [-98.4630217600879, 29.4202950197614], [-98.4630215813231, 29.420478883244], [-98.4633545598495, 29.4204774583716], [-98.4633556602857, 29.4205686470377], [-98.4630210953346, 29.4205714467021], [-98.4630202976306, 29.4207234179758], [-98.4639198076741, 29.4207215040661]]]]}, "properties": {"FeatClass": "Fee", "Category": "Fee", "Own_Type": "LOC", "Own_Name": "CITY", "Unit_Nm": "Historic City Cemeteries", "State_Nm": "TX", "GIS_Acres": 50}}, {"type": "Feature", "geometry": {"type": "Polygon", "coordinates": [[[-98.4654756223725, 29.4194976398321], [-98.4679984474232, 29.4194957751953], [-98.4680026245892, 29.4210921446095], [-98.4654843063864, 29.4210779937781], [-98.4654756223725, 29.4194976398321]]]}, "properties": {"FeatClass": "Fee", "Category": "Fee", "Own_Type": "LOC", "Own_Name": "CITY", "Unit_Nm": "Historic City Cemeteries", "State_Nm": "TX", "GIS_Acres": 50}}, {"type": "Feature", "geometry": {"type": "Polygon", "coordinates": [[[-98.4661876261684, 29.4212111210609], [-98.4662867849044, 29.4212100952541], [-98.4662868046673, 29.4212165169145], [-98.4662888725891, 29.4220190170417], [-98.466289108846, 29.4220301396411], [-98.4659942377523, 29.4220305488651], [-98.4659938469852, 29.4220058373663], [-98.4659919380652, 29.4218588287846], [-98.4661674706684, 29.4218571316366], [-98.4661672056653, 29.4218436733857], [-98.46618879308, 29.421843182003], [-98.4661884041094, 29.4215874412494], [-98.4659266296457, 29.4215863849304], [-98.4659259433329, 29.4212114919476], [-98.4661876261684, 29.4212111210609]]]}, "properties": {"FeatClass": "Fee", "Category": "Fee", "Own_Type": "LOC", "Own_Name": "CITY", "Unit_Nm": "Historic City Cemeteries", "State_Nm": "TX", "GIS_Acres": 50}}, {"type": "Feature", "geometry": {"type": "Polygon", "coordinates": [[[-98.4701779211009, 29.4224264930464], [-98.4700663000369, 29.422427233246], [-98.4697823443723, 29.422251136792], [-98.4684013014039, 29.4222589847989], [-98.4681785506545, 29.4224321619111], [-98.468176797143, 29.4224321540866], [-98.468178971066, 29.4212273352242], [-98.4701852028446, 29.4212372591798], [-98.470191138912, 29.4224272348109], [-98.4701779211009, 29.4224264930464]]]}, "properties": {"FeatClass": "Fee", "Category": "Fee", "Own_Type": "LOC", "Own_Name": "CITY", "Unit_Nm": "Historic City Cemeteries", "State_Nm": "TX", "GIS_Acres": 50}}, {"type": "Feature", "geometry": {"type": "Polygon", "coordinates": [[[-98.4666854527359, 29.4228981563724], [-98.4666825691439, 29.4221128349359], [-98.4667936467271, 29.4221141306805], [-98.4667938479497, 29.4221529912718], [-98.4667939611374, 29.4226752686647], [-98.4667939916801, 29.422819837954], [-98.4667940078498, 29.4228949811968], [-98.4667939728155, 29.422898958382], [-98.4666854527359, 29.4228981563724]]]}, "properties": {"FeatClass": "Fee", "Category": "Fee", "Own_Type": "LOC", "Own_Name": "CITY", "Unit_Nm": "Historic City Cemeteries", "State_Nm": "TX", "GIS_Acres": 50}}, {"type": "Feature", "geometry": {"type": "Polygon", "coordinates": [[[-98.46684808104, 29.4230440140351], [-98.4679900041578, 29.4230372638624], [-98.4679842827878, 29.4236969422643], [-98.4668466275659, 29.4236911420198], [-98.46684808104, 29.4230440140351]]]}, "properties": {"FeatClass": "Fee", "Category": "Fee", "Own_Type": "LOC", "Own_Name": "CITY", "Unit_Nm": "Historic City Cemeteries", "State_Nm": "TX", "GIS_Acres": 50}}, {"type": "Feature", "geometry": {"type": "Polygon", "coordinates": [[[-98.5122223471636, 29.5550629216398], [-98.5121923128904, 29.5550972357157], [-98.5121687168428, 29.5551241949811], [-98.5121254647586, 29.555173610905], [-98.5120905481418, 29.5552135043336], [-98.5120770042422, 29.555228978935], [-98.5120402326044, 29.5552709907896], [-98.5120192219082, 29.5552949969977], [-98.511961117079, 29.5553613822875], [-98.5119481921187, 29.5553761496757], [-98.5118790532829, 29.5554551416477], [-98.5118132786378, 29.5555302881668], [-98.5117475273489, 29.555605408843], [-98.5116926528614, 29.5556681032649], [-98.5116508030473, 29.5557159162237], [-98.5116405236255, 29.5557276602338], [-98.5116277136495, 29.5557426846568], [-98.5116111487157, 29.5557270030569], [-98.5113774834355, 29.5555259637622], [-98.5112888951755, 29.5554492411049], [-98.5112332346622, 29.5554130087486], [-98.5111296580116, 29.5553461061886], [-98.5110099179741, 29.555272181684], [-98.5108577271953, 29.5552020173533], [-98.510712227967, 29.5551597663532], [-98.5105513846154, 29.5551361867725], [-98.5104901419709, 29.5551364016652], [-98.5103958736633, 29.5551353983119], [-98.5102699235723, 29.5551431336653], [-98.5101450451714, 29.5551437752175], [-98.5100181248998, 29.5551496921881], [-98.5098932150579, 29.5551565226472], [-98.5097662947863, 29.5551633452915], [-98.5096383827747, 29.5551666147845], [-98.5095166376975, 29.5551692481953], [-98.5094999523894, 29.5551662443878], [-98.5093906238261, 29.5551570172908], [-98.5092615970052, 29.5551437002004], [-98.5091014570345, 29.555124412218], [-98.509033760893, 29.5551389592783], [-98.5089557799398, 29.555172280134], [-98.5088057055918, 29.5552383912236], [-98.5086789308473, 29.5552926847565], [-98.5085638476763, 29.5553362641257], [-98.5084453850431, 29.5553821947866], [-98.5083320023829, 29.5554254779569], [-98.5082186143328, 29.5554696691247], [-98.5081010212688, 29.5555187121401], [-98.5078411341656, 29.555630073712], [-98.507659386119, 29.5557087216592], [-98.5073465388381, 29.5558448298876], [-98.5074005186035, 29.5559418903053], [-98.5075690398559, 29.5560956676985], [-98.5076160882206, 29.5561299431341], [-98.5076163083078, 29.5561301361448], [-98.5078131363731, 29.5561536318816], [-98.5079391152102, 29.556167045735], [-98.5080672221563, 29.5561823170212], [-98.5082026629483, 29.5561965372958], [-98.5083988630912, 29.5562198907987], [-98.5086651749454, 29.5562504060033], [-98.5087192157962, 29.556256626881], [-98.5087655697632, 29.5563181823719], [-98.5088779615817, 29.5563310523361], [-98.5089254671888, 29.5563624419142], [-98.5089539042575, 29.5563812201756], [-98.5089781273291, 29.5564135419695], [-98.5089601789897, 29.5564240903293], [-98.5089574993152, 29.5564255382965], [-98.5089548187424, 29.5564270128319], [-98.5089521687123, 29.5564284881487], [-98.5089495195806, 29.5564299368973], [-98.5089468399061, 29.5564314411265], [-98.508944189876, 29.5564328883122], [-98.5089415398459, 29.5564343917599], [-98.5089388898158, 29.5564358670766], [-98.50893627482, 29.5564373689615], [-98.5089336247899, 29.5564388700649], [-98.5089310062009, 29.5564403758568], [-98.5089283561708, 29.5564418769602], [-98.5089257366834, 29.556443378845], [-98.5089231207893, 29.5564449119864], [-98.5089205013019, 29.5564464130898], [-98.5089178854078, 29.5564479446684], [-98.5089152659205, 29.5564494762469], [-98.5089126464331, 29.5564510320494], [-98.5089100610817, 29.556452563628], [-98.5089074415943, 29.5564540952064], [-98.508904856243, 29.5564556510088], [-98.5089022358573, 29.5564572091555], [-98.5088996514042, 29.5564587680835], [-98.5088970606629, 29.5564603270115], [-98.5088945058543, 29.5564619117263], [-98.5088919214012, 29.5564634698729], [-98.5088893351515, 29.556465055369], [-98.5088867767495, 29.5564666408651], [-98.5088841913982, 29.5564682263612], [-98.5088816356912, 29.5564698149829], [-98.5088790808825, 29.5564714270471], [-98.5088765260738, 29.5564730117617], [-98.5088739712652, 29.5564746238259], [-98.5088714155582, 29.5564762390157], [-98.5088688562579, 29.5564778510798], [-98.5088663346869, 29.556479467051], [-98.508863776285, 29.5564811049019], [-98.508861254714, 29.5564827466598], [-98.5088587313464, 29.5564843587238], [-98.5088562061821, 29.5564860012631], [-98.5088536810179, 29.5564876391138], [-98.5088511558536, 29.5564893082212], [-98.5088486306893, 29.556490949979], [-98.5088461405594, 29.5564926198678], [-98.5088436162934, 29.5564942608441], [-98.5088411207735, 29.5564959268257], [-98.5088386297453, 29.5564975951516], [-98.5088361351237, 29.5564992939527], [-98.5088336414005, 29.5565009599342], [-98.5088311503722, 29.5565026587352], [-98.5088286889883, 29.5565043278424], [-98.5088261952651, 29.5565060227363], [-98.5088237338812, 29.556507719193], [-98.508821240158, 29.5565094398736], [-98.5088187796724, 29.5565111363302], [-98.5088163146953, 29.5565128616993], [-98.508813855108, 29.5565145573745], [-98.5088114251652, 29.5565162788364], [-98.5088089637813, 29.5565180049868], [-98.5088065338385, 29.5565197569239], [-98.5088040697597, 29.5565214791671], [-98.5088016398168, 29.5565232311042], [-98.5087992089756, 29.5565249533473], [-98.5087967790328, 29.5565267060657], [-98.5087943481916, 29.5565284548771], [-98.5087919191471, 29.556530206814], [-98.5087895179504, 29.5565319853191], [-98.5087871176519, 29.5565337380374], [-98.5087846877091, 29.5565355173238], [-98.508782288309, 29.5565372966102], [-98.5087798916038, 29.5565390751152], [-98.508777493102, 29.5565408536201], [-98.5087750928035, 29.5565426313436], [-98.5087727239461, 29.556544409067], [-98.508770327241, 29.5565462180471], [-98.5087679583836, 29.5565480231201], [-98.5087655886278, 29.5565498297559], [-98.5087632215671, 29.5565516348288], [-98.5087608527096, 29.5565534406831], [-98.5087584883438, 29.556555249663], [-98.5087561167915, 29.5565570820854], [-98.5087537829684, 29.5565589176335], [-98.508751445552, 29.556560724269], [-98.5087490775929, 29.5565625871666], [-98.5087467410749, 29.5565644188074], [-98.5087444063534, 29.5565662520111], [-98.5087420976831, 29.5565681133457], [-98.5087397620634, 29.5565699488935], [-98.5087374264437, 29.5565718086653], [-98.508735122265, 29.5565736707812], [-98.5087328162896, 29.5565755336785], [-98.5087305112126, 29.5565773973572], [-98.5087282061356, 29.5565792860412], [-98.5087259001603, 29.5565811450313], [-98.5087235950833, 29.5565830337153], [-98.5087213196506, 29.5565849231806], [-98.5087190145736, 29.5565868118644], [-98.5087167400393, 29.5565887021111], [-98.5087144673016, 29.5565905923577], [-98.508712194564, 29.5565925076096], [-98.5087099200297, 29.5565943962933], [-98.5087076760381, 29.5565963162336], [-98.5087054050971, 29.5565982322669], [-98.5087031602072, 29.5566001483001], [-98.5087008847745, 29.5566020643332], [-98.5086986452745, 29.5566039827106], [-98.5086964003847, 29.5566059268746], [-98.5086941896307, 29.55660787182], [-98.5086919492324, 29.5566097886345], [-98.5086897052408, 29.5566117312356], [-98.5086874935886, 29.5566136769623], [-98.508685283733, 29.5566156500387], [-98.5086830702841, 29.5566175918582], [-98.5086808586319, 29.5566195649344], [-98.5086786487763, 29.556621510661], [-98.5086764685651, 29.5566234806115], [-98.5086742587095, 29.5566254536876], [-98.5086720793966, 29.5566274259822], [-98.5086699000838, 29.5566293998397], [-98.5086677189743, 29.5566313987024], [-98.5086655387631, 29.5566333686526], [-98.5086633576535, 29.5566353682967], [-98.5086612088834, 29.5566373679407], [-98.5086590295705, 29.5566393410165], [-98.508656879902, 29.556641339879], [-98.5086547302336, 29.5566433699981], [-98.5086525841583, 29.5566453688606], [-98.5086504335916, 29.5566473958539], [-98.5086483189574, 29.5566494220659], [-98.5086461692889, 29.5566514217096], [-98.5086440501631, 29.5566534487029], [-98.5086419337323, 29.5566554780403], [-98.5086398146066, 29.5566575308202], [-98.5086376990741, 29.556659560939], [-98.5086355799483, 29.5566615871507], [-98.5086334949585, 29.5566636399304], [-98.5086313803244, 29.5566656958359], [-98.5086292944363, 29.556667753304], [-98.5086272049549, 29.5566698060837], [-98.5086251199652, 29.556671861989], [-98.5086230349754, 29.5566739147685], [-98.50862097963, 29.5566759988047], [-98.5086188946403, 29.5566780547098], [-98.5086168401932, 29.5566801348388], [-98.5086147848478, 29.5566822180935], [-98.5086127312991, 29.556684301348], [-98.5086106750554, 29.5566863838211], [-98.50860861971, 29.5566884952066], [-98.5086065958057, 29.5566905776796], [-98.5086045763929, 29.556692660934], [-98.5086025210476, 29.5566947707565], [-98.5086004962449, 29.5566968813604], [-98.5085984723406, 29.5566989911828], [-98.5085964807756, 29.5567011010051], [-98.5085944568713, 29.5567032108275], [-98.5085924662046, 29.5567053472179], [-98.508590472843, 29.5567074578215], [-98.5085884821763, 29.5567095981189], [-98.508586492408, 29.556711707941], [-98.508584498148, 29.5567138443313], [-98.508582506583, 29.5567159807215], [-98.5085805482557, 29.5567181218001], [-98.5085785836402, 29.5567202847583], [-98.5085766244146, 29.5567224250554], [-98.5085746651889, 29.556724588795], [-98.508572705065, 29.5567267283106], [-98.5085707440427, 29.55672889205], [-98.5085688153598, 29.5567310589151], [-98.5085668848802, 29.556733221873], [-98.508564955299, 29.556735388738], [-98.5085630248195, 29.5567375563844], [-98.5085610961365, 29.5567397466917], [-98.5085591665553, 29.5567419127751], [-98.5085572711101, 29.5567441069894], [-98.5085553720716, 29.5567463012037], [-98.508553441592, 29.5567484946365], [-98.5085515775878, 29.5567506841622], [-98.508549677651, 29.5567528783763], [-98.5085477822057, 29.5567550991585], [-98.5085459128116, 29.5567572918098], [-98.5085440137731, 29.5567594860237], [-98.5085421488706, 29.5567617060244], [-98.508540283968, 29.556763926025], [-98.5085384487099, 29.5567661468069], [-98.5085365802141, 29.5567683707145], [-98.5085347458543, 29.5567705922777], [-98.5085328809518, 29.5567728107153], [-98.5085310456937, 29.5567750580652], [-98.5085292077406, 29.5567772796283], [-98.5085274066185, 29.5567795301038], [-98.5085255722586, 29.5567817766721], [-98.5085237684415, 29.5567839982351], [-98.5085219331834, 29.5567862487104], [-98.5085201293663, 29.5567885218466], [-98.5085183551936, 29.5567907731033], [-98.5085165513766, 29.5567930196713], [-98.5085147457628, 29.5567952967145], [-98.5085129760817, 29.5567975448453], [-98.508511201909, 29.5567998218884], [-98.5085094322279, 29.5568020958058], [-98.5085076580552, 29.5568043728488], [-98.5085058838826, 29.5568066483289], [-98.5085041438458, 29.5568089253718], [-98.5085023696732, 29.5568112031961], [-98.5085006314331, 29.5568135068069], [-98.5084988913964, 29.5568157799426], [-98.5084971468681, 29.5568180851162], [-98.5084954382724, 29.556820388727], [-98.5084936982357, 29.5568226657695], [-98.5084919887417, 29.556824970943], [-98.5084902792478, 29.556827275335], [-98.5084885688555, 29.5568296047322], [-98.5084868602598, 29.5568319099055], [-98.5084851822068, 29.5568342111717], [-98.5084834718145, 29.5568365452572], [-98.5084817928633, 29.556838876217], [-98.508480113912, 29.5568411790459], [-98.508478435859, 29.556843510787], [-98.5084767587044, 29.5568458433095], [-98.5084751120925, 29.5568481727063], [-98.5084734322429, 29.556850534141], [-98.5084717874276, 29.5568528651005], [-98.5084701390191, 29.55685519606], [-98.5084684897122, 29.5568575543689], [-98.5084668754397, 29.5568598853282], [-98.5084652306244, 29.5568622459813], [-98.5084499314168, 29.5568907340033], [-98.5084462546123, 29.5568442976715], [-98.5084408719071, 29.5567529479223], [-98.5082056058292, 29.5566113272433], [-98.5081796364326, 29.5565957200128], [-98.5081546066739, 29.5565806402362], [-98.507878605591, 29.5565765190449], [-98.5077605112671, 29.5565848841097], [-98.5077222511209, 29.5565871088027], [-98.5076317242964, 29.5565932390155], [-98.5075082823017, 29.5566016126745], [-98.5073848142558, 29.55660998477], [-98.5072508619722, 29.5566192820617], [-98.5071199720454, 29.5566261702463], [-98.506996377337, 29.5566339132997], [-98.5068910256154, 29.5566423229005], [-98.5067439507422, 29.5566526172762], [-98.5066145080013, 29.5566603071913], [-98.5064909573104, 29.5566652137022], [-98.5063430002915, 29.5566762207268], [-98.5059863161231, 29.5566978120265], [-98.5059090906531, 29.5566916982298], [-98.5058209802968, 29.5566990732314], [-98.5056534426997, 29.5567130558829], [-98.5054880341098, 29.5567421182873], [-98.504798884353, 29.5569085127379], [-98.5046615642854, 29.5569385299738], [-98.5045194615873, 29.556954973264], [-98.5039571449655, 29.5569968640633], [-98.5035500257838, 29.5569748633668], [-98.503450326262, 29.557075564864], [-98.5033284913533, 29.5572000782261], [-98.5028725882617, 29.5576630550743], [-98.5033033502034, 29.5582758523125], [-98.5044625928399, 29.5600501626303], [-98.5040548448375, 29.5599475809467], [-98.5039019470845, 29.5599066712351], [-98.5036731012659, 29.5598412180061], [-98.5034520600105, 29.5599318406138], [-98.5033864542486, 29.5599097108456], [-98.5032959768316, 29.5597363286593], [-98.5032580490619, 29.5596636138372], [-98.5021707048858, 29.5592474572569], [-98.5021020179026, 29.5590956951957], [-98.5019107459173, 29.5590026041835], [-98.5018757224011, 29.5589855603315], [-98.501690924574, 29.5588751143505], [-98.5016237081329, 29.5588349559105], [-98.501499345365, 29.5587608182922], [-98.500805781287, 29.5583522508853], [-98.500730838436, 29.5583161367806], [-98.5005508007818, 29.5582293572306], [-98.5003870163459, 29.5581504190003], [-98.5001614915989, 29.5580766161024], [-98.499997804181, 29.5580230070138], [-98.4998861085569, 29.5580543257397], [-98.4997109730092, 29.5579878328224], [-98.499618475281, 29.5580177129917], [-98.4993534273564, 29.5579721117193], [-98.4992140528418, 29.5579449398901], [-98.4990752568421, 29.5579156262188], [-98.4989370663071, 29.5578841972716], [-98.4987995180674, 29.5578506522651], [-98.4987490489181, 29.5578403423834], [-98.4986610301899, 29.55782230126], [-98.4986241381778, 29.5578147653705], [-98.4986066300129, 29.5578123633251], [-98.4986035182488, 29.5578119366768], [-98.498600404688, 29.5578115139356], [-98.4985972920256, 29.5578110888501], [-98.4985941793631, 29.5578106637646], [-98.4985910702939, 29.5578102402421], [-98.4985879567331, 29.5578098448501], [-98.4985848440707, 29.5578094213274], [-98.4985817323065, 29.5578089970233], [-98.4985786187458, 29.5578085992871], [-98.4985755060833, 29.5578081742016], [-98.4985724266585, 29.5578077803724], [-98.498569313996, 29.5578073552869], [-98.4985662022319, 29.5578069583322], [-98.4985630931627, 29.5578065332466], [-98.4985599796019, 29.557806138636], [-98.4985568669395, 29.5578057127692], [-98.498553754277, 29.5578053158143], [-98.4985506407162, 29.5578049180781], [-98.4985475271555, 29.5578045226861], [-98.4985444189846, 29.5578040991634], [-98.4985413063221, 29.5578037006458], [-98.4985381927613, 29.5578033068166], [-98.4985350800989, 29.5578029090803], [-98.4985319683347, 29.5578025113441], [-98.4985288583672, 29.5578021167335], [-98.4985257448064, 29.5578017182158], [-98.4985226330423, 29.557801321261], [-98.4985195203798, 29.5578009266504], [-98.4985164059207, 29.5578005281327], [-98.4985132968516, 29.557800129615], [-98.4985101841891, 29.5577997357858], [-98.4985070706283, 29.5577993646174], [-98.4985039588642, 29.5577989707881], [-98.4985008462017, 29.5577985722705], [-98.4984977020982, 29.5577982042277], [-98.4984945894358, 29.55779780571], [-98.4984914803666, 29.5577974376672], [-98.4984883668058, 29.5577970407124], [-98.4984852541433, 29.5577966726696], [-98.4984821396842, 29.5577962749333], [-98.4984790279201, 29.5577959029835], [-98.4984759188509, 29.5577955091543], [-98.4984728061884, 29.5577951379858], [-98.4984696926277, 29.557794769943], [-98.4984665799652, 29.5577943722067], [-98.49846343676, 29.5577940041639], [-98.4984603240976, 29.5577936361211], [-98.49845721413, 29.5577932649527], [-98.4984541005693, 29.5577928969099], [-98.4984509879068, 29.55779252496], [-98.4984478752443, 29.5577921569172], [-98.4984447616836, 29.5577917888744], [-98.4984416193767, 29.5577914192688], [-98.4984385049176, 29.557791051226], [-98.4984353949501, 29.5577906831832], [-98.498432283186, 29.5577903112333], [-98.4984291687269, 29.5577899431905], [-98.4984260569627, 29.557789572022], [-98.4984229128592, 29.5577892313285], [-98.4984198001968, 29.5577888632856], [-98.498416686636, 29.5577884921172], [-98.4984135766685, 29.5577881506422], [-98.4984104649043, 29.5577877841622], [-98.4984073216992, 29.5577874419058], [-98.4984042081384, 29.5577870707374], [-98.4984010945776, 29.5577867292624], [-98.4983979810169, 29.5577863612196], [-98.4983948378117, 29.5577860197446], [-98.4983917251492, 29.5577856493575], [-98.4983886151817, 29.5577853078825], [-98.4983855034176, 29.5577849648447], [-98.4983823889585, 29.5577846249325], [-98.4983792457533, 29.5577842561083], [-98.4983761330908, 29.5577839122891], [-98.4983730204283, 29.5577835700327], [-98.4983698763249, 29.5577832293391], [-98.4983667663573, 29.5577828878641], [-98.4983636527966, 29.5577825479519], [-98.4983605401341, 29.5577822056955], [-98.4983573960306, 29.5577818650019], [-98.4983542833682, 29.5577815227455], [-98.4983511698074, 29.5577811789263], [-98.4983480562466, 29.5577808679262], [-98.4983449130414, 29.5577805217627], [-98.4983418030739, 29.5577801810691], [-98.4983386913098, 29.5577798403755], [-98.4983355472063, 29.5577795246869], [-98.4983324336455, 29.5577791839933], [-98.498329320983, 29.5577788432997], [-98.4983261759812, 29.5577785276112], [-98.4983230642171, 29.5577781869176], [-98.498319949758, 29.5577778720104], [-98.4983168065528, 29.5577775313168], [-98.498313692992, 29.5577772156283], [-98.4983105830245, 29.5577769007211], [-98.4983074398194, 29.5577765600274], [-98.4983043271569, 29.5577762459017], [-98.4983011821551, 29.5577759309945], [-98.4982980703909, 29.557775619213], [-98.4982949559318, 29.5577752738309], [-98.4982918118284, 29.5577749628308], [-98.4982887000642, 29.557774648705], [-98.4982855856051, 29.5577743337979], [-98.4982824423999, 29.5577740188907], [-98.4982793324324, 29.557773704765], [-98.4982761847357, 29.5577733890763], [-98.4982730756665, 29.5577730757319], [-98.4982699612074, 29.5577727639504], [-98.4982668180022, 29.5577724756111], [-98.4982637053397, 29.5577721607039], [-98.4982605612363, 29.5577718457967], [-98.4982574467772, 29.5577715316709], [-98.4982543026737, 29.5577712472387], [-98.4982511909095, 29.5577709331129], [-98.4982480773487, 29.5577706182057], [-98.4982449332453, 29.5577703290849], [-98.4982418232777, 29.5577700180848], [-98.4982386746827, 29.5577697297454], [-98.4982355674101, 29.5577694156197], [-98.4982324233066, 29.5577691272803], [-98.4982293088475, 29.5577688420666], [-98.498226164744, 29.5577685271595], [-98.4982230520816, 29.5577682403829], [-98.4982199079781, 29.5577679551692], [-98.4982167944173, 29.5577676668299], [-98.4982136808565, 29.5577673527041], [-98.4982105376513, 29.557767066709], [-98.4982074240906, 29.5577667799324], [-98.4982042799871, 29.5577664908117], [-98.4982011673246, 29.5577662071608], [-98.4981980232211, 29.5577659188214], [-98.4981949132536, 29.5577656343891], [-98.4981917691501, 29.5577653460498], [-98.498188654691, 29.557765056929], [-98.4981855123842, 29.5577647732781], [-98.4981823979251, 29.557764512288], [-98.4981792538216, 29.5577642270743], [-98.4981761097181, 29.5577639387349], [-98.4981729970556, 29.5577636808705], [-98.4981698529521, 29.5577633917497], [-98.4981667393914, 29.5577631080988], [-98.4981635952878, 29.5577628471087], [-98.4981604808288, 29.557762561895], [-98.4981573376236, 29.5577623009049], [-98.4981542240628, 29.5577620156912], [-98.4981510799593, 29.5577617539196], [-98.4981479663985, 29.5577614687059], [-98.4981448231934, 29.5577612077158], [-98.4981416790899, 29.5577609498514], [-98.4981385646308, 29.5577606646376], [-98.4981354214256, 29.5577604036475], [-98.4981323105598, 29.5577601457831], [-98.4981291637613, 29.5577598840115], [-98.4981260537938, 29.5577596261471], [-98.498122908792, 29.5577593682826], [-98.4981197646885, 29.5577591072925], [-98.4981166511277, 29.5577588478652], [-98.4981135070242, 29.5577585900007], [-98.4981103943618, 29.557758329792], [-98.4981072502583, 29.5577580711461], [-98.4981041061548, 29.5577578132817], [-98.498100992594, 29.5577575507287], [-98.4980978475922, 29.5577572928642], [-98.4980947340314, 29.557757062349], [-98.498091589928, 29.5577568037032], [-98.4980884458245, 29.5577565716251], [-98.498085333162, 29.557756310635], [-98.4980821881602, 29.5577560519891], [-98.498079044955, 29.5577558206925], [-98.4980759313942, 29.5577555597024], [-98.4980727872907, 29.5577553276244], [-98.4980696440856, 29.5577550697599], [-98.4980665287281, 29.5577548376818], [-98.4980633846246, 29.557754607948], [-98.4980602414195, 29.5577543446137], [-98.4980571269604, 29.5577541140985], [-98.4980539828569, 29.5577538820204], [-98.4980508701944, 29.5577536522866], [-98.4980477260909, 29.5577533928593], [-98.4980445810891, 29.557753162344], [-98.4980414684266, 29.557752930266], [-98.4980383243232, 29.557752698188], [-98.4980351793214, 29.5577524637658], [-98.4980320352179, 29.5577522316877], [-98.4980289216571, 29.5577520011724], [-98.4980257766553, 29.5577517690944], [-98.4980226325518, 29.5577515643656], [-98.4980195180927, 29.557751333069], [-98.4980163739892, 29.557751100991], [-98.498013230784, 29.5577508696943], [-98.4980101208165, 29.5577506391791], [-98.4980069722214, 29.5577504336689], [-98.4980038281179, 29.5577502023723], [-98.4980007181504, 29.5577499968621], [-98.4979975695554, 29.5577497663468], [-98.4979944245535, 29.5577495608367], [-98.4979912813484, 29.5577493287586], [-98.4979881722792, 29.5577491279368], [-98.4979850227858, 29.5577488927332], [-98.4979818786823, 29.55774869113], [-98.4979787345788, 29.5577484871827], [-98.4979756246113, 29.5577482551046], [-98.4979724760162, 29.5577480503758], [-98.497969332811, 29.557747845647], [-98.4979661878092, 29.5577476409182], [-98.4979630778417, 29.5577474088401], [-98.4979599301449, 29.55774720333], [-98.4979410951684, 29.5577460077764], [-98.4978229379624, 29.5575044290768], [-98.4980276496427, 29.5572484132242], [-98.4981075520922, 29.5572218436687], [-98.4981227668582, 29.5572245973633], [-98.4982607022718, 29.5570507260928], [-98.4982327709546, 29.5570308453819], [-98.4997468912475, 29.5554750523628], [-98.5001143587925, 29.5550611509232], [-98.5004074090012, 29.5547365677208], [-98.5007380483145, 29.5544050318442], [-98.5008713627943, 29.5542806439743], [-98.5009748298504, 29.5543613637713], [-98.501162683746, 29.5545086467392], [-98.5012938521505, 29.5546115269821], [-98.5015392458349, 29.554369847016], [-98.501716393609, 29.5541970812522], [-98.5018162683023, 29.5542730296772], [-98.5020240737803, 29.5540634956242], [-98.5022457420598, 29.5538493701899], [-98.5024703379488, 29.5540215403123], [-98.5026728577398, 29.5540120067877], [-98.5026632493595, 29.5540488858941], [-98.5026631002391, 29.5540498267433], [-98.5026595177578, 29.5540866331623], [-98.5026595087746, 29.5540881882198], [-98.5026617680376, 29.5541245492066], [-98.5026620420237, 29.554126406679], [-98.5026699993005, 29.5541619322977], [-98.5026705724257, 29.5541638007095], [-98.5026841118336, 29.5541980861777], [-98.5026848816898, 29.5541996990596], [-98.5027039187873, 29.5542323349067], [-98.5027046625924, 29.5542334507956], [-98.5027291488704, 29.5542640322405], [-98.5027295171797, 29.5542644456193], [-98.5027589900058, 29.5542921130864], [-98.5027594355702, 29.5542924639504], [-98.5027925878958, 29.5543159890275], [-98.5027938087062, 29.5543167157612], [-98.5028296901136, 29.554335635061], [-98.5028314759644, 29.5543364196207], [-98.5028696283129, 29.5543506620352], [-98.5028717195908, 29.5543512942152], [-98.5029116856378, 29.5543607542529], [-98.5029137850006, 29.5543611246526], [-98.5029551093004, 29.5543656749414], [-98.5029568825747, 29.5543657780906], [-98.5029991267493, 29.5543652662515], [-98.5030002110158, 29.5543652029554], [-98.5030429672301, 29.5543594390999], [-98.5030513215622, 29.5543579809445], [-98.5030597594377, 29.5543569416375], [-98.503061883055, 29.5543567861321], [-98.5030625837409, 29.5543566892343], [-98.5030635323619, 29.5543566673542], [-98.5030682503137, 29.5543563243047], [-98.503076767241, 29.5543561297277], [-98.5030814986676, 29.5543562578829], [-98.5030824463902, 29.5543562367842], [-98.5030831533643, 29.5543563032061], [-98.5030852823715, 29.5543563602507], [-98.503093768756, 29.5543570150923], [-98.503102199445, 29.5543580903452], [-98.5031098036839, 29.554359432067], [-98.5031173171929, 29.5543611160568], [-98.5031227870347, 29.5543630149409], [-98.5031280547555, 29.5543653076675], [-98.5031413516183, 29.5543730047896], [-98.5032732180138, 29.5544492336169], [-98.5023645200016, 29.5554511282471], [-98.503174831829, 29.55608651414], [-98.5038965652777, 29.5566524539602], [-98.5043135281983, 29.5562654022173], [-98.5049122068261, 29.5557096648371], [-98.5057498427094, 29.5549191707597], [-98.5060773738519, 29.5546151129727], [-98.5066657497017, 29.5540582842268], [-98.5084088802049, 29.5543265188518], [-98.5085753874344, 29.5542900563512], [-98.5095190236229, 29.5535177532583], [-98.5105352679409, 29.5535687773898], [-98.5108241742211, 29.5534506142298], [-98.5108743765708, 29.5541541007526], [-98.511123331177, 29.5541567162168], [-98.5122223471636, 29.5550629216398]]]}, "properties": {"FeatClass": "Fee", "Category": "Fee", "Own_Type": "LOC", "Own_Name": "CITY", "Unit_Nm": "Walker Ranch Historic Landmark Park", "State_Nm": "TX", "GIS_Acres": 82}}, {"type": "Feature", "geometry": {"type": "Polygon", "coordinates": [[[-97.9723633568669, 29.5699747090753], [-97.9723709108002, 29.5694197643644], [-97.9730741003265, 29.5694274587769], [-97.9730699959239, 29.5705983496252], [-97.9723551857911, 29.5705905638889], [-97.9723633568669, 29.5699747090753]]]}, "properties": {"FeatClass": "Fee", "Category": "Fee", "Own_Type": "LOC", "Own_Name": "CITY", "Unit_Nm": "Sebastopol House State Historic Site", "State_Nm": "TX", "GIS_Acres": 2}}, {"type": "Feature", "geometry": {"type": "Polygon", "coordinates": [[[-95.5547824742901, 29.6150332720096], [-95.554833945061, 29.6147965700928], [-95.555087705654, 29.6148409406645], [-95.5550442092279, 29.6150738360596], [-95.5547824742901, 29.6150332720096]]]}, "properties": {"FeatClass": "Fee", "Category": "Fee", "Own_Type": "LOC", "Own_Name": "CITY", "Unit_Nm": "Margaret Havens Historical Memorial Garden", "State_Nm": "TX", "GIS_Acres": 0}}, {"type": "Feature", "geometry": {"type": "Polygon", "coordinates": [[[-98.4970697077832, 29.4232301541548], [-98.4970869769962, 29.4229938051647], [-98.4975059728043, 29.4230301733247], [-98.4974746566352, 29.4233253582058], [-98.4972126944236, 29.4233093298168], [-98.4970697077832, 29.4232301541548]]]}, "properties": {"FeatClass": "Fee", "Category": "Fee", "Own_Type": "STAT", "Own_Name": "OTHS", "Unit_Nm": "Casa Navarro State Historic Site", "State_Nm": "TX", "GIS_Acres": 0}}, {"type": "Feature", "geometry": {"type": "Polygon", "coordinates": [[[-104.330023784135, 29.5435791350361], [-104.328639843201, 29.5432019538385], [-104.328640207019, 29.543312099653], [-104.328626769121, 29.5435080388334], [-104.328704651259, 29.5435230291232], [-104.328703929912, 29.5435659258325], [-104.328122570803, 29.5434818767436], [-104.32501049135, 29.5430179689997], [-104.325020418632, 29.5417124461244], [-104.328638733782, 29.541741673838], [-104.328637567769, 29.5423892697423], [-104.330639413972, 29.5423881873283], [-104.330640003267, 29.5438900806923], [-104.330023784135, 29.5435791350361]]]}, "properties": {"FeatClass": "Fee", "Category": "Fee", "Own_Type": "STAT", "Own_Name": "SPR", "Unit_Nm": "Fort Leaton State Historic Site", "State_Nm": "TX", "GIS_Acres": 24}}, {"type": "Feature", "geometry": {"type": "Polygon", "coordinates": [[[-104.327677970314, 29.544677742105], [-104.327671964178, 29.5436275570454], [-104.328016528277, 29.5436735227253], [-104.328758624736, 29.5438350550059], [-104.328870717416, 29.5438683436389], [-104.328874481357, 29.54467232625], [-104.327677970314, 29.544677742105]]]}, "properties": {"FeatClass": "Fee", "Category": "Fee", "Own_Type": "STAT", "Own_Name": "SPR", "Unit_Nm": "Fort Leaton State Historic Site", "State_Nm": "TX", "GIS_Acres": 24}}, {"type": "Feature", "geometry": {"type": "Polygon", "coordinates": [[[-97.8167736638439, 27.9645053941452], [-97.8178988423649, 27.963754603048], [-97.8187365590965, 27.9648945929094], [-97.8176403817862, 27.9656072777212], [-97.8167736638439, 27.9645053941452]]]}, "properties": {"FeatClass": "Fee", "Category": "Fee", "Own_Type": "STAT", "Own_Name": "SPR", "Unit_Nm": "Lipantitlan State Historic Site", "State_Nm": "TX", "GIS_Acres": 5}}, {"type": "Feature", "geometry": {"type": "Polygon", "coordinates": [[[-97.4384196891728, 28.6438844872722], [-97.4384420940543, 28.6438462423604], [-97.4384514464147, 28.643846352733], [-97.4385605117717, 28.6438503860657], [-97.4386166250359, 28.643851046725], [-97.4386571516316, 28.6438515236925], [-97.4387382030265, 28.6438524768393], [-97.4388192148954, 28.6438561806305], [-97.4389843953132, 28.6438608738336], [-97.4390218038566, 28.6438613137475], [-97.4390498600396, 28.6438616440771], [-97.4390649885673, 28.6438920793322], [-97.4390861456888, 28.6439363371678], [-97.4391103777436, 28.643983381891], [-97.4391315330686, 28.6440276388997], [-97.4391557660217, 28.6440746851587], [-97.4391799558556, 28.6441244796689], [-97.4392071801987, 28.6441798116926], [-97.4392283373202, 28.6442240686184], [-97.4392495761885, 28.6442628282001], [-97.4392676565802, 28.6443042997699], [-97.439291888635, 28.6443513443282], [-97.4393160793673, 28.644401138707], [-97.4393402700996, 28.6444509338506], [-97.4393493314059, 28.6444702946804], [-97.4393709026508, 28.6444870523043], [-97.4393986686779, 28.644506633083], [-97.4394448483717, 28.6445456842576], [-97.43948491503, 28.6445764117998], [-97.4395280611131, 28.6446099262226], [-97.4395680882455, 28.6446434043698], [-97.4396112334303, 28.6446769179829], [-97.4396513018852, 28.6447076462749], [-97.4396851360321, 28.6447382996629], [-97.4397252053853, 28.6447690271487], [-97.4397652334161, 28.644802505245], [-97.439805301871, 28.644833232712], [-97.4398453712243, 28.6448639601699], [-97.4398853983567, 28.6448974382359], [-97.4399223496576, 28.6449281278334], [-97.4399654948424, 28.6449616429322], [-97.4400055641956, 28.6449923703526], [-97.440039439665, 28.6450202738319], [-97.4400733160327, 28.6450481780922], [-97.4401164612174, 28.6450816923643], [-97.4401534134167, 28.6451123826962], [-97.439898836255, 28.6453114482536], [-97.4396155749881, 28.6455343519724], [-97.4394743876732, 28.6456463428943], [-97.4393948328716, 28.6455848182634], [-97.4393424188697, 28.6455456917928], [-97.4392684731488, 28.6454870596102], [-97.4391883353406, 28.6454256050503], [-97.4391235353676, 28.645380833041], [-97.4390618929728, 28.6453333490368], [-97.4389941420341, 28.6452775398722], [-97.4389201549906, 28.6452216581482], [-97.4388615480032, 28.6451797099795], [-97.438781410195, 28.6451182536629], [-97.4387228454284, 28.6450735556289], [-97.438658127202, 28.6450232838186], [-97.4386304033958, 28.6450009533103], [-97.4385748731382, 28.6449617911454], [-97.4385564190473, 28.6449450706506], [-97.4385411216363, 28.6449256373786], [-97.4385136062391, 28.6448895553408], [-97.4384678029394, 28.6448257526685], [-97.4384371281674, 28.6447923849513], [-97.4384096109737, 28.644756303656], [-97.4383790206433, 28.6447174346733], [-97.4383545388568, 28.6446868908626], [-97.4383422768532, 28.6446729942654], [-97.4382963477894, 28.6446174417582], [-97.4382719091221, 28.6445841472932], [-97.4381739837729, 28.6444619686884], [-97.4381311727614, 28.6444064531228], [-97.4381343725605, 28.6444009897047], [-97.4381568187645, 28.6443599951384], [-97.4381953106761, 28.6442889328066], [-97.4382337603669, 28.6442206210616], [-97.4382722100577, 28.644152309272], [-97.4383010980806, 28.6440976371031], [-97.4383171842124, 28.6440648186514], [-97.4383491920843, 28.6440101842789], [-97.4383716796108, 28.6439664397068], [-97.4383972851896, 28.6439227321702], [-97.4384196891728, 28.6438844872722]]]}, "properties": {"FeatClass": "Fee", "Category": "Fee", "Own_Type": "STAT", "Own_Name": "SPR", "Unit_Nm": "Mission Rosario State Historic Site", "State_Nm": "TX", "GIS_Acres": 5}}, {"type": "Feature", "geometry": {"type": "Polygon", "coordinates": [[[-97.2068564245881, 26.0779803863006], [-97.2075162066215, 26.07756657018], [-97.2077440633951, 26.0778650370064], [-97.2070836911684, 26.078276588825], [-97.2068564245881, 26.0779803863006]]]}, "properties": {"FeatClass": "Fee", "Category": "Fee", "Own_Type": "STAT", "Own_Name": "SPR", "Unit_Nm": "Port Isabel Lighthouse State Historic Site", "State_Nm": "TX", "GIS_Acres": 1}}, {"type": "Feature", "geometry": {"type": "Polygon", "coordinates": [[[-95.0849636318996, 29.7595995153613], [-95.0850028586331, 29.7595512712308], [-95.0850487140351, 29.7595948628264], [-95.0853571874188, 29.7598880727034], [-95.0849505227847, 29.7596156237674], [-95.0849636318996, 29.7595995153613]]]}, "properties": {"FeatClass": "Fee", "Category": "Fee", "Own_Type": "STAT", "Own_Name": "SPR", "Unit_Nm": "San Jacinto Battleground State Historic Site", "State_Nm": "TX", "GIS_Acres": 1124}}, {"type": "Feature", "geometry": {"type": "Polygon", "coordinates": [[[-95.0792396621306, 29.7606647101171], [-95.0795086851003, 29.7603535280811], [-95.0796861077588, 29.7604822851115], [-95.0794266159143, 29.760781944725], [-95.0792396621306, 29.7606647101171]]]}, "properties": {"FeatClass": "Fee", "Category": "Fee", "Own_Type": "STAT", "Own_Name": "SPR", "Unit_Nm": "San Jacinto Battleground State Historic Site", "State_Nm": "TX", "GIS_Acres": 1124}}, {"type": "Feature", "geometry": {"type": "Polygon", "coordinates": [[[-95.0785854739064, 29.7607610046641], [-95.0788709342492, 29.7604340593422], [-95.0790528853151, 29.760547583769], [-95.07876521332, 29.7608663981954], [-95.0785854739064, 29.7607610046641]]]}, "properties": {"FeatClass": "Fee", "Category": "Fee", "Own_Type": "STAT", "Own_Name": "SPR", "Unit_Nm": "San Jacinto Battleground State Historic Site", "State_Nm": "TX", "GIS_Acres": 1124}}, {"type": "Feature", "geometry": {"type": "Polygon", "coordinates": [[[-95.0857988692811, 29.760752845276], [-95.0860199213163, 29.760511677077], [-95.0866825366362, 29.7611386971226], [-95.08707710815, 29.761490741995], [-95.086982194852, 29.7615586687899], [-95.0868955191052, 29.7616184783317], [-95.0868076360227, 29.7616770416768], [-95.0861837776174, 29.7611085379884], [-95.0857988692811, 29.760752845276]]]}, "properties": {"FeatClass": "Fee", "Category": "Fee", "Own_Type": "STAT", "Own_Name": "SPR", "Unit_Nm": "San Jacinto Battleground State Historic Site", "State_Nm": "TX", "GIS_Acres": 1124}}, {"type": "Feature", "geometry": {"type": "Polygon", "coordinates": [[[-95.0806461220316, 29.7623665788603], [-95.080343384391, 29.7623059337974], [-95.0801595693209, 29.7622456731497], [-95.0800036298724, 29.7622052721764], [-95.0795212848705, 29.7618813019159], [-95.0799424195673, 29.7614010291142], [-95.0805436997162, 29.7618043223586], [-95.0806612173216, 29.7619400561641], [-95.0812251661823, 29.7623191229009], [-95.0814107653065, 29.762107622127], [-95.0817225642534, 29.7617523041578], [-95.0822587390021, 29.7611412822577], [-95.0817462447426, 29.7607955933502], [-95.0816934570416, 29.7607599862028], [-95.081589136586, 29.7606217880842], [-95.080318333971, 29.7597959837748], [-95.0797719426825, 29.7603910022989], [-95.0792371791872, 29.7600317689136], [-95.0809977441934, 29.7580079778719], [-95.0811866778639, 29.7578064641871], [-95.0816995916366, 29.7572593917046], [-95.0816991802083, 29.7572594002831], [-95.0782886759264, 29.7573333403213], [-95.075866243897, 29.7602786989184], [-95.0712784543162, 29.7574731713189], [-95.071277616188, 29.7574726589521], [-95.0709497778217, 29.7572432220906], [-95.0722753677876, 29.7561586650502], [-95.0713831709289, 29.7555438742306], [-95.0702347008893, 29.7565352518488], [-95.0699488048636, 29.7562346008023], [-95.0679047710796, 29.7535332327317], [-95.0679043156337, 29.7535325940028], [-95.0673328658405, 29.7527301991005], [-95.0663879459594, 29.7501240890712], [-95.0669307493766, 29.7492111558406], [-95.0681292852219, 29.7471948099775], [-95.0691661458757, 29.7454501661079], [-95.0707133798665, 29.7428443769293], [-95.0722434183062, 29.7402135712009], [-95.0731889598214, 29.7385876919615], [-95.0731960708852, 29.7385921941505], [-95.0822396426158, 29.7449359871175], [-95.0822397306507, 29.7449360526337], [-95.0827592048199, 29.745335684738], [-95.0827596683506, 29.7453360411763], [-95.0830121793871, 29.744860669111], [-95.0827850376726, 29.7447013871001], [-95.0824792017425, 29.7444869172814], [-95.0736896592012, 29.7383225117387], [-95.0734442682117, 29.7381493320731], [-95.0760233340874, 29.7337427382429], [-95.0854095888443, 29.7403277300423], [-95.0889430293694, 29.7336634359491], [-95.0887996762163, 29.7336048008548], [-95.0896325124011, 29.7320331157589], [-95.0896629796623, 29.7339543012048], [-95.089514411789, 29.7338934938648], [-95.0859733966694, 29.7405804758306], [-95.0897642413543, 29.7428866373595], [-95.0898007713454, 29.746111386666], [-95.0873406882274, 29.7480421599932], [-95.0873401483399, 29.7480425827161], [-95.0875187927072, 29.7483532749643], [-95.08587192028, 29.7470941799751], [-95.0834944201844, 29.7452613162347], [-95.0832527868477, 29.7457173662712], [-95.0832521957563, 29.745718483159], [-95.0855080468944, 29.7474557402651], [-95.0881745907124, 29.7494943320061], [-95.0881760495764, 29.7494954472919], [-95.0899934339227, 29.7508727308711], [-95.0900477541496, 29.7509138960445], [-95.0917992273068, 29.7523770276965], [-95.0917992767142, 29.7523770713708], [-95.0920183147265, 29.7523758609695], [-95.0917952657364, 29.7526816233272], [-95.0916548743289, 29.7530469740207], [-95.0912498006111, 29.7533939561981], [-95.0910931532901, 29.7537234762793], [-95.0910461192985, 29.7541347146854], [-95.0909382837352, 29.7544499300827], [-95.0908406153042, 29.7552702101366], [-95.0907828841741, 29.7561778209546], [-95.0909084129553, 29.7569945720294], [-95.0909366532929, 29.7577632399056], [-95.0908388770641, 29.7589985270936], [-95.0906486543111, 29.7594233068843], [-95.0901567036239, 29.7603806351664], [-95.090125772832, 29.7576768178016], [-95.0901254808795, 29.7576765292547], [-95.0899779739166, 29.7575302927902], [-95.0893508923562, 29.7579456503647], [-95.0893500650078, 29.7579462001621], [-95.0892973545618, 29.7580688282979], [-95.0881213861931, 29.7588494500145], [-95.0881209199675, 29.758849758834], [-95.0890486577721, 29.7597711263704], [-95.0889427472984, 29.7599148929338], [-95.0887462848474, 29.7600082146776], [-95.0885831040794, 29.7599769603098], [-95.0877208714253, 29.7591212966533], [-95.0876126298235, 29.7590138783658], [-95.0876121671911, 29.7590134182565], [-95.085488953203, 29.7569087318199], [-95.0854880027855, 29.7568004837257], [-95.0860534922568, 29.7562096528297], [-95.0865809883815, 29.7557075460707], [-95.0871184638908, 29.7551959316699], [-95.0874180511397, 29.7549340802167], [-95.0874167629556, 29.7549332153321], [-95.0871653433722, 29.754764568938], [-95.0871650927422, 29.7547643997042], [-95.085461332703, 29.754374016375], [-95.0854645118408, 29.7560407598051], [-95.0854652286964, 29.7564169968868], [-95.0835507427561, 29.7583574836298], [-95.0834361581501, 29.7584838319279], [-95.0829719636084, 29.759004311213], [-95.0830988039299, 29.7591545118185], [-95.085404895147, 29.76069699365], [-95.0860490078669, 29.7614356526716], [-95.0855770635594, 29.7619731323663], [-95.0854727817313, 29.7620086088522], [-95.0853447825831, 29.7620534829665], [-95.0852012758181, 29.7620985988056], [-95.0850381130164, 29.7621462810179], [-95.0848909141757, 29.7621846887913], [-95.0847582033638, 29.7622206143793], [-95.0847016301622, 29.7622350387305], [-95.0845954978046, 29.7622592662082], [-95.0845141472708, 29.7622785932868], [-95.0844591416293, 29.7622907366543], [-95.0844015542297, 29.7623029221306], [-95.0843137412157, 29.7623223497976], [-95.0841801509532, 29.7623470116141], [-95.084101887929, 29.7623595222686], [-95.0840233500203, 29.76237429206], [-95.08396571501, 29.7623842230669], [-95.0838703786056, 29.7623992579934], [-95.0837815028846, 29.7624141907612], [-95.08371122229, 29.7624220661597], [-95.0836706148459, 29.7624272160882], [-95.0835700628229, 29.7624400776515], [-95.0835049969486, 29.762450124845], [-95.0834137218275, 29.7624583301042], [-95.0832873270704, 29.762471598729], [-95.0831870517285, 29.7624822003707], [-95.0830738092055, 29.7624907510872], [-95.0829776409611, 29.7624967759692], [-95.0828659659982, 29.7625030480533], [-95.0827787925847, 29.7625066749913], [-95.0827139117633, 29.7625099533501], [-95.0826422468649, 29.7625133369844], [-95.0825708568509, 29.7625144607033], [-95.0825230494098, 29.7625152140084], [-95.0824710396498, 29.7625160343779], [-95.0823841447141, 29.7625174021801], [-95.0822222161976, 29.7625154409357], [-95.0820074909969, 29.7625075452692], [-95.0818406693571, 29.7625034059902], [-95.0817205897564, 29.7624940177492], [-95.0816018064247, 29.7624846100118], [-95.0814934049228, 29.7624772953082], [-95.081310152198, 29.7624598811648], [-95.0811348801063, 29.7624378286521], [-95.0809278121451, 29.7624095110633], [-95.0808788952847, 29.7624035142497], [-95.0806461220316, 29.7623665788603]]]}, "properties": {"FeatClass": "Fee", "Category": "Fee", "Own_Type": "STAT", "Own_Name": "SPR", "Unit_Nm": "San Jacinto Battleground State Historic Site", "State_Nm": "TX", "GIS_Acres": 1124}}, {"type": "Feature", "geometry": {"type": "Polygon", "coordinates": [[[-94.9642085852837, 29.7816892318488], [-94.9652317538159, 29.7815345663309], [-94.9652388711679, 29.7821111210983], [-94.9652425416841, 29.7824084440685], [-94.9652436511035, 29.7824982480672], [-94.9648900319869, 29.7825462721965], [-94.9642799690094, 29.7826291191452], [-94.9642092698, 29.7816982510663], [-94.9642085852837, 29.7816892318488]]]}, "properties": {"FeatClass": "Fee", "Category": "Fee", "Own_Type": "LOC", "Own_Name": "CITY", "Unit_Nm": "Republic Of Texas Plaza", "State_Nm": "TX", "GIS_Acres": 3}}, {"type": "Feature", "geometry": {"type": "Polygon", "coordinates": [[[-98.3310601566408, 26.1568832101844], [-98.3316200073871, 26.1566705288033], [-98.3316590589491, 26.1567845457073], [-98.3319006518616, 26.157489912156], [-98.3302092670137, 26.1583969968193], [-98.3301741860053, 26.158396996013], [-98.3301516338, 26.1583769503712], [-98.3301441166978, 26.1582641896413], [-98.3301315869962, 26.1580963053806], [-98.3301115419889, 26.1578707856882], [-98.3300589213745, 26.1576653153589], [-98.3300238403661, 26.1575300037409], [-98.3299511738461, 26.1573044869854], [-98.3304802303445, 26.1571035141048], [-98.3309491832621, 26.1569253669604], [-98.3310601566408, 26.1568832101844]]]}, "properties": {"FeatClass": "Fee", "Category": "Fee", "Own_Type": "PVT", "Own_Name": "PVT", "Unit_Nm": "La Lomita Historical Park", "State_Nm": "TX", "GIS_Acres": 5}}, {"type": "Feature", "geometry": {"type": "Polygon", "coordinates": [[[-95.6382261159544, 29.1584153793177], [-95.6382406228479, 29.1583938438497], [-95.6382506273852, 29.1584234147165], [-95.6382680538034, 29.1584749281739], [-95.6385520741468, 29.1589163263544], [-95.6392730584006, 29.1599936786629], [-95.6397262997839, 29.1606866900153], [-95.6401838665553, 29.1613863096415], [-95.6408138254197, 29.1623494857161], [-95.6410028102942, 29.1626384512889], [-95.6420152996543, 29.1641864560326], [-95.6421541531461, 29.1643987430009], [-95.6407394646771, 29.1651326936208], [-95.6406314323827, 29.1651887416131], [-95.640638735686, 29.1651947479579], [-95.6406463542979, 29.1652009221695], [-95.640654033097, 29.1652070249979], [-95.6406617792697, 29.1652130376171], [-95.6406695883244, 29.1652189561049], [-95.6406774872107, 29.1652247632041], [-95.6406854651487, 29.1652304549924], [-95.6406935302234, 29.1652360079371], [-95.6407016887228, 29.1652414243917], [-95.6407099559184, 29.1652466776856], [-95.6407183336067, 29.1652517709565], [-95.6407268217878, 29.1652566728275], [-95.6407354402246, 29.1652614021248], [-95.6407441844256, 29.1652659117829], [-95.6407530633739, 29.165270227688], [-95.6407620761711, 29.165274353762], [-95.6407712093426, 29.1652783127535], [-95.6407804368372, 29.1652821148599], [-95.6407897766212, 29.1652857812606], [-95.6407991945587, 29.1652893166624], [-95.6408086924462, 29.165292732047], [-95.6408182541141, 29.1652960729112], [-95.6408278822573, 29.1652993063092], [-95.6408375544179, 29.1653024887194], [-95.6408472616129, 29.1653056130821], [-95.6408569975539, 29.1653087060678], [-95.6408667568512, 29.1653117747362], [-95.640876523335, 29.1653148339914], [-95.6408862880221, 29.1653178971687], [-95.6408960329463, 29.1653209838786], [-95.6409057688873, 29.1653241098096], [-95.6409154679975, 29.1653272859437], [-95.6409251239885, 29.1653305287537], [-95.6409347197923, 29.1653338562815], [-95.6409442679855, 29.1653372716646], [-95.6409537398218, 29.1653408039269], [-95.6409631353014, 29.1653444530682], [-95.640972496645, 29.1653481688855], [-95.6409818391239, 29.1653519192173], [-95.640991159145, 29.1653557197521], [-95.6410004549115, 29.1653595548014], [-95.6410097461866, 29.1653634212276], [-95.641019013207, 29.1653673198149], [-95.6410282730409, 29.1653712411505], [-95.6410375113153, 29.1653751820964], [-95.6410467630645, 29.165379141084], [-95.6410559887624, 29.1653831118378], [-95.6410652171553, 29.1653870912201], [-95.6410744473449, 29.165391077662], [-95.641083679331, 29.1653950429244], [-95.641092907724, 29.165399023875], [-95.6411021424051, 29.1654029930592], [-95.6411113797812, 29.1654069473391], [-95.6411206378185, 29.1654108788706], [-95.6411299003474, 29.1654147986357], [-95.6411391682662, 29.1654186752572], [-95.6411484568462, 29.1654225346213], [-95.6411577553077, 29.1654263571174], [-95.6411670726338, 29.1654301380388], [-95.6411764231976, 29.1654338781701], [-95.6411857872361, 29.165437569667], [-95.6411951818174, 29.1654411999788], [-95.6412046051447, 29.1654447973446], [-95.6412140805743, 29.1654482833221], [-95.6412237473451, 29.1654515527988], [-95.6412336036604, 29.1654546081277], [-95.6412436306556, 29.1654574610753], [-95.6412537906015, 29.1654601610604], [-95.6412640637351, 29.1654627331843], [-95.641274400649, 29.1654651907824], [-95.641284805835, 29.1654675801356], [-95.6412952361737, 29.1654699318365], [-95.6413056584277, 29.1654722647111], [-95.6413160528338, 29.1654746156274], [-95.6413263996292, 29.1654770159623], [-95.6413366583898, 29.1654794853264], [-95.6413468048609, 29.1654820598031], [-95.6413568183814, 29.1654847676317], [-95.6413666648152, 29.1654876409736], [-95.6413763252978, 29.1654907080677], [-95.6413857594049, 29.1654939948003], [-95.6413949491703, 29.1654975317637], [-95.6414038667461, 29.1655013519037], [-95.6414124761998, 29.165505482675], [-95.6414207640566, 29.1655099570234], [-95.6414286997738, 29.1655148016193], [-95.6414362474188, 29.1655200439172], [-95.641443405195, 29.1655256988213], [-95.641450209035, 29.1655317027932], [-95.6414536531758, 29.1655350718888], [-95.6414566930747, 29.1655380479886], [-95.6414628743822, 29.1655447022461], [-95.6414687843984, 29.1655516451707], [-95.6414744294117, 29.1655588438166], [-95.6414798211, 29.1655662966149], [-95.6414850088708, 29.1655739768951], [-95.6414899972155, 29.1655818501428], [-95.6414947960158, 29.1655898998847], [-95.6414994403058, 29.1655981190613], [-95.6415039606283, 29.1656064598226], [-95.641508356085, 29.1656149213843], [-95.6415126617101, 29.1656234762915], [-95.641516883792, 29.1656320947362], [-95.6415210555682, 29.1656407641675], [-95.6415251968016, 29.1656494610529], [-95.6415293362384, 29.1656581618597], [-95.6415334783702, 29.1656668477617], [-95.6415376429599, 29.1656754897354], [-95.6415418614485, 29.1656840728767], [-95.6415461473107, 29.1656925799284], [-95.6415505301909, 29.1657009740228], [-95.6415550316488, 29.1657092488844], [-95.6415596552776, 29.165717366861], [-95.6415644253318, 29.1657253648206], [-95.6415693543877, 29.1657333337559], [-95.6415743876483, 29.1657412760203], [-95.6415794882824, 29.1657492190686], [-95.6415846329341, 29.1657571589785], [-95.6415897757891, 29.1657651098697], [-95.6415948773216, 29.1657730662512], [-95.6415999069889, 29.1657810422427], [-95.6416048342482, 29.165789062161], [-95.6416095998108, 29.1657971260063], [-95.6416141982867, 29.1658052251499], [-95.6416185739805, 29.1658133752803], [-95.6416226990442, 29.1658215928701], [-95.6416265285623, 29.1658298873325], [-95.6416300409751, 29.165838257883], [-95.6416331886718, 29.1658467162879], [-95.6416359384149, 29.1658552703913], [-95.6416383333234, 29.1658639099959], [-95.6416404614324, 29.1658726107845], [-95.6416423416062, 29.1658813798169], [-95.6416439909131, 29.1658901880695], [-95.6416454443872, 29.1658990606439], [-95.6416466939438, 29.1659079708696], [-95.6416478150413, 29.1659169226688], [-95.6416487726454, 29.1659259097661], [-95.6416496107735, 29.1659349251017], [-95.6416503770365, 29.1659439678912], [-95.6416510516712, 29.1659530271528], [-95.6416516912717, 29.1659621028863], [-95.6416522994312, 29.1659711848944], [-95.641652886031, 29.1659802716082], [-95.6416535112585, 29.165989365381], [-95.6416541598421, 29.1659984552309], [-95.6416548820876, 29.1660075199786], [-95.6416556851815, 29.1660165760968], [-95.6416565843951, 29.1660256086816], [-95.6416576210509, 29.1660346216553], [-95.6416587978439, 29.1660436118799], [-95.6416601534017, 29.1660525519011], [-95.6416615826213, 29.1660614966279], [-95.6416628654155, 29.1660705213646], [-95.6416640475984, 29.1660796119917], [-95.6416652172049, 29.1660893026982], [-95.6396476172465, 29.167136015194], [-95.639539427747, 29.1671921397492], [-95.6395124845766, 29.1672061187199], [-95.6393203960228, 29.1669211421882], [-95.6391851196225, 29.1667204430885], [-95.6390679308004, 29.1665465972629], [-95.6389431071967, 29.1663613998536], [-95.6387792994047, 29.166118380303], [-95.6387395597331, 29.166059421056], [-95.6386203038876, 29.165882492909], [-95.638497734157, 29.1657006547632], [-95.6383753386995, 29.1655190516223], [-95.6382550551813, 29.1653405976233], [-95.6381338931107, 29.1651608309703], [-95.6380149130479, 29.1649843170209], [-95.6378948612951, 29.1648062088098], [-95.6377734198484, 29.1646260176289], [-95.637650904915, 29.1644442588386], [-95.6375534781309, 29.1642997037817], [-95.6374338207384, 29.1641221827081], [-95.63731196966, 29.1639413831741], [-95.6371931530906, 29.1637651071656], [-95.6370683276903, 29.1635799008166], [-95.6369481142407, 29.1634015320887], [-95.636824851909, 29.1632186470275], [-95.6366984948811, 29.1630311757936], [-95.6365794061222, 29.1628544769764], [-95.6364562758429, 29.1626717839142], [-95.6363382623674, 29.162496687886], [-95.6363121285791, 29.1624579127161], [-95.6363906655895, 29.162417163864], [-95.6364224929, 29.1624006536163], [-95.6365671971192, 29.1623255891025], [-95.6371790531339, 29.1620081761548], [-95.6374121605603, 29.1618872461072], [-95.6374092338491, 29.1618816027695], [-95.6374048716301, 29.1618732240519], [-95.6374004842582, 29.1618648429803], [-95.637396067242, 29.1618564791659], [-95.637391616988, 29.1618481443755], [-95.6373871433779, 29.1618398213513], [-95.637382613174, 29.1618315320577], [-95.637378048834, 29.1618232749259], [-95.6373734108322, 29.1618150711362], [-95.637366367142, 29.1618028250687], [-95.6373615827148, 29.1617947381605], [-95.6373567327106, 29.16178670381], [-95.6373517991631, 29.1617787337839], [-95.6373467865638, 29.1617708343578], [-95.6373416823363, 29.1617629992561], [-95.6373364828875, 29.1617552480901], [-95.637331181929, 29.1617475730154], [-95.637325791139, 29.1617399889364], [-95.6373202799747, 29.1617325060512], [-95.6373146529278, 29.161725103964], [-95.6373089028116, 29.1617178179752], [-95.6373030314229, 29.1617106378868], [-95.6372970369651, 29.1617035652678], [-95.6372908906919, 29.161696622083], [-95.6372846123663, 29.1616897832298], [-95.6372781831239, 29.161683086362], [-95.6372715966762, 29.1616765259884], [-95.63726485482, 29.1616700903424], [-95.6372579440805, 29.1616637739326], [-95.6372508348133, 29.1616575869571], [-95.6372435791208, 29.1616515050979], [-95.6372380068711, 29.1616470321503], [-95.6372361527484, 29.1616455448285], [-95.6372285772556, 29.161639678693], [-95.6372208490492, 29.1616339223805], [-95.6372129842989, 29.1616282766755], [-95.6372049740215, 29.1616227251045], [-95.6371968442681, 29.1616172739431], [-95.6371885779709, 29.1616119161314], [-95.6371802137573, 29.1616066469625], [-95.6371717219829, 29.1616014703587], [-95.6371631349871, 29.1615963839668], [-95.6371544536682, 29.1615913720976], [-95.6371456780262, 29.1615864496559], [-95.6371368143493, 29.161581607228], [-95.6371278716206, 29.1615768377542], [-95.6371188660099, 29.161572135743], [-95.6371097822458, 29.1615675090391], [-95.6371006463793, 29.1615629443067], [-95.6370914629022, 29.1615584431149], [-95.6370822264244, 29.161554007817], [-95.6370729531157, 29.1615496337062], [-95.6370636375862, 29.1615453176448], [-95.6370543040904, 29.1615410486503], [-95.6370449463401, 29.1615368298608], [-95.6370355849965, 29.1615326581382], [-95.6370261976018, 29.161528535836], [-95.6370168218852, 29.1615244551097], [-95.6370074479652, 29.1615204159592], [-95.6369980821301, 29.1615164152469], [-95.6369887396511, 29.1615124380679], [-95.63697941963, 29.1615085001115], [-95.6369701256601, 29.1615045911797], [-95.6369608703177, 29.1615007010746], [-95.6369516571962, 29.1614968392097], [-95.6369424054471, 29.1614931138396], [-95.6369330360186, 29.1614896222366], [-95.6369235327413, 29.1614863573405], [-95.6369139198694, 29.1614832909111], [-95.6369042117761, 29.1614804229485], [-95.6368944147496, 29.1614777087386], [-95.6368845332815, 29.1614751647552], [-95.6368745889313, 29.1614727462842], [-95.6368645781058, 29.1614704399902], [-95.6368545241611, 29.1614682356751], [-95.6368444163176, 29.1614661066674], [-95.6368342797279, 29.1614640412006], [-95.6368241278669, 29.1614620228008], [-95.636813967921, 29.161460030288], [-95.6368037882122, 29.1614580479731], [-95.6367936255714, 29.1614560491846], [-95.6367834737104, 29.1614540182335], [-95.6367733595786, 29.1614519543353], [-95.6367632813794, 29.1614498112071], [-95.6367532462994, 29.1614475966936], [-95.6367432624233, 29.1614452802011], [-95.6367333441243, 29.1614428499627], [-95.6367235075719, 29.1614402808758], [-95.6367137617494, 29.1614375533292], [-95.636704093182, 29.1614346610472], [-95.6366945440905, 29.1614315718671], [-95.6366850992036, 29.1614282802978], [-95.6366757737926, 29.1614247628055], [-95.6366666028919, 29.161420999779], [-95.636657588298, 29.1614169441509], [-95.6366487425874, 29.1614126108259], [-95.636640039709, 29.1614080249065], [-95.6366314787643, 29.1614032067883], [-95.6366230399905, 29.1613981721606], [-95.6366147000314, 29.1613929571081], [-95.6366064579887, 29.1613875820266], [-95.6365982949977, 29.1613820696653], [-95.6365901850073, 29.1613764451267], [-95.6365821316108, 29.1613707288067], [-95.6365719878346, 29.1613633988632], [-95.6365725582648, 29.161362666967], [-95.6365741455879, 29.1613606046359], [-95.6365764425801, 29.1613576676378], [-95.6365822241373, 29.161350212965], [-95.6365880155759, 29.1613427590763], [-95.6365937989297, 29.1613353067559], [-95.6365995867751, 29.1613278607105], [-95.6366053854002, 29.1613204060357], [-95.636611171449, 29.161312956067], [-95.636616958396, 29.1613055123735], [-95.6366227498347, 29.1612980631882], [-95.63662854307, 29.1612906053733], [-95.6366343291187, 29.1612831593247], [-95.6366401133708, 29.1612757038622], [-95.6366459057078, 29.1612682538903], [-95.6366516953498, 29.1612608023489], [-95.6366574706187, 29.1612533531604], [-95.6366632620574, 29.161245900049], [-95.6366690427162, 29.1612384461526], [-95.636674828765, 29.1612309836268], [-95.6366806058306, 29.1612235320827], [-95.6366863927776, 29.1612160758313], [-95.6366921653516, 29.1612086109504], [-95.6366979379256, 29.1612011570513], [-95.6367037122963, 29.1611936937383], [-95.6367094767855, 29.1611862296402], [-95.6367152493595, 29.1611787608349], [-95.6367210057638, 29.1611712959512], [-95.6367268133721, 29.1611638538163], [-95.6367326721844, 29.1611564352145], [-95.6367385759125, 29.1611490252412], [-95.6367445191664, 29.1611416317409], [-95.636750492963, 29.161134258636], [-95.6367565179636, 29.1611269129865], [-95.6367625618289, 29.1611195649832], [-95.6367686416267, 29.1611122318839], [-95.6367747420858, 29.1611049176112], [-95.6367808703927, 29.161097601769], [-95.636787008581, 29.1610903008309], [-95.6367931593458, 29.1610830053835], [-95.6367993253819, 29.16107571072], [-95.6368054941129, 29.1610684231162], [-95.6368116682339, 29.1610611253138], [-95.6368178351683, 29.1610538369245], [-95.6368239967128, 29.1610465406901], [-95.6368301573591, 29.1610392483774], [-95.6368362964457, 29.1610319442974], [-95.6368424256509, 29.1610246300188], [-95.6368485323982, 29.1610173149554], [-95.6368546175859, 29.1610099842022], [-95.6368555482405, 29.1610088553681], [-95.6368606677394, 29.1610026471729], [-95.6368666954349, 29.1609952952383], [-95.6368726925878, 29.1609879221229], [-95.6368786403333, 29.1609805309644], [-95.6368845593327, 29.1609731327452], [-95.6368904109584, 29.1609657070696], [-95.6368962311432, 29.1609582586441], [-95.6369019884458, 29.1609507890377], [-95.6369076990361, 29.1609432982504], [-95.6369133503375, 29.1609357792221], [-95.6369189306721, 29.1609282256771], [-95.6369244454296, 29.1609206478133], [-95.6369298883219, 29.1609130487686], [-95.6369352512641, 29.1609054057937], [-95.6369405486294, 29.1608977243797], [-95.6369457525698, 29.1608900108024], [-95.6369508765602, 29.1608822681996], [-95.6369559053292, 29.1608744863732], [-95.6369608460632, 29.1608666480653], [-95.6369656906776, 29.1608587791629], [-95.6369704265957, 29.1608508592701], [-95.6369750556144, 29.160842905645], [-95.6369795822251, 29.1608349010294], [-95.6369840261908, 29.1608268462079], [-95.6369883866132, 29.1608187568695], [-95.6369926661872, 29.1608106447812], [-95.636996873896, 29.1608024919003], [-95.6370010124345, 29.1607943021493], [-95.6370050719213, 29.1607860739591], [-95.6370090766108, 29.1607778253723], [-95.6370130031469, 29.1607695430532], [-95.6370168659027, 29.1607612199415], [-95.6370206738611, 29.1607528882], [-95.6370244270224, 29.1607445180194], [-95.6370252274213, 29.1607426902292], [-95.6370281047252, 29.1607361188131], [-95.6370317446987, 29.1607276992101], [-95.6370353137053, 29.1607192623484], [-95.6370388431861, 29.160710794892], [-95.6370423169713, 29.1607023117458], [-95.6370457449424, 29.1606937980049], [-95.6370491163197, 29.1606852662208], [-95.6370524589508, 29.1606767156089], [-95.6370557503781, 29.1606681571516], [-95.6370590139575, 29.1606595712376], [-95.6370622299262, 29.1606509798316], [-95.6370654153522, 29.160642357831], [-95.6370685567607, 29.1606337272006], [-95.6370716757114, 29.1606250942161], [-95.6370747677126, 29.1606164471106], [-95.6370778246795, 29.1606077850996], [-95.6370808484088, 29.160599109752], [-95.6370838694431, 29.1605904320503], [-95.637086843765, 29.1605817410121], [-95.6370898189852, 29.1605730429129], [-95.6370927636627, 29.1605643503043], [-95.6370956957638, 29.1605556427902], [-95.6370986242716, 29.1605469360598], [-95.6371015312199, 29.1605382301131], [-95.6371044246934, 29.1605295202434], [-95.6371073181669, 29.1605208142952], [-95.6371101972674, 29.1605121052085], [-95.6371130835544, 29.1605033929831], [-95.6371159617566, 29.1604946862483], [-95.6371188507385, 29.1604859881418], [-95.6371217361273, 29.1604772931724], [-95.637124616126, 29.1604685966334], [-95.6371275158878, 29.1604599126449], [-95.6371304201411, 29.1604512427761], [-95.6371333270893, 29.1604425791822], [-95.6371362546989, 29.1604339273546], [-95.6371391930882, 29.160425280233], [-95.6371421521387, 29.1604166480154], [-95.6371450788499, 29.1604080118748], [-95.6371479292043, 29.1603993537685], [-95.637150712185, 29.1603906862479], [-95.6371534089275, 29.1603819998996], [-95.6371560463812, 29.1603732900166], [-95.6371586236477, 29.160364566797], [-95.6371611497103, 29.1603558333787], [-95.6371636182807, 29.1603470827015], [-95.6371660428337, 29.1603383163342], [-95.6371684269624, 29.1603295468283], [-95.6371707616839, 29.1603207686927], [-95.6371730703542, 29.1603119701603], [-95.6371753511767, 29.1603031786872], [-95.6371776041514, 29.160294376231], [-95.6371798301767, 29.1602855596536], [-95.6371820481171, 29.16027674386], [-95.6371842525828, 29.16026792885], [-95.6371864516586, 29.1602591052102], [-95.6371886444462, 29.1602502847075], [-95.6371908426237, 29.1602414689108], [-95.6371930408012, 29.1602326499756], [-95.6371952578433, 29.1602238380997], [-95.6371974883602, 29.1602150207318], [-95.6371997323518, 29.1602062112078], [-95.6372019988012, 29.1601974150189], [-95.6372043056749, 29.1601886141225], [-95.637206642193, 29.1601798312681], [-95.6372090119487, 29.1601710491972], [-95.6372114248235, 29.1601622812461], [-95.6372138826141, 29.1601535258456], [-95.6372163628626, 29.1601447720132], [-95.6372188107718, 29.1601360048443], [-95.6372212182567, 29.1601272298299], [-95.6372236032838, 29.1601184289275], [-95.6372259460901, 29.1601096303777], [-95.63722827093, 29.1601008122156], [-95.6372305589391, 29.1600919838546], [-95.6372328316767, 29.1600831578463], [-95.63723507477, 29.1600743067344], [-95.6372373151683, 29.1600654673886], [-95.6372395349054, 29.160056609215], [-95.6372417267947, 29.1600477502562], [-95.6372439222772, 29.1600388858053], [-95.6372461006918, 29.1600300142934], [-95.6372482880895, 29.1600211427809], [-95.6372504530294, 29.1600122759743], [-95.6372526251557, 29.1600034052447], [-95.6372547981804, 29.1599945321608], [-95.6372569828832, 29.1599856567228], [-95.6372591639927, 29.1599767852064], [-95.6372613576786, 29.1599679262407], [-95.6372635684325, 29.1599590617829], [-95.6372657827797, 29.1599502028157], [-95.637268023178, 29.1599413571835], [-95.6372702851359, 29.1599325060594], [-95.6372725587719, 29.1599236682704], [-95.6372748611539, 29.1599148430321], [-95.6372771850956, 29.1599060232843], [-95.637279551258, 29.159897209027], [-95.637281941675, 29.1598884190874], [-95.6372843680246, 29.1598796322849], [-95.6372868276118, 29.1598708603864], [-95.6372893330132, 29.1598621057456], [-95.6372918752454, 29.1598533628709], [-95.6372944579019, 29.1598446372538], [-95.6372970962539, 29.1598359288941], [-95.6372997804199, 29.1598272283785], [-95.6373025211799, 29.1598185576717], [-95.6373053104488, 29.1598099097138], [-95.6373081652948, 29.1598012743066], [-95.6373110704464, 29.1597926640017], [-95.6373140429717, 29.1597840717387], [-95.6373170693959, 29.159775503009], [-95.6373201712785, 29.1597669578126], [-95.6373233504163, 29.1597584526233], [-95.6373265816564, 29.1597499592003], [-95.6373299117112, 29.1597414948019], [-95.6373332992581, 29.1597330578591], [-95.6373367766366, 29.1597246530788], [-95.6373403312702, 29.1597162710474], [-95.6373439757353, 29.1597079329454], [-95.6373477136252, 29.1596996113166], [-95.6373515458382, 29.1596913359707], [-95.6373554948322, 29.159683085727], [-95.6373595534206, 29.159674876275], [-95.6373637009423, 29.1596666911408], [-95.6373679445837, 29.1596585397381], [-95.6373722942263, 29.1596504142222], [-95.6373767238189, 29.1596423216533], [-95.637381248633, 29.1596342581091], [-95.6373858560921, 29.1596262251584], [-95.6373905390097, 29.1596182196636], [-95.6373953045723, 29.159610239271], [-95.6374001518816, 29.1596022839808], [-95.6374050692594, 29.1595943522241], [-95.6374100504177, 29.1595864479231], [-95.6374151052378, 29.1595785671556], [-95.6374202121602, 29.1595707099215], [-95.6374253918461, 29.1595628793588], [-95.637430622736, 29.1595550699761], [-95.6374359084231, 29.1595472849112], [-95.637441239026, 29.1595395076906], [-95.6374466361043, 29.159531761848], [-95.6374520502505, 29.1595240277719], [-95.6374575245838, 29.1595163187983], [-95.6374630348498, 29.1595086270823], [-95.6374674473744, 29.1595025223462], [-95.6374685792517, 29.1595009573309], [-95.6374741631795, 29.1594932883634], [-95.6374797749551, 29.1594856531275], [-95.637485402002, 29.1594780218134], [-95.6374910595917, 29.159470407757], [-95.6374967387409, 29.1594628046827], [-95.6375024250766, 29.1594552298486], [-95.6375081401585, 29.1594476581519], [-95.6375138588336, 29.1594400903769], [-95.6375195846952, 29.1594325351529], [-95.6375253186417, 29.1594249971868], [-95.637531057978, 29.1594174670646], [-95.6375367838396, 29.1594099479246], [-95.6375425150912, 29.159402428784], [-95.6375482337663, 29.1593949292546], [-95.6375539461531, 29.1593874273712], [-95.6375596342855, 29.1593799317631], [-95.637565351164, 29.1593724557661], [-95.6375710887037, 29.1593649907512], [-95.6375768424131, 29.1593575288736], [-95.6375826257669, 29.1593500897451], [-95.6375884252904, 29.159342650616], [-95.6375942427802, 29.1593352326671], [-95.6376000971009, 29.1593278249158], [-95.6376059568115, 29.1593204328534], [-95.6376118515564, 29.1593130447127], [-95.6376177579794, 29.1593056699076], [-95.6376236706906, 29.1592983076535], [-95.637629621131, 29.1592909540279], [-95.6376355877411, 29.1592836098155], [-95.6376415732158, 29.1592762750163], [-95.6376475757586, 29.1592689551214], [-95.6376535845895, 29.1592616391484], [-95.6376596275564, 29.1592543349419], [-95.63766567232, 29.1592470417174], [-95.6376717350498, 29.1592397579062], [-95.6376778256275, 29.1592324842925], [-95.6376839171034, 29.1592252122472], [-95.6376900346305, 29.1592179590287], [-95.637696164734, 29.1592107097322], [-95.6377023056173, 29.1592034690642], [-95.637708456382, 29.1591962393783], [-95.637714627808, 29.1591890183211], [-95.6377208028273, 29.1591818019702], [-95.6377269949145, 29.1591745871878], [-95.6377331986799, 29.1591673896632], [-95.637739413225, 29.1591601929227], [-95.6377456394482, 29.159153010302], [-95.6377518872311, 29.1591458253275], [-95.6377581260307, 29.1591386521195], [-95.6377643845933, 29.1591314867558], [-95.6377706539357, 29.1591243268828], [-95.6377769277696, 29.1591171701472], [-95.6377831998069, 29.1591100236093], [-95.6377894960987, 29.1591028896224], [-95.6377957959838, 29.1590957493593], [-95.6378020976655, 29.1590886169404], [-95.637808412822, 29.1590814939346], [-95.6378147279785, 29.1590743709283], [-95.6378210458298, 29.1590672581197], [-95.6378273753593, 29.1590601421728], [-95.6378337102787, 29.1590530340699], [-95.6378400434015, 29.1590459369493], [-95.6378463783209, 29.1590388343369], [-95.6378527249183, 29.1590317379997], [-95.6378590742108, 29.1590246518602], [-95.6378654217066, 29.1590175641513], [-95.6378717763889, 29.1590104787953], [-95.6378781229864, 29.1590033942233], [-95.637884512703, 29.1589963363228], [-95.6378910218955, 29.1589893592226], [-95.6378976532589, 29.158982465276], [-95.6379043996067, 29.1589756458539], [-95.6379112402776, 29.1589688782066], [-95.63791817078, 29.1589621788079], [-95.6379251686561, 29.1589555241237], [-95.637932240194, 29.1589489212144], [-95.6379393548511, 29.1589423402698], [-95.637946509034, 29.1589357930572], [-95.6379536820815, 29.1589292591802], [-95.637960874892, 29.1589227417767], [-95.6379680703974, 29.158916219666], [-95.6379752569197, 29.1589096983393], [-95.6379824191875, 29.1589031597538], [-95.6379895428277, 29.1588966148922], [-95.637996612569, 29.1588900331598], [-95.6380036382928, 29.1588834169102], [-95.6380105732868, 29.1588767543762], [-95.6380174409071, 29.1588700463422], [-95.6380242007297, 29.1588632841793], [-95.6380308581442, 29.1588564482753], [-95.6380373870997, 29.1588495472595], [-95.6380437866978, 29.1588425623045], [-95.6380500443621, 29.1588354871346], [-95.6380561466178, 29.1588283076292], [-95.6380620701088, 29.1588210347708], [-95.6380678336997, 29.1588136489477], [-95.6380735227303, 29.1588061972282], [-95.6380791740318, 29.1587986576471], [-95.6380847759259, 29.1587910537385], [-95.6380903050565, 29.1587833870714], [-95.6380957793898, 29.1587756552924], [-95.6381011782647, 29.1587678623238], [-95.6381065106642, 29.158760023855], [-95.6381117711985, 29.1587521218433], [-95.6381169374097, 29.1587441711934], [-95.6381220209759, 29.1587361726901], [-95.6381270156089, 29.1587281271176], [-95.6381319078339, 29.1587200470276], [-95.6381367003459, 29.1587119198685], [-95.638141376077, 29.1587037542694], [-95.6381459287389, 29.1586955580752], [-95.6381503807894, 29.15868732501], [-95.6381547052792, 29.158679066841], [-95.6381589049032, 29.1586707859214], [-95.6381629607966, 29.1586624869584], [-95.6381668792479, 29.1586541558311], [-95.6381706611553, 29.1586458160739], [-95.6381742912473, 29.1586374551353], [-95.6381777596426, 29.1586290918425], [-95.6381810789176, 29.158620715213], [-95.638184231106, 29.1586123362293], [-95.6381871623087, 29.1586039399865], [-95.6381891853147, 29.1585953633136], [-95.6381902066992, 29.158586588952], [-95.6381903818707, 29.1585776427895], [-95.6381898913905, 29.1585685499293], [-95.6381888852774, 29.1585593699914], [-95.6381875369062, 29.158550110036], [-95.6381860052786, 29.1585408296835], [-95.6381844637696, 29.1585315367785], [-95.6381830641944, 29.1585222901568], [-95.6381819826228, 29.1585131047234], [-95.6381815280753, 29.1585062146672], [-95.6381813852431, 29.1585040369607], [-95.6381814211757, 29.1584950978513], [-95.6381822826601, 29.1584863336794], [-95.6381841421727, 29.1584777828844], [-95.6381872781914, 29.1584695121468], [-95.6381914912901, 29.1584614798896], [-95.6381965550933, 29.1584536366906], [-95.6382022252594, 29.1584459346969], [-95.6382082439718, 29.1584383080123], [-95.6382144010248, 29.1584307079995], [-95.6382204341102, 29.1584230820982], [-95.6382261159544, 29.1584153793177]]]}, "properties": {"FeatClass": "Fee", "Category": "Fee", "Own_Type": "STAT", "Own_Name": "OTHS", "Unit_Nm": "Varner-Hogg Plantation State Historical Park", "State_Nm": "TX", "GIS_Acres": 67}}, {"type": "Feature", "geometry": {"type": "Polygon", "coordinates": [[[-95.0900813727008, 29.7566059731392], [-95.0900751878001, 29.7566038152531], [-95.0900700206905, 29.7566038971389], [-95.0900554841526, 29.756604127199], [-95.0900518846033, 29.7566019279801], [-95.0900440872266, 29.7565997950496], [-95.0900353178728, 29.756597679276], [-95.0899657676086, 29.7565626906298], [-95.0899520161982, 29.7565538859513], [-95.0899392771891, 29.7565473210453], [-95.0899255239821, 29.7565385163654], [-95.0899127858714, 29.7565319506785], [-95.0898990326644, 29.7565231459973], [-95.0898915092739, 29.7565187553543], [-95.0898803863341, 29.7565121631507], [-95.0898650179562, 29.7565033842033], [-95.0898512180368, 29.7564923257076], [-95.0898361739507, 29.7564835412994], [-95.0898223722347, 29.7564724828015], [-95.0898086190277, 29.7564636773352], [-95.0897987878652, 29.7564570656312], [-95.0896312035557, 29.7563379199688], [-95.0894888196849, 29.7562341632965], [-95.0894601194099, 29.7562368717772], [-95.0893886278863, 29.7561861249908], [-95.089366098139, 29.7561436276277], [-95.0893336518892, 29.7561215862028], [-95.0893287129518, 29.7561171526496], [-95.0893237749127, 29.7561127190961], [-95.0893200810402, 29.756106012225], [-95.0893180499494, 29.7561015318789], [-95.0893132933699, 29.7560903306228], [-95.0893070626551, 29.7560859173447], [-95.0893047081708, 29.7560814440166], [-95.0891807873739, 29.7559954376926], [-95.0891718787813, 29.7559865573169], [-95.0891646320719, 29.7559799058081], [-95.0891599231032, 29.7559709583623], [-95.0891575677205, 29.7559664850289], [-95.0891481030706, 29.75594633397], [-95.0891447316934, 29.7559396216288], [-95.0891397945526, 29.7559351888473], [-95.0890899021217, 29.7558976341963], [-95.0890849631843, 29.7558931998533], [-95.0890812702101, 29.7558864929675], [-95.0890776230501, 29.755882039907], [-95.0890744834382, 29.7558708121108], [-95.0890707886674, 29.7558641036639], [-95.0890658048142, 29.7558574147131], [-95.0890634952456, 29.7558551967609], [-95.0890047418328, 29.755811014736], [-95.0889791703899, 29.7557775878974], [-95.0889588109723, 29.7557463322101], [-95.0889483294296, 29.755723943655], [-95.0889472667226, 29.755719450034], [-95.0889459291311, 29.7557172141416], [-95.0889461573032, 29.7557127010235], [-95.0889451422069, 29.7557104596719], [-95.0889453721756, 29.7557059473334], [-95.0889443561811, 29.7557037067615], [-95.0889442618579, 29.755699198322], [-95.0889445394374, 29.7556969382531], [-95.0889434758321, 29.755692443851], [-95.0889449966799, 29.7556879081156], [-95.0889475344205, 29.7556856121724], [-95.0889514097527, 29.7556855521222], [-95.0889556102749, 29.755685485833], [-95.0889620233477, 29.7556831282799], [-95.0889671913556, 29.7556830456134], [-95.0889736511408, 29.7556829442301], [-95.0889775273712, 29.7556828841799], [-95.0889814027034, 29.7556828217901], [-95.0889852789338, 29.75568276174], [-95.0890251488611, 29.7556888969933], [-95.0890518216385, 29.7556974989811], [-95.0890951096554, 29.7557126027597], [-95.0891567242024, 29.7557544826473], [-95.0891641990839, 29.755756621055], [-95.0891719982572, 29.7557587516638], [-95.0891772138757, 29.7557609259454], [-95.0891862572157, 29.7557607840088], [-95.089194056389, 29.7557629161774], [-95.0892002403914, 29.7557650740815], [-95.089209054661, 29.7557694452607], [-95.089260468838, 29.7558024642294], [-95.0892679913301, 29.7558068572433], [-95.0892770822808, 29.7558089691342], [-95.0893003863759, 29.7558108556422], [-95.0893117365895, 29.755812931659], [-95.0893221669283, 29.7558172778801], [-95.0893322729752, 29.7558216287804], [-95.089337212811, 29.7558260631266], [-95.0893657361179, 29.7558459108399], [-95.0894608569267, 29.7559143281002], [-95.0894696720946, 29.7559187000527], [-95.0894800548227, 29.7559207908848], [-95.0894839310531, 29.755920729275], [-95.0894904393473, 29.7559228817167], [-95.0894978684147, 29.7559227647362], [-95.0895043731157, 29.7559249179578], [-95.0895119432186, 29.755931564011], [-95.0895443876717, 29.7559536070374], [-95.0895956572199, 29.7559640728914], [-95.0896658102537, 29.7560125862441], [-95.0896696020425, 29.7560395907811], [-95.0898160930109, 29.7561387729463], [-95.089983998019, 29.7562579141662], [-95.0899977530226, 29.7562667188708], [-95.0900112286501, 29.7562777828505], [-95.0900249818571, 29.7562865883331], [-95.0900387826749, 29.7562976468515], [-95.0900525843909, 29.7563087061486], [-95.090061121081, 29.756315337359], [-95.0900713232477, 29.7563241982089], [-95.0900837846773, 29.7563330231842], [-95.0900949543296, 29.7563418668754], [-95.090107460675, 29.7563529480039], [-95.0901186312255, 29.7563617932531], [-95.090129525095, 29.7563728977754], [-95.0901358016238, 29.7563795656352], [-95.090190173953, 29.7564305813776], [-95.0901964522786, 29.7564372476739], [-95.0901998218592, 29.7564439623214], [-95.090202453923, 29.7564461748016], [-95.0902056420439, 29.7564596586857], [-95.0902053662611, 29.7564619187373], [-95.0902079974266, 29.7564641327769], [-95.0902103501143, 29.756468606088], [-95.0902539669146, 29.7564994926736], [-95.0902612594381, 29.7565084002991], [-95.0902672610825, 29.7565173266406], [-95.0902745554026, 29.7565262327049], [-95.0902806019628, 29.7565374151955], [-95.0902878971812, 29.7565463220378], [-95.090293897029, 29.7565552491558], [-95.0902999453858, 29.7565664308633], [-95.0903033167631, 29.7565731439425], [-95.09032197028, 29.7566157019529], [-95.0903313046741, 29.7566606650473], [-95.0903295538576, 29.756669713814], [-95.0902775512841, 29.756670535791], [-95.0902248058039, 29.7566668587305], [-95.0902182993063, 29.7566647063048], [-95.0902056546203, 29.756662651362], [-95.0901942558977, 29.7566583199949], [-95.0901812887166, 29.7566562697313], [-95.0901685991149, 29.7566519586403], [-95.0901571985956, 29.7566476280526], [-95.0901441847021, 29.7566433232002], [-95.0901328335901, 29.756641245641], [-95.0901253101997, 29.7566368550033], [-95.0900813727008, 29.7566059731392]]]}, "properties": {"FeatClass": "Designation", "Category": "Designation", "Own_Type": "STAT", "Own_Name": "SPR", "Unit_Nm": "Battleship Texas State Historical Site", "State_Nm": "TX", "GIS_Acres": 1}}, {"type": "Feature", "geometry": {"type": "Polygon", "coordinates": [[[-95.0805436997162, 29.7618043223586], [-95.0801595693209, 29.7622456731497], [-95.0800036298724, 29.7622052721764], [-95.0795212848705, 29.7618813019159], [-95.0799424195673, 29.7614010291142], [-95.0805436997162, 29.7618043223586]]]}, "properties": {"FeatClass": "Designation", "Category": "Designation", "Own_Type": "STAT", "Own_Name": "SPR", "Unit_Nm": "San Jacinto Battleground State Historic Site", "State_Nm": "TX", "GIS_Acres": 1}}, {"type": "Feature", "geometry": {"type": "Polygon", "coordinates": [[[-95.0803885166492, 29.7489144573214], [-95.0805758917427, 29.7488979782908], [-95.0807455987712, 29.7489020728962], [-95.0807637330619, 29.748904045326], [-95.0809487635525, 29.7489304551358], [-95.0811278462976, 29.7489817687009], [-95.0812978901944, 29.7490490129618], [-95.0816621166179, 29.7492259743651], [-95.0816761438111, 29.7492325202526], [-95.0817023099387, 29.7492478971982], [-95.0817049878166, 29.7492523653719], [-95.0817802531626, 29.7492985453276], [-95.0818669208246, 29.749380635175], [-95.0819332021196, 29.7494765771211], [-95.0819770569734, 29.7495818943884], [-95.0819974280691, 29.7496920922762], [-95.0819916384271, 29.7498027010595], [-95.0819615772044, 29.7499114371401], [-95.0819071509763, 29.7500137902692], [-95.0816102640631, 29.7506251872981], [-95.0816031143718, 29.7506388318471], [-95.0815429173663, 29.7507277432551], [-95.081461123963, 29.7508034608474], [-95.0813637771289, 29.7508613800679], [-95.0812540586968, 29.750899193976], [-95.0811378319704, 29.750919066842], [-95.0810201239221, 29.7509141518547], [-95.0809045799153, 29.7508889046324], [-95.0800214623291, 29.7506028170969], [-95.0799908684055, 29.7505920207804], [-95.0799602277695, 29.7505789697379], [-95.0798780418024, 29.7505419192429], [-95.0797826550923, 29.7504757553825], [-95.0797053532655, 29.7503935182484], [-95.0796491340001, 29.7502996720286], [-95.0794676329902, 29.7498965391654], [-95.0794443217085, 29.7498472850506], [-95.0794145461501, 29.7497665549826], [-95.0793960219906, 29.7496518180484], [-95.0794017218011, 29.7495366988221], [-95.079432339081, 29.7494234426943], [-95.0794869961761, 29.7493165771163], [-95.0795642198495, 29.7492228866527], [-95.0796604545693, 29.7491424321746], [-95.0797712294202, 29.7490775378858], [-95.0798940928999, 29.7490350063117], [-95.0801855512939, 29.7489582493044], [-95.0802170192783, 29.7489487318869], [-95.0802498688716, 29.7489437029339], [-95.0803885166492, 29.7489144573214]]]}, "properties": {"FeatClass": "Designation", "Category": "Designation", "Own_Type": "STAT", "Own_Name": "SPR", "Unit_Nm": "San Jacinto Monument", "State_Nm": "TX", "GIS_Acres": 10}}, {"type": "Feature", "geometry": {"type": "Polygon", "coordinates": [[[-95.0900813727008, 29.7566059731392], [-95.0900751878001, 29.7566038152531], [-95.0900700206905, 29.7566038971389], [-95.0900554841526, 29.756604127199], [-95.0900518846033, 29.7566019279801], [-95.0900440872266, 29.7565997950496], [-95.0900353178728, 29.756597679276], [-95.0899657676086, 29.7565626906298], [-95.0899520161982, 29.7565538859513], [-95.0899392771891, 29.7565473210453], [-95.0899255239821, 29.7565385163654], [-95.0899127858714, 29.7565319506785], [-95.0898990326644, 29.7565231459973], [-95.0898915092739, 29.7565187553543], [-95.0898803863341, 29.7565121631507], [-95.0898650179562, 29.7565033842033], [-95.0898512180368, 29.7564923257076], [-95.0898361739507, 29.7564835412994], [-95.0898223722347, 29.7564724828015], [-95.0898086190277, 29.7564636773352], [-95.0897987878652, 29.7564570656312], [-95.0896312035557, 29.7563379199688], [-95.0894888196849, 29.7562341632965], [-95.0894601194099, 29.7562368717772], [-95.0893886278863, 29.7561861249908], [-95.089366098139, 29.7561436276277], [-95.0893336518892, 29.7561215862028], [-95.0893287129518, 29.7561171526496], [-95.0893237749127, 29.7561127190961], [-95.0893200810402, 29.756106012225], [-95.0893180499494, 29.7561015318789], [-95.0893132933699, 29.7560903306228], [-95.0893070626551, 29.7560859173447], [-95.0893047081708, 29.7560814440166], [-95.0891807873739, 29.7559954376926], [-95.0891718787813, 29.7559865573169], [-95.0891646320719, 29.7559799058081], [-95.0891599231032, 29.7559709583623], [-95.0891575677205, 29.7559664850289], [-95.0891481030706, 29.75594633397], [-95.0891447316934, 29.7559396216288], [-95.0891397945526, 29.7559351888473], [-95.0890899021217, 29.7558976341963], [-95.0890849631843, 29.7558931998533], [-95.0890812702101, 29.7558864929675], [-95.0890776230501, 29.755882039907], [-95.0890744834382, 29.7558708121108], [-95.0890707886674, 29.7558641036639], [-95.0890658048142, 29.7558574147131], [-95.0890634952456, 29.7558551967609], [-95.0890047418328, 29.755811014736], [-95.0889791703899, 29.7557775878974], [-95.0889588109723, 29.7557463322101], [-95.0889483294296, 29.755723943655], [-95.0889472667226, 29.755719450034], [-95.0889459291311, 29.7557172141416], [-95.0889461573032, 29.7557127010235], [-95.0889451422069, 29.7557104596719], [-95.0889453721756, 29.7557059473334], [-95.0889443561811, 29.7557037067615], [-95.0889442618579, 29.755699198322], [-95.0889445394374, 29.7556969382531], [-95.0889434758321, 29.755692443851], [-95.0889449966799, 29.7556879081156], [-95.0889475344205, 29.7556856121724], [-95.0889514097527, 29.7556855521222], [-95.0889556102749, 29.755685485833], [-95.0889620233477, 29.7556831282799], [-95.0889671913556, 29.7556830456134], [-95.0889736511408, 29.7556829442301], [-95.0889775273712, 29.7556828841799], [-95.0889814027034, 29.7556828217901], [-95.0889852789338, 29.75568276174], [-95.0890251488611, 29.7556888969933], [-95.0890518216385, 29.7556974989811], [-95.0890951096554, 29.7557126027597], [-95.0891567242024, 29.7557544826473], [-95.0891641990839, 29.755756621055], [-95.0891719982572, 29.7557587516638], [-95.0891772138757, 29.7557609259454], [-95.0891862572157, 29.7557607840088], [-95.089194056389, 29.7557629161774], [-95.0892002403914, 29.7557650740815], [-95.089209054661, 29.7557694452607], [-95.089260468838, 29.7558024642294], [-95.0892679913301, 29.7558068572433], [-95.0892770822808, 29.7558089691342], [-95.0893003863759, 29.7558108556422], [-95.0893117365895, 29.755812931659], [-95.0893221669283, 29.7558172778801], [-95.0893322729752, 29.7558216287804], [-95.089337212811, 29.7558260631266], [-95.0893657361179, 29.7558459108399], [-95.0894608569267, 29.7559143281002], [-95.0894696720946, 29.7559187000527], [-95.0894800548227, 29.7559207908848], [-95.0894839310531, 29.755920729275], [-95.0894904393473, 29.7559228817167], [-95.0894978684147, 29.7559227647362], [-95.0895043731157, 29.7559249179578], [-95.0895119432186, 29.755931564011], [-95.0895443876717, 29.7559536070374], [-95.0895956572199, 29.7559640728914], [-95.0896658102537, 29.7560125862441], [-95.0896696020425, 29.7560395907811], [-95.0898160930109, 29.7561387729463], [-95.089983998019, 29.7562579141662], [-95.0899977530226, 29.7562667188708], [-95.0900112286501, 29.7562777828505], [-95.0900249818571, 29.7562865883331], [-95.0900387826749, 29.7562976468515], [-95.0900525843909, 29.7563087061486], [-95.090061121081, 29.756315337359], [-95.0900713232477, 29.7563241982089], [-95.0900837846773, 29.7563330231842], [-95.0900949543296, 29.7563418668754], [-95.090107460675, 29.7563529480039], [-95.0901186312255, 29.7563617932531], [-95.090129525095, 29.7563728977754], [-95.0901358016238, 29.7563795656352], [-95.090190173953, 29.7564305813776], [-95.0901964522786, 29.7564372476739], [-95.0901998218592, 29.7564439623214], [-95.090202453923, 29.7564461748016], [-95.0902056420439, 29.7564596586857], [-95.0902053662611, 29.7564619187373], [-95.0902079974266, 29.7564641327769], [-95.0902103501143, 29.756468606088], [-95.0902539669146, 29.7564994926736], [-95.0902612594381, 29.7565084002991], [-95.0902672610825, 29.7565173266406], [-95.0902745554026, 29.7565262327049], [-95.0902806019628, 29.7565374151955], [-95.0902878971812, 29.7565463220378], [-95.090293897029, 29.7565552491558], [-95.0902999453858, 29.7565664308633], [-95.0903033167631, 29.7565731439425], [-95.09032197028, 29.7566157019529], [-95.0903313046741, 29.7566606650473], [-95.0903295538576, 29.756669713814], [-95.0902775512841, 29.756670535791], [-95.0902248058039, 29.7566668587305], [-95.0902182993063, 29.7566647063048], [-95.0902056546203, 29.756662651362], [-95.0901942558977, 29.7566583199949], [-95.0901812887166, 29.7566562697313], [-95.0901685991149, 29.7566519586403], [-95.0901571985956, 29.7566476280526], [-95.0901441847021, 29.7566433232002], [-95.0901328335901, 29.756641245641], [-95.0901253101997, 29.7566368550033], [-95.0900813727008, 29.7566059731392]]]}, "properties": {"FeatClass": "Designation", "Category": "Designation", "Own_Type": "STAT", "Own_Name": "SPR", "Unit_Nm": "Battleship Texas State Historical Site", "State_Nm": "TX", "GIS_Acres": 1}}, {"type": "Feature", "geometry": {"type": "Polygon", "coordinates": [[[-95.0805436997162, 29.7618043223586], [-95.0801595693209, 29.7622456731497], [-95.0800036298724, 29.7622052721764], [-95.0795212848705, 29.7618813019159], [-95.0799424195673, 29.7614010291142], [-95.0805436997162, 29.7618043223586]]]}, "properties": {"FeatClass": "Designation", "Category": "Designation", "Own_Type": "STAT", "Own_Name": "SPR", "Unit_Nm": "San Jacinto Battleground State Historic Site", "State_Nm": "TX", "GIS_Acres": 1}}, {"type": "Feature", "geometry": {"type": "Polygon", "coordinates": [[[-95.0803885166492, 29.7489144573214], [-95.0805758917427, 29.7488979782908], [-95.0807455987712, 29.7489020728962], [-95.0807637330619, 29.748904045326], [-95.0809487635525, 29.7489304551358], [-95.0811278462976, 29.7489817687009], [-95.0812978901944, 29.7490490129618], [-95.0816621166179, 29.7492259743651], [-95.0816761438111, 29.7492325202526], [-95.0817023099387, 29.7492478971982], [-95.0817049878166, 29.7492523653719], [-95.0817802531626, 29.7492985453276], [-95.0818669208246, 29.749380635175], [-95.0819332021196, 29.7494765771211], [-95.0819770569734, 29.7495818943884], [-95.0819974280691, 29.7496920922762], [-95.0819916384271, 29.7498027010595], [-95.0819615772044, 29.7499114371401], [-95.0819071509763, 29.7500137902692], [-95.0816102640631, 29.7506251872981], [-95.0816031143718, 29.7506388318471], [-95.0815429173663, 29.7507277432551], [-95.081461123963, 29.7508034608474], [-95.0813637771289, 29.7508613800679], [-95.0812540586968, 29.750899193976], [-95.0811378319704, 29.750919066842], [-95.0810201239221, 29.7509141518547], [-95.0809045799153, 29.7508889046324], [-95.0800214623291, 29.7506028170969], [-95.0799908684055, 29.7505920207804], [-95.0799602277695, 29.7505789697379], [-95.0798780418024, 29.7505419192429], [-95.0797826550923, 29.7504757553825], [-95.0797053532655, 29.7503935182484], [-95.0796491340001, 29.7502996720286], [-95.0794676329902, 29.7498965391654], [-95.0794443217085, 29.7498472850506], [-95.0794145461501, 29.7497665549826], [-95.0793960219906, 29.7496518180484], [-95.0794017218011, 29.7495366988221], [-95.079432339081, 29.7494234426943], [-95.0794869961761, 29.7493165771163], [-95.0795642198495, 29.7492228866527], [-95.0796604545693, 29.7491424321746], [-95.0797712294202, 29.7490775378858], [-95.0798940928999, 29.7490350063117], [-95.0801855512939, 29.7489582493044], [-95.0802170192783, 29.7489487318869], [-95.0802498688716, 29.7489437029339], [-95.0803885166492, 29.7489144573214]]]}, "properties": {"FeatClass": "Designation", "Category": "Designation", "Own_Type": "STAT", "Own_Name": "SPR", "Unit_Nm": "San Jacinto Monument", "State_Nm": "TX", "GIS_Acres": 10}}, {"type": "Feature", "geometry": {"type": "Polygon", "coordinates": [[[-98.4525183460706, 29.3323509052043], [-98.453557448021, 29.3318766691962], [-98.4537462460459, 29.3321667407047], [-98.4537547926175, 29.3321798701503], [-98.4538220593643, 29.3322858516937], [-98.4538418231989, 29.3323169918959], [-98.4542368330906, 29.3329393553832], [-98.4540895147739, 29.333573024331], [-98.4541534415844, 29.3335988646641], [-98.4541340047366, 29.3336364379189], [-98.4540821620633, 29.3337366282376], [-98.4540303193899, 29.3338368317712], [-98.4539784821064, 29.3339370156279], [-98.453902552007, 29.334083759697], [-98.4538539181159, 29.3340657938757], [-98.4536516992606, 29.3339910932708], [-98.453505569415, 29.3338953349516], [-98.4531488699752, 29.3333497098882], [-98.4531301472881, 29.3333210713422], [-98.4526993206677, 29.3326620450296], [-98.4525209350152, 29.3323553550331], [-98.4525183460706, 29.3323509052043]]]}, "properties": {"FeatClass": "Designation", "Category": "Designation", "Own_Type": "STAT", "Own_Name": "OTHS", "Unit_Nm": "Mission San Juan Capistrano", "State_Nm": "TX", "GIS_Acres": 147}}, {"type": "Feature", "geometry": {"type": "MultiPolygon", "coordinates": [[[[-98.4551621688001, 29.3336560397845], [-98.4548211458604, 29.3335922416893], [-98.4546632283216, 29.3338735881305], [-98.4544691562877, 29.3342193549103], [-98.4543462344174, 29.3341915420282], [-98.4543938990264, 29.3341013112386], [-98.4544466436083, 29.3340014658564], [-98.4544993810037, 29.333901629774], [-98.4545521121109, 29.3338018186542], [-98.4546048656759, 29.3337019596653], [-98.4546575958848, 29.3336021350367], [-98.4546965126995, 29.3334968213102], [-98.4547847775661, 29.333212111034], [-98.4545265173118, 29.3331788777762], [-98.4546264602771, 29.3327114370269], [-98.4541426896488, 29.3319522907657], [-98.4540127357665, 29.3317483596395], [-98.4546981117008, 29.331456058091], [-98.4545661105579, 29.3312451488598], [-98.4545461472974, 29.3312132502376], [-98.454446941849, 29.3310547406198], [-98.4544380593075, 29.3310405498544], [-98.4533113734135, 29.3315689462109], [-98.4523654132833, 29.3320125688563], [-98.4523268872358, 29.3320268761753], [-98.4523212404259, 29.3320172787048], [-98.4519604222105, 29.3314039722256], [-98.4517960197338, 29.3311414788888], [-98.4514880125757, 29.3306496913882], [-98.4511051065841, 29.3299863693908], [-98.4507019651425, 29.3292992261519], [-98.4506520619318, 29.3292107359333], [-98.4503597474434, 29.3287170117333], [-98.4499023109277, 29.3279404781471], [-98.4498971635811, 29.3279317410054], [-98.4499067414187, 29.3279274977428], [-98.4499179452069, 29.3279225347388], [-98.4499191228983, 29.3279220131417], [-98.4527399900956, 29.3266574370003], [-98.4527744063507, 29.326642008185], [-98.4527926807786, 29.3266338152482], [-98.4540365932238, 29.3260687743524], [-98.4541237917901, 29.3262430879151], [-98.4541521902312, 29.326267737305], [-98.4541683877541, 29.3262909597143], [-98.4541918427662, 29.3263061841698], [-98.4542027267542, 29.3263194561276], [-98.4542356023986, 29.3263458567139], [-98.4542534788728, 29.3263541812499], [-98.4542732031815, 29.326369689211], [-98.4543007733758, 29.3263904570779], [-98.4543280228717, 29.3264067959985], [-98.4543540596419, 29.3264209552978], [-98.4543772541425, 29.3264323272211], [-98.4544048378116, 29.3264442661728], [-98.4544236718899, 29.3264498432698], [-98.4544594463977, 29.3264571128403], [-98.4544770515807, 29.3264571590486], [-98.4545034252191, 29.3264610890963], [-98.4545445339231, 29.3264736326672], [-98.4545664680874, 29.3264866500665], [-98.4546157927831, 29.3264889941536], [-98.4546258188799, 29.3264917862253], [-98.454635868333, 29.3264970531766], [-98.4546622347849, 29.3265020843875], [-98.4546942857759, 29.3265008132706], [-98.4547214948476, 29.326497508993], [-98.4547254070106, 29.3264970343801], [-98.4547282932976, 29.3264961109993], [-98.4549736016422, 29.3267921163612], [-98.4551088924156, 29.3270298471674], [-98.4554018393179, 29.3274790932284], [-98.4556908938201, 29.3278571901931], [-98.4556966556144, 29.3278658380588], [-98.455812159197, 29.3280391922898], [-98.4561005642173, 29.3284529999526], [-98.4561232700344, 29.3285535477927], [-98.4564992598965, 29.3294077528507], [-98.4566300770598, 29.3296984007436], [-98.4566821568884, 29.3298141109839], [-98.4567447479041, 29.3298335718316], [-98.456804863163, 29.3298522643916], [-98.4571768240811, 29.3306802932776], [-98.4573224868027, 29.3314156521551], [-98.457350643597, 29.3315911923905], [-98.4574054938299, 29.3319331529794], [-98.4573229117058, 29.3330827929083], [-98.457300756556, 29.3333912090998], [-98.4572573140288, 29.3336822058805], [-98.457200053616, 29.3339739708667], [-98.457002283218, 29.3347503731464], [-98.4569647111812, 29.3349341562962], [-98.4569388154465, 29.3349287402038], [-98.4568601912996, 29.3349101229713], [-98.4567347658247, 29.3348804237287], [-98.4564434188219, 29.3348114350581], [-98.4563803894283, 29.3347767159481], [-98.4563524895522, 29.3347641177965], [-98.4563247801189, 29.3347511852484], [-98.4562972611285, 29.3347379558937], [-98.4562699604287, 29.3347244242505], [-98.4562428214256, 29.3347105911017], [-98.4562159034082, 29.3346964533146], [-98.4562014746681, 29.3346886909616], [-98.4561745889899, 29.334674500702], [-98.4561475137673, 29.3346606142938], [-98.4561202139658, 29.3346470262551], [-98.4560860276793, 29.3346306017276], [-98.4560650502208, 29.3346207820939], [-98.4560371826841, 29.3346081572968], [-98.4560091238062, 29.334595802677], [-98.4559809068248, 29.3345837793188], [-98.4559525020955, 29.3345720817403], [-98.4559239347711, 29.3345607162066], [-98.4558951823938, 29.3345496560916], [-98.4558923940232, 29.3345485988689], [-98.4555609147851, 29.3344516937898], [-98.4554720166062, 29.3344257048783], [-98.4550922987356, 29.3343475877433], [-98.455214283663, 29.334061286953], [-98.455247975876, 29.3339824349607], [-98.4553454565591, 29.3336920177733], [-98.4553459820735, 29.3336904522874], [-98.4551621688001, 29.3336560397845]]], [[[-98.455283847402, 29.3334210113671], [-98.4548716850782, 29.3333665927573], [-98.4548353446318, 29.333518950382], [-98.4552498003544, 29.3335797373676], [-98.4552774343292, 29.333583790093], [-98.4553093541662, 29.3334243780712], [-98.455283847402, 29.3334210113671]]]]}, "properties": {"FeatClass": "Designation", "Category": "Designation", "Own_Type": "STAT", "Own_Name": "OTHS", "Unit_Nm": "Mission San Juan Capistrano", "State_Nm": "TX", "GIS_Acres": 147}}, {"type": "Feature", "geometry": {"type": "Polygon", "coordinates": [[[-98.4662224143261, 29.3589991001404], [-98.4650427898141, 29.3561839376456], [-98.4650134867695, 29.3561140042664], [-98.465060645627, 29.3561000221259], [-98.4657157258783, 29.3559057877763], [-98.465735729563, 29.3559104902569], [-98.4657605042002, 29.3559192939015], [-98.4657676619764, 29.3559218369676], [-98.465804580938, 29.3559337568064], [-98.4658351038947, 29.3559561002365], [-98.4658637511691, 29.355977309931], [-98.4658892588316, 29.3559985070937], [-98.465930513961, 29.3560159710845], [-98.4659674095664, 29.3560323193502], [-98.4659917260628, 29.3560474313152], [-98.4660265429666, 29.356076973278], [-98.466050728309, 29.3561047637457], [-98.4660900538572, 29.356125523206], [-98.4661198482802, 29.3561550142537], [-98.4661384461015, 29.3561766772416], [-98.4661551915967, 29.3561928062523], [-98.4661645816864, 29.3562038702824], [-98.4661669532388, 29.3562067132157], [-98.466171920024, 29.3562111596541], [-98.4661857657574, 29.3562169668792], [-98.4662014566305, 29.3562302302451], [-98.4662209258177, 29.3562412809608], [-98.4662397383363, 29.3562523293264], [-98.4662636020819, 29.3562694487708], [-98.4662717408183, 29.3562799310526], [-98.4662849307817, 29.3562909880266], [-98.4663156639441, 29.3563218836577], [-98.466335083724, 29.3563423142304], [-98.4663555033287, 29.3563577972726], [-98.4663740041319, 29.3563737970662], [-98.4663865509015, 29.3563881189737], [-98.4664097516904, 29.3564063627259], [-98.4664210596832, 29.3564113329557], [-98.46643863612, 29.3564295539979], [-98.4664454965538, 29.3564444341478], [-98.4664536254089, 29.3564631680226], [-98.4664699199498, 29.3564874366337], [-98.4664786911002, 29.3565028726763], [-98.4664899101598, 29.3565370480584], [-98.4665071578133, 29.3565579319211], [-98.4665099677435, 29.3565613330941], [-98.4665161544408, 29.3566037671028], [-98.4665487776587, 29.3566330207757], [-98.4665531147249, 29.3566561681504], [-98.4665624913398, 29.356688137889], [-98.4665800219626, 29.3567102079015], [-98.466594437228, 29.3567394169153], [-98.4666025499133, 29.3567548521367], [-98.466603079021, 29.3567564838197], [-98.4666075544277, 29.3567703030149], [-98.4666113866407, 29.3567816480639], [-98.4666153473128, 29.3567932428749], [-98.466630933083, 29.3568502648348], [-98.4666374072413, 29.3568673708685], [-98.4666390143273, 29.3568703531496], [-98.4666522716643, 29.3568949591178], [-98.4666509098183, 29.3569090077004], [-98.4666542838905, 29.3569178198712], [-98.4666679077401, 29.3569421063819], [-98.4666724936396, 29.3569597526397], [-98.4666789570181, 29.3569790603261], [-98.4666826185512, 29.3569933727531], [-98.4666969502732, 29.357008036725], [-98.4667049353978, 29.3570306492562], [-98.4667036346373, 29.3570386173907], [-98.4667150639026, 29.3570626180942], [-98.4667366028082, 29.3570803629833], [-98.4667421328371, 29.3570971612772], [-98.4667567879526, 29.3571109968683], [-98.4667827088401, 29.3571309590759], [-98.4667928948372, 29.3571519289417], [-98.4668254740376, 29.3571655891437], [-98.4668335382139, 29.3571788523861], [-98.46685538075, 29.3571982171865], [-98.4668621082332, 29.3572208226289], [-98.4668717193084, 29.357238490761], [-98.4668898302428, 29.3572512427253], [-98.4669264222176, 29.3572715501878], [-98.466958952909, 29.3572882372708], [-98.4669786188272, 29.3573040200403], [-98.4670011701341, 29.3573143111751], [-98.4670293960986, 29.3573194309046], [-98.4670647519916, 29.357336677791], [-98.4671084047245, 29.3573396561435], [-98.4671299948341, 29.3573477761468], [-98.4671559148233, 29.3573682581885], [-98.4671819273389, 29.357376666316], [-98.4672007488408, 29.3573797926454], [-98.4672286810562, 29.3573815832577], [-98.4672418386802, 29.357386339694], [-98.4672533703535, 29.3573974129899], [-98.4672718738517, 29.3574002668512], [-98.4672882456478, 29.357397608728], [-98.4673073177795, 29.3574067872781], [-98.4673094809228, 29.3574133977441], [-98.4673292187062, 29.3574209281784], [-98.4673567367983, 29.3574364956155], [-98.4673783592472, 29.3574434826795], [-98.4674018196491, 29.3574543617971], [-98.467429100586, 29.3574605463342], [-98.4674535248802, 29.3574727987473], [-98.4674738654332, 29.3574792361767], [-98.4675014131697, 29.357494250841], [-98.46752645281, 29.3575031811868], [-98.4675470412979, 29.3575225686313], [-98.4675724258913, 29.3575312233757], [-98.4675899106999, 29.3575431469409], [-98.467635563981, 29.3575728403625], [-98.4676586156495, 29.3575949900443], [-98.4676638672007, 29.3576054612284], [-98.4676894467284, 29.3576311960338], [-98.4677009873848, 29.3576397951794], [-98.4677102741682, 29.3576588349679], [-98.4677118552031, 29.3576626847348], [-98.4677201340768, 29.3576828292617], [-98.4677250263018, 29.3577015801336], [-98.4677434004426, 29.3577245056907], [-98.4677485495859, 29.3577487583424], [-98.467756604779, 29.3577631168552], [-98.4677734167496, 29.3577843911582], [-98.4677785452315, 29.3578119407946], [-98.4677823936142, 29.3578179452317], [-98.4677896969174, 29.3578293371409], [-98.4677992972129, 29.3578483808088], [-98.4678107139018, 29.3578745821903], [-98.4678303591588, 29.3578942169757], [-98.4678559952804, 29.3579092260983], [-98.4678718478502, 29.3579332422556], [-98.467880534559, 29.3579473290594], [-98.467908023905, 29.3579675729644], [-98.4679213567004, 29.3579880063388], [-98.4679425012456, 29.3580156459591], [-98.4679721609213, 29.3580408482567], [-98.4679949502818, 29.3580596703108], [-98.468016089437, 29.3580881359209], [-98.4680272680724, 29.3581052621033], [-98.4680383910123, 29.3581281578176], [-98.4680486362981, 29.3581372572242], [-98.4680521226597, 29.3581403529954], [-98.4680524217987, 29.3581406191973], [-98.468208919101, 29.3581580601154], [-98.4682149207454, 29.3581587287517], [-98.4683071929964, 29.358962698902], [-98.4685145079943, 29.3607693310046], [-98.4685169702765, 29.3607972572041], [-98.4685197451724, 29.3608251552106], [-98.4685228335804, 29.3608530281559], [-98.4685262660431, 29.3608808752569], [-98.4685299832717, 29.3609086659798], [-98.468534015809, 29.3609364582609], [-98.4685383941978, 29.3609641996442], [-98.4685430860985, 29.3609918877812], [-98.4685480573752, 29.3610195477254], [-98.468553378995, 29.3610471536402], [-98.4685589790925, 29.3610747329281], [-98.4685649286346, 29.3611022339162], [-98.4685711907904, 29.3611297067116], [-98.4685777368139, 29.3611570957268], [-98.4685846259938, 29.361184461247], [-98.4685917990414, 29.3612117469016], [-98.4685992882959, 29.3612389456445], [-98.4686031276954, 29.3612523250119], [-98.4686070910625, 29.3612661263729], [-98.4686152082394, 29.3612931927874], [-98.4686236389283, 29.3613202083047], [-98.4686323840276, 29.3613471369105], [-98.4686414120962, 29.3613739903487], [-98.4686507509819, 29.3614007850608], [-98.4686603800234, 29.3614274756372], [-98.4686703504248, 29.3614540839999], [-98.468680605592, 29.3614806101489], [-98.4686911410337, 29.3615070517356], [-98.4687019971739, 29.3615333876212], [-98.4687131587413, 29.3615596162398], [-98.4687246122612, 29.361585764211], [-98.4687363721066, 29.361611797869], [-98.4687484221078, 29.3616377250434], [-98.4687607505868, 29.3616635739192], [-98.468773396171, 29.3616892826458], [-98.4687863247246, 29.3617148833232], [-98.4687930773606, 29.3617262708819], [-98.4687998928786, 29.3617376576565], [-98.468806774872, 29.3617489888426], [-98.4688136559671, 29.3617603192445], [-98.4688205981476, 29.3617716222429], [-98.4688275708708, 29.361782926023], [-98.4688346082728, 29.3617941749976], [-98.4688416753191, 29.3618054271026], [-98.4688487782981, 29.361816672943], [-98.4688559073282, 29.3618278968605], [-98.4688630686976, 29.3618390918087], [-98.4688702974407, 29.3618502562219], [-98.4688775558282, 29.3618613987123], [-98.4688848447584, 29.3618725380696], [-98.4688921947741, 29.3618836492408], [-98.4688995780274, 29.3618947369231], [-98.4689069936201, 29.3619058230385], [-98.4689144379588, 29.3619168786188], [-98.4689219478746, 29.3619279099275], [-98.4689294586887, 29.3619389161816], [-98.4689370287916, 29.3619499200859], [-98.4689446653698, 29.361960894238], [-98.4689461296237, 29.3619629948051], [-98.4689523010497, 29.3619718449015], [-98.4689599978151, 29.36198276503], [-98.4689677287164, 29.361993660104], [-98.4689754892622, 29.3620045551768], [-98.4689832812489, 29.3620154228464], [-98.4689911388127, 29.362026260764], [-98.4689990251226, 29.3620371033779], [-98.4690069428735, 29.3620478841403], [-98.4690148920655, 29.3620586703819], [-98.4690229050378, 29.3620694292204], [-98.4690309180101, 29.3620801872747], [-98.4690389947629, 29.3620908913067], [-98.4690471029566, 29.3621015929889], [-98.4690552731341, 29.3621122437803], [-98.4699725069381, 29.3632707283524], [-98.470227503613, 29.3635928072591], [-98.4713841132874, 29.3650713763211], [-98.4713960231514, 29.3650870968188], [-98.4714078108446, 29.3651029049981], [-98.4714194404342, 29.3651187640629], [-98.4714309757008, 29.365134735079], [-98.4714423843049, 29.3651507311452], [-98.4714536662466, 29.3651668101954], [-98.4714648242207, 29.3651829722297], [-98.471475823193, 29.3651991859324], [-98.471486726944, 29.365215482619], [-98.4714974752863, 29.3652318333226], [-98.4715081266107, 29.3652482419576], [-98.4715186243231, 29.3652647257475], [-98.4715289935764, 29.3652812721662], [-98.4715392388622, 29.3652978960884], [-98.4715493547906, 29.3653145497578], [-98.4715593171071, 29.3653312817135], [-98.4715691509645, 29.3653480723834], [-98.4715788922955, 29.3653649108069], [-98.4715884440819, 29.3653818369114], [-98.4715978997486, 29.3653987872826], [-98.4716072000067, 29.3654158206375], [-98.4716163753991, 29.3654328837394], [-98.4716254232306, 29.3654500259103], [-98.4716309640392, 29.3654607452459], [-98.4716343120603, 29.3654672228807], [-98.4716430787192, 29.3654844746505], [-98.4716517160206, 29.365501750687], [-98.4716602311512, 29.3655191112726], [-98.47166858728, 29.3655364992564], [-98.4716767871019, 29.3655539420395], [-98.4716848566681, 29.3655714349246], [-98.4716928049617, 29.3655889849576], [-98.4717006265929, 29.3656065921385], [-98.4717082910189, 29.3656242259346], [-98.4717157964431, 29.3656419098325], [-98.4717231770015, 29.3656596532268], [-98.471730432694, 29.3656774201048], [-98.4717375311814, 29.3656952441306], [-98.4717445039046, 29.3657131198238], [-98.4717513176261, 29.3657310252637], [-98.4717579759389, 29.3657489526212], [-98.4717645381321, 29.3657669410409], [-98.4717709152723, 29.3657849779965], [-98.4717897502489, 29.3658522147345], [-98.4720032492492, 29.3666144192792], [-98.4701849638927, 29.3666705526507], [-98.4697706195612, 29.3658442378947], [-98.4689047801712, 29.3644463820135], [-98.4685392996995, 29.3639119500464], [-98.4685292682128, 29.3638969206702], [-98.468519302303, 29.3638818920746], [-98.4685093651393, 29.3638668368581], [-98.4684994594167, 29.3638517260533], [-98.4684896138812, 29.3638366160291], [-98.4684798357193, 29.3638214793841], [-98.4684700872019, 29.3638063411709], [-98.468460371922, 29.3637911473694], [-98.4684507168294, 29.3637759543485], [-98.4684411273137, 29.3637607323579], [-98.4684315629509, 29.3637454868779], [-98.4684220390123, 29.363730213994], [-98.4684125698708, 29.3637149113575], [-98.4684031357637, 29.3636996071529], [-98.4683937681319, 29.3636842520572], [-98.4683844588906, 29.3636688969592], [-98.4683751810904, 29.3636535152401], [-98.4683659401211, 29.3636381037684], [-98.4683567557456, 29.3636226922943], [-98.4683476046078, 29.3636072549821], [-98.4683385181487, 29.3635917620812], [-98.4683294963683, 29.3635762950139], [-98.4683204997407, 29.3635607778383], [-98.4683115390458, 29.363545230127], [-98.4683026421312, 29.3635296839792], [-98.4682938072004, 29.3635141057298], [-98.468285001914, 29.3634985071226], [-98.4682762613063, 29.3634829061642], [-98.4682675530379, 29.3634672472685], [-98.4682588726173, 29.3634515922848], [-98.4682502892148, 29.3634359357329], [-98.4682417049139, 29.3634202251581], [-98.4682332158345, 29.3634045169297], [-98.4682247563994, 29.3633887781654], [-98.4682163302021, 29.3633730127798], [-98.4682079659885, 29.3633572199902], [-98.4681996332159, 29.3633414287638], [-98.468191365122, 29.3633256070017], [-98.4681831581136, 29.3633097899346], [-98.4681749861394, 29.3632939180615], [-98.4681668743524, 29.3632780399226], [-98.4681587931081, 29.3632621398599], [-98.468151829368, 29.3632483332891], [-98.4681448988656, 29.3632345282822], [-98.4681380007026, 29.3632206661212], [-98.4681311366755, 29.363206832143], [-98.4681243337338, 29.3631929723269], [-98.4681175298939, 29.3631790819756], [-98.4681107880376, 29.3631651947539], [-98.4681040794191, 29.3631512777799], [-98.4680974327843, 29.3631373647186], [-98.4680907852512, 29.3631234211219], [-98.4680841718541, 29.3631094790891], [-98.4680776204407, 29.3630955080867], [-98.4680710986718, 29.3630815362996], [-98.4680646406832, 29.3630675386745], [-98.468058180898, 29.3630535449621], [-98.4680517543504, 29.3630395191485], [-98.4680453933799, 29.3630254941158], [-98.4680390611555, 29.3630114416794], [-98.4680327603721, 29.362997390024], [-98.4680265206741, 29.3629833133135], [-98.4680202836711, 29.3629692350353], [-98.4680141104485, 29.3629551559723], [-98.4680079686669, 29.3629410487224], [-98.468001854733, 29.3629269140688], [-98.467934917668, 29.3627701847897], [-98.4672500519768, 29.3612763810929], [-98.4665458455576, 29.3597403302786], [-98.4662224143261, 29.3589991001404]]]}, "properties": {"FeatClass": "Designation", "Category": "Designation", "Own_Type": "STAT", "Own_Name": "OTHS", "Unit_Nm": "Mission San Juan Capistrano", "State_Nm": "TX", "GIS_Acres": 147}}, {"type": "Feature", "geometry": {"type": "Polygon", "coordinates": [[[-98.4563297810401, 29.3224045272976], [-98.4565562678828, 29.3223988160486], [-98.4566246853715, 29.3224483696608], [-98.4566601463673, 29.322484310093], [-98.456758190294, 29.3225797783711], [-98.456535372171, 29.3225824178219], [-98.456438151101, 29.3224975707998], [-98.4563297810401, 29.3224045272976]]]}, "properties": {"FeatClass": "Easement", "Category": "Easement", "Own_Type": "UNK", "Own_Name": "UNK", "Unit_Nm": "San Antonio Missions National Historical Park", "State_Nm": "TX", "GIS_Acres": 0}}, {"type": "Feature", "geometry": {"type": "Polygon", "coordinates": [[[-98.4567950032544, 29.32287201999], [-98.4565053208298, 29.3225827741869], [-98.456535372171, 29.3225824178219], [-98.456758190294, 29.3225797783711], [-98.4569925966843, 29.3228022078652], [-98.457620693341, 29.3228751426785], [-98.4567950032544, 29.32287201999]]]}, "properties": {"FeatClass": "Easement", "Category": "Easement", "Own_Type": "UNK", "Own_Name": "UNK", "Unit_Nm": "San Antonio Missions National Historical Park", "State_Nm": "TX", "GIS_Acres": 0}}, {"type": "Feature", "geometry": {"type": "Polygon", "coordinates": [[[-98.4567950032544, 29.32287201999], [-98.457620693341, 29.3228751426785], [-98.4579211465659, 29.3230370767001], [-98.4577290660969, 29.3230357898757], [-98.4576306790137, 29.3230462646105], [-98.4573744516469, 29.3229817189546], [-98.4571744067146, 29.3229626390094], [-98.457034983691, 29.3229653763524], [-98.4569215471318, 29.3229426998714], [-98.4568842724374, 29.3229633580025], [-98.4567950032544, 29.32287201999]]]}, "properties": {"FeatClass": "Easement", "Category": "Easement", "Own_Type": "UNK", "Own_Name": "UNK", "Unit_Nm": "San Antonio Missions National Historical Park", "State_Nm": "TX", "GIS_Acres": 0}}, {"type": "Feature", "geometry": {"type": "Polygon", "coordinates": [[[-98.4577995344394, 29.3232272030712], [-98.4577649250464, 29.3232269822046], [-98.4577290660969, 29.3230357898757], [-98.4579211465659, 29.3230370767001], [-98.4579569552098, 29.3232282698098], [-98.4577995344394, 29.3232272030712]]]}, "properties": {"FeatClass": "Easement", "Category": "Easement", "Own_Type": "UNK", "Own_Name": "UNK", "Unit_Nm": "San Antonio Missions National Historical Park", "State_Nm": "TX", "GIS_Acres": 0}}, {"type": "Feature", "geometry": {"type": "Polygon", "coordinates": [[[-98.4578974543986, 29.3239894962105], [-98.4580858814194, 29.3239433988668], [-98.4581457146072, 29.3239844938544], [-98.4587006021615, 29.324163839956], [-98.4588589787394, 29.3243250592139], [-98.4591720793452, 29.3244956453508], [-98.4590428908275, 29.3245872552478], [-98.4587557111093, 29.3244308617343], [-98.4586080038221, 29.3242806357347], [-98.4580675863303, 29.3241062091688], [-98.4578974543986, 29.3239894962105]]]}, "properties": {"FeatClass": "Easement", "Category": "Easement", "Own_Type": "UNK", "Own_Name": "UNK", "Unit_Nm": "San Antonio Missions National Historical Park", "State_Nm": "TX", "GIS_Acres": 0}}, {"type": "Feature", "geometry": {"type": "Polygon", "coordinates": [[[-98.4590428908275, 29.3245872552478], [-98.4591720793452, 29.3244956453508], [-98.4591918288067, 29.324517043296], [-98.4593789083545, 29.3243708611165], [-98.4596921320294, 29.3246428486495], [-98.459634852752, 29.3246835266909], [-98.4594927150195, 29.3247828807301], [-98.4590428908275, 29.3245872552478]]]}, "properties": {"FeatClass": "Easement", "Category": "Easement", "Own_Type": "UNK", "Own_Name": "UNK", "Unit_Nm": "San Antonio Missions National Historical Park", "State_Nm": "TX", "GIS_Acres": 0}}, {"type": "Feature", "geometry": {"type": "Polygon", "coordinates": [[[-98.4594927150195, 29.3247828807301], [-98.459634852752, 29.3246835266909], [-98.4598673367475, 29.3247653330669], [-98.4596962301437, 29.3248544529213], [-98.4594927150195, 29.3247828807301]]]}, "properties": {"FeatClass": "Easement", "Category": "Easement", "Own_Type": "UNK", "Own_Name": "UNK", "Unit_Nm": "San Antonio Missions National Historical Park", "State_Nm": "TX", "GIS_Acres": 0}}, {"type": "Feature", "geometry": {"type": "Polygon", "coordinates": [[[-98.4596962301437, 29.3248544529213], [-98.4598673367475, 29.3247653330669], [-98.4601628842726, 29.3248652752113], [-98.459942814096, 29.3248650872427], [-98.4598663881266, 29.3249119250789], [-98.4596962301437, 29.3248544529213]]]}, "properties": {"FeatClass": "Easement", "Category": "Easement", "Own_Type": "UNK", "Own_Name": "UNK", "Unit_Nm": "San Antonio Missions National Historical Park", "State_Nm": "TX", "GIS_Acres": 0}}, {"type": "Feature", "geometry": {"type": "Polygon", "coordinates": [[[-98.4602555293245, 29.3250253240413], [-98.4599023800267, 29.3249338891917], [-98.4605647231571, 29.3249357696591], [-98.4606759822, 29.3253834491492], [-98.4608961170553, 29.3256723008946], [-98.4607442613481, 29.3256733198327], [-98.4607209222187, 29.3256734741224], [-98.4605207191829, 29.325428888739], [-98.4604728776058, 29.3252898013002], [-98.4604696733152, 29.3252123468022], [-98.4604452481226, 29.3251764793856], [-98.4603655298277, 29.3251076603698], [-98.4603070009936, 29.3250603668005], [-98.4602555293245, 29.3250253240413]]]}, "properties": {"FeatClass": "Easement", "Category": "Easement", "Own_Type": "UNK", "Own_Name": "UNK", "Unit_Nm": "San Antonio Missions National Historical Park", "State_Nm": "TX", "GIS_Acres": 0}}, {"type": "Feature", "geometry": {"type": "Polygon", "coordinates": [[[-98.461018863754, 29.3260933540802], [-98.460975994352, 29.326015174172], [-98.4609037913627, 29.3258630081832], [-98.4608425666846, 29.3257686378853], [-98.4607858650238, 29.3257057848719], [-98.4609681143303, 29.3257046789994], [-98.4611954455894, 29.3260938271287], [-98.461018863754, 29.3260933540802]]]}, "properties": {"FeatClass": "Easement", "Category": "Easement", "Own_Type": "UNK", "Own_Name": "UNK", "Unit_Nm": "San Antonio Missions National Historical Park", "State_Nm": "TX", "GIS_Acres": 0}}, {"type": "Feature", "geometry": {"type": "Polygon", "coordinates": [[[-98.4610967270279, 29.3262936860034], [-98.4610832954178, 29.3262093010189], [-98.461018863754, 29.3260933540802], [-98.4611954455894, 29.3260938271287], [-98.4612507925907, 29.3262941042275], [-98.4610967270279, 29.3262936860034]]]}, "properties": {"FeatClass": "Easement", "Category": "Easement", "Own_Type": "UNK", "Own_Name": "UNK", "Unit_Nm": "San Antonio Missions National Historical Park", "State_Nm": "TX", "GIS_Acres": 0}}, {"type": "Feature", "geometry": {"type": "Polygon", "coordinates": [[[-98.4610984769461, 29.3264694379018], [-98.4610714358594, 29.3262938081812], [-98.4610967270279, 29.3262936860034], [-98.4612507925907, 29.3262941042275], [-98.4612827744115, 29.3264684996402], [-98.4611231590568, 29.3264694457337], [-98.4610984769461, 29.3264694379018]]]}, "properties": {"FeatClass": "Easement", "Category": "Easement", "Own_Type": "UNK", "Own_Name": "UNK", "Unit_Nm": "San Antonio Missions National Historical Park", "State_Nm": "TX", "GIS_Acres": 0}}, {"type": "Feature", "geometry": {"type": "Polygon", "coordinates": [[[-98.4611231590568, 29.3264694457337], [-98.4612827744115, 29.3264684996402], [-98.4613167702551, 29.326677633081], [-98.4611571692735, 29.3266787467749], [-98.4611231590568, 29.3264694457337]]]}, "properties": {"FeatClass": "Easement", "Category": "Easement", "Own_Type": "UNK", "Own_Name": "UNK", "Unit_Nm": "San Antonio Missions National Historical Park", "State_Nm": "TX", "GIS_Acres": 0}}, {"type": "Feature", "geometry": {"type": "Polygon", "coordinates": [[[-98.4611849640467, 29.3268352253416], [-98.4611571692735, 29.3266787467749], [-98.4613167702551, 29.326677633081], [-98.4613446548598, 29.3268353866782], [-98.4611849640467, 29.3268352253416]]]}, "properties": {"FeatClass": "Easement", "Category": "Easement", "Own_Type": "UNK", "Own_Name": "UNK", "Unit_Nm": "San Antonio Missions National Historical Park", "State_Nm": "TX", "GIS_Acres": 0}}, {"type": "Feature", "geometry": {"type": "Polygon", "coordinates": [[[-98.4612962168013, 29.3271822111274], [-98.4611849640467, 29.3268352253416], [-98.4613446548598, 29.3268353866782], [-98.4614558034099, 29.3271826152505], [-98.4612962168013, 29.3271822111274]]]}, "properties": {"FeatClass": "Easement", "Category": "Easement", "Own_Type": "UNK", "Own_Name": "UNK", "Unit_Nm": "San Antonio Missions National Historical Park", "State_Nm": "TX", "GIS_Acres": 0}}, {"type": "Feature", "geometry": {"type": "Polygon", "coordinates": [[[-98.4612962168013, 29.3271822111274], [-98.4614558034099, 29.3271826152505], [-98.4615647214432, 29.3275277272665], [-98.4614084810591, 29.3275273466401], [-98.4614051321397, 29.3275273388084], [-98.4612962168013, 29.3271822111274]]]}, "properties": {"FeatClass": "Easement", "Category": "Easement", "Own_Type": "UNK", "Own_Name": "UNK", "Unit_Nm": "San Antonio Missions National Historical Park", "State_Nm": "TX", "GIS_Acres": 0}}, {"type": "Feature", "geometry": {"type": "Polygon", "coordinates": [[[-98.4617245982075, 29.3280413327151], [-98.4615578529245, 29.3280462220946], [-98.461428206266, 29.327561996949], [-98.4614278029225, 29.3275604963731], [-98.4615876976532, 29.327560884048], [-98.4615990846977, 29.3275966668257], [-98.461708484228, 29.3280052031455], [-98.4617245982075, 29.3280413327151]]]}, "properties": {"FeatClass": "Easement", "Category": "Easement", "Own_Type": "UNK", "Own_Name": "UNK", "Unit_Nm": "San Antonio Missions National Historical Park", "State_Nm": "TX", "GIS_Acres": 0}}, {"type": "Feature", "geometry": {"type": "Polygon", "coordinates": [[[-98.461797950142, 29.3285162788861], [-98.4619502918378, 29.3285134712063], [-98.4620155903758, 29.3286288922338], [-98.4620154708999, 29.3286288992824], [-98.4618585927119, 29.3286368461424], [-98.4618278029556, 29.3285739901977], [-98.461797950142, 29.3285162788861]]]}, "properties": {"FeatClass": "Easement", "Category": "Easement", "Own_Type": "UNK", "Own_Name": "UNK", "Unit_Nm": "San Antonio Missions National Historical Park", "State_Nm": "TX", "GIS_Acres": 0}}, {"type": "Feature", "geometry": {"type": "Polygon", "coordinates": [[[-98.4618752600537, 29.3297950887046], [-98.4618829020218, 29.3297127608594], [-98.4620171103253, 29.329712351264], [-98.4620175585846, 29.3297310422799], [-98.4620117231285, 29.3297636556119], [-98.4620132556544, 29.3298089961378], [-98.4618752600537, 29.3297950887046]]]}, "properties": {"FeatClass": "Easement", "Category": "Easement", "Own_Type": "UNK", "Own_Name": "UNK", "Unit_Nm": "San Antonio Missions National Historical Park", "State_Nm": "TX", "GIS_Acres": 0}}, {"type": "Feature", "geometry": {"type": "Polygon", "coordinates": [[[-98.461907117907, 29.3291930183012], [-98.4619297150279, 29.329146787821], [-98.4619496845767, 29.3291469648173], [-98.4620982272971, 29.329148281325], [-98.4620462507748, 29.3292942256225], [-98.4618777187426, 29.3292931503325], [-98.4618572173912, 29.3292930187602], [-98.4618685325706, 29.3292704501969], [-98.461907117907, 29.3291930183012]]]}, "properties": {"FeatClass": "Easement", "Category": "Easement", "Own_Type": "UNK", "Own_Name": "UNK", "Unit_Nm": "San Antonio Missions National Historical Park", "State_Nm": "TX", "GIS_Acres": 0}}, {"type": "Feature", "geometry": {"type": "Polygon", "coordinates": [[[-98.4618237991643, 29.330814863166], [-98.4618238575548, 29.3308144621898], [-98.4618239159453, 29.3308140706116], [-98.4618511843058, 29.3306934503251], [-98.4618633762408, 29.3305502898097], [-98.4618606786, 29.3304286761649], [-98.4618390318966, 29.3301497127773], [-98.4618428892624, 29.3299966233431], [-98.4618571248648, 29.329851889256], [-98.4618625551807, 29.3297938763661], [-98.4618752600537, 29.3297950887046], [-98.4620132556544, 29.3298089961378], [-98.4619815047007, 29.3308134331221], [-98.4618403191824, 29.3308149422649], [-98.4618237991643, 29.330814863166]]]}, "properties": {"FeatClass": "Easement", "Category": "Easement", "Own_Type": "UNK", "Own_Name": "UNK", "Unit_Nm": "San Antonio Missions National Historical Park", "State_Nm": "TX", "GIS_Acres": 0}}, {"type": "Feature", "geometry": {"type": "Polygon", "coordinates": [[[-98.4615578529245, 29.3280462220946], [-98.4617245982075, 29.3280413327151], [-98.4619216167156, 29.3284632556254], [-98.4619502918378, 29.3285134712063], [-98.461797950142, 29.3285162788861], [-98.4615578529245, 29.3280462220946]]]}, "properties": {"FeatClass": "Easement", "Category": "Easement", "Own_Type": "UNK", "Own_Name": "UNK", "Unit_Nm": "San Antonio Missions National Historical Park", "State_Nm": "TX", "GIS_Acres": 0}}, {"type": "Feature", "geometry": {"type": "Polygon", "coordinates": [[[-98.4577995344394, 29.3232272030712], [-98.4579569552098, 29.3232282698098], [-98.4580858814194, 29.3239433988668], [-98.4578974543986, 29.3239894962105], [-98.4576091302267, 29.3237985269595], [-98.4573861818479, 29.3235764599155], [-98.4574038364382, 29.3235432853913], [-98.457515283229, 29.3235092853501], [-98.4577328399194, 29.3235001100128], [-98.4578039855916, 29.3233407386193], [-98.4578002710579, 29.3232375407237], [-98.4577995344394, 29.3232272030712]]]}, "properties": {"FeatClass": "Easement", "Category": "Easement", "Own_Type": "UNK", "Own_Name": "UNK", "Unit_Nm": "San Antonio Missions National Historical Park", "State_Nm": "TX", "GIS_Acres": 1}}, {"type": "Feature", "geometry": {"type": "Polygon", "coordinates": [[[-98.4620171103253, 29.329712351264], [-98.4618829020218, 29.3297127608594], [-98.4618671967757, 29.3297128070661], [-98.4618613074207, 29.3295644308534], [-98.4618802223473, 29.3295643682001], [-98.462013542217, 29.3295639210122], [-98.4620171103253, 29.329712351264]]]}, "properties": {"FeatClass": "Easement", "Category": "Easement", "Own_Type": "UNK", "Own_Name": "UNK", "Unit_Nm": "San Antonio Missions National Historical Park", "State_Nm": "TX", "GIS_Acres": 0}}, {"type": "Feature", "geometry": {"type": "Polygon", "coordinates": [[[-98.4563406776045, 29.3346131943725], [-98.4563374867886, 29.3342190643688], [-98.4566310661049, 29.3334193722622], [-98.4570583371934, 29.3335392649236], [-98.4572040403392, 29.3335801492968], [-98.456900950559, 29.3347555370816], [-98.4563519487664, 29.3346161960999], [-98.4563406776045, 29.3346131943725]]]}, "properties": {"FeatClass": "Easement", "Category": "Easement", "Own_Type": "UNK", "Own_Name": "UNK", "Unit_Nm": "San Antonio Missions National Historical Park", "State_Nm": "TX", "GIS_Acres": 2}}, {"type": "Feature", "geometry": {"type": "Polygon", "coordinates": [[[-98.4585632290933, 29.3341281342675], [-98.4585856160085, 29.3340710862792], [-98.4591224222729, 29.3340988482904], [-98.4591670649492, 29.3344370680777], [-98.4584593227611, 29.3344265193323], [-98.4584825190583, 29.3343526420608], [-98.4585121095638, 29.3342583963055], [-98.4585632290933, 29.3341281342675]]]}, "properties": {"FeatClass": "Easement", "Category": "Easement", "Own_Type": "UNK", "Own_Name": "UNK", "Unit_Nm": "San Antonio Missions National Historical Park", "State_Nm": "TX", "GIS_Acres": 1}}, {"type": "Feature", "geometry": {"type": "Polygon", "coordinates": [[[-98.4584593227611, 29.3344265193323], [-98.4591670649492, 29.3344370680777], [-98.4592646633116, 29.3351744821861], [-98.4585486871655, 29.3352611550839], [-98.4583367323692, 29.3351940156243], [-98.4582416232385, 29.335163443282], [-98.4584593227611, 29.3344265193323]]]}, "properties": {"FeatClass": "Easement", "Category": "Easement", "Own_Type": "UNK", "Own_Name": "UNK", "Unit_Nm": "San Antonio Missions National Historical Park", "State_Nm": "TX", "GIS_Acres": 2}}, {"type": "Feature", "geometry": {"type": "Polygon", "coordinates": [[[-98.4687298368629, 29.3487202917668], [-98.4687217574152, 29.349160522919], [-98.4687181327131, 29.3494081662005], [-98.4685562598921, 29.3500891502136], [-98.4685281848445, 29.349828054901], [-98.4684825261736, 29.3495559709037], [-98.4684116571825, 29.3492880549502], [-98.4683160485885, 29.3490261009645], [-98.4682270587815, 29.3488317568169], [-98.4687198700548, 29.3487267540228], [-98.4687298368629, 29.3487202917668]]]}, "properties": {"FeatClass": "Easement", "Category": "Easement", "Own_Type": "UNK", "Own_Name": "UNK", "Unit_Nm": "San Antonio Missions National Historical Park", "State_Nm": "TX", "GIS_Acres": 1}}, {"type": "Feature", "geometry": {"type": "Polygon", "coordinates": [[[-98.4687298368629, 29.3487202917668], [-98.4687198700548, 29.3487267540228], [-98.4682270587815, 29.3488317568169], [-98.4683160485885, 29.3490261009645], [-98.4684116571825, 29.3492880549502], [-98.4684825261736, 29.3495559709037], [-98.4685281848445, 29.349828054901], [-98.4685562598921, 29.3500891502136], [-98.4685019791911, 29.3503175010851], [-98.468468819679, 29.3500073899959], [-98.4684523553565, 29.349854302194], [-98.468431058996, 29.3497021279363], [-98.4684017110357, 29.3495509862452], [-98.4683643743575, 29.3494012028589], [-98.4683191280133, 29.3492531027345], [-98.4682660699194, 29.349107006133], [-98.468205317755, 29.348963228619], [-98.468137001776, 29.3488220818436], [-98.468707020553, 29.3487008909019], [-98.4687196400861, 29.3486927036529], [-98.4687304728701, 29.3486856729226], [-98.4687298368629, 29.3487202917668]]]}, "properties": {"FeatClass": "Easement", "Category": "Easement", "Own_Type": "UNK", "Own_Name": "UNK", "Unit_Nm": "San Antonio Missions National Historical Park", "State_Nm": "TX", "GIS_Acres": 0}}, {"type": "Feature", "geometry": {"type": "Polygon", "coordinates": [[[-98.453597761716, 29.3150518720985], [-98.4511420677665, 29.3150704428263], [-98.451067670193, 29.3146840058755], [-98.4536635767853, 29.3146642593731], [-98.453597761716, 29.3150518720985]]]}, "properties": {"FeatClass": "Easement", "Category": "Easement", "Own_Type": "UNK", "Own_Name": "UNK", "Unit_Nm": "San Antonio Missions National Historical Park", "State_Nm": "TX", "GIS_Acres": 3}}, {"type": "Feature", "geometry": {"type": "Polygon", "coordinates": [[[-98.4485269722614, 29.3150465693088], [-98.4489841258078, 29.3147991543048], [-98.4489931359101, 29.3149913231525], [-98.4489790467332, 29.3150727926588], [-98.4489209697518, 29.3151720691145], [-98.4485269722614, 29.3150465693088]]]}, "properties": {"FeatClass": "Easement", "Category": "Easement", "Own_Type": "UNK", "Own_Name": "UNK", "Unit_Nm": "San Antonio Missions National Historical Park", "State_Nm": "TX", "GIS_Acres": 0}}, {"type": "Feature", "geometry": {"type": "Polygon", "coordinates": [[[-98.448058125345, 29.3155660212948], [-98.4482062090263, 29.3152201669932], [-98.4485269722614, 29.3150465693088], [-98.4489209697518, 29.3151720691145], [-98.4485798974047, 29.3157550783243], [-98.448058125345, 29.3155660212948]]]}, "properties": {"FeatClass": "Easement", "Category": "Easement", "Own_Type": "UNK", "Own_Name": "UNK", "Unit_Nm": "San Antonio Missions National Historical Park", "State_Nm": "TX", "GIS_Acres": 1}}, {"type": "Feature", "geometry": {"type": "Polygon", "coordinates": [[[-98.4511420677665, 29.3150704428263], [-98.453597761716, 29.3150518720985], [-98.4535975308489, 29.3150532303019], [-98.4534660156947, 29.3158268401352], [-98.4512908233877, 29.3158452783491], [-98.4511420677665, 29.3150704428263]]]}, "properties": {"FeatClass": "Easement", "Category": "Easement", "Own_Type": "UNK", "Own_Name": "UNK", "Unit_Nm": "San Antonio Missions National Historical Park", "State_Nm": "TX", "GIS_Acres": 5}}, {"type": "Feature", "geometry": {"type": "Polygon", "coordinates": [[[-98.447736040688, 29.3163182510777], [-98.448058125345, 29.3155660212948], [-98.4485798974047, 29.3157550783243], [-98.4481647787254, 29.3164646476629], [-98.447736040688, 29.3163182510777]]]}, "properties": {"FeatClass": "Easement", "Category": "Easement", "Own_Type": "UNK", "Own_Name": "UNK", "Unit_Nm": "San Antonio Missions National Historical Park", "State_Nm": "TX", "GIS_Acres": 1}}, {"type": "Feature", "geometry": {"type": "Polygon", "coordinates": [[[-98.446160248356, 29.3163478006389], [-98.4461792297579, 29.3163379251995], [-98.4462394303567, 29.3163066030999], [-98.4463147370253, 29.3162674216768], [-98.4473832605979, 29.3156728973676], [-98.446990201847, 29.3164896487526], [-98.4465096552723, 29.3167403423197], [-98.4464904672578, 29.3167503532251], [-98.4464033666079, 29.3166368690871], [-98.4463394029664, 29.3165308141038], [-98.4462434700806, 29.3164468158095], [-98.446160248356, 29.3163478006389]]]}, "properties": {"FeatClass": "Easement", "Category": "Easement", "Own_Type": "UNK", "Own_Name": "UNK", "Unit_Nm": "San Antonio Missions National Historical Park", "State_Nm": "TX", "GIS_Acres": 1}}, {"type": "Feature", "geometry": {"type": "Polygon", "coordinates": [[[-98.4512438962955, 29.3165876087264], [-98.4517242964449, 29.3166100633893], [-98.4515884100884, 29.3171371630152], [-98.4514700687279, 29.3171376431546], [-98.4514593491316, 29.3171297713749], [-98.4514054376381, 29.317093583112], [-98.4513857851947, 29.3170816978943], [-98.4513659665629, 29.3170334262255], [-98.451332528573, 29.316951977083], [-98.4513269527301, 29.3169383968673], [-98.451308757354, 29.3168940696458], [-98.4512891129953, 29.3168909459909], [-98.4512252957793, 29.3168807941119], [-98.451225622766, 29.3168756269219], [-98.4512266504387, 29.3168594611423], [-98.4512280625903, 29.3168371780691], [-98.4512438962955, 29.3165876087264]]]}, "properties": {"FeatClass": "Easement", "Category": "Easement", "Own_Type": "UNK", "Own_Name": "UNK", "Unit_Nm": "San Antonio Missions National Historical Park", "State_Nm": "TX", "GIS_Acres": 1}}, {"type": "Feature", "geometry": {"type": "Polygon", "coordinates": [[[-98.4464904672578, 29.3167503532251], [-98.4465096552723, 29.3167403423197], [-98.446990201847, 29.3164896487526], [-98.4473832605979, 29.3156728973676], [-98.4482062090263, 29.3152201669932], [-98.448058125345, 29.3155660212948], [-98.447736040688, 29.3163182510777], [-98.4473404702476, 29.3172420910391], [-98.4469609877356, 29.317290614819], [-98.4469330779781, 29.3172941833535], [-98.4468035328293, 29.3171584880941], [-98.4467567602474, 29.3171129108824], [-98.4467128137654, 29.3170169166188], [-98.4465976263897, 29.3168579361277], [-98.4464904672578, 29.3167503532251]]]}, "properties": {"FeatClass": "Easement", "Category": "Easement", "Own_Type": "UNK", "Own_Name": "UNK", "Unit_Nm": "San Antonio Missions National Historical Park", "State_Nm": "TX", "GIS_Acres": 3}}, {"type": "Feature", "geometry": {"type": "Polygon", "coordinates": [[[-98.4473404702476, 29.3172420910391], [-98.447736040688, 29.3163182510777], [-98.4481647787254, 29.3164646476629], [-98.4478252523789, 29.3170449973607], [-98.4475868880115, 29.3174469362539], [-98.4473404702476, 29.3172420910391]]]}, "properties": {"FeatClass": "Easement", "Category": "Easement", "Own_Type": "UNK", "Own_Name": "UNK", "Unit_Nm": "San Antonio Missions National Historical Park", "State_Nm": "TX", "GIS_Acres": 1}}, {"type": "Feature", "geometry": {"type": "Polygon", "coordinates": [[[-98.4469330779781, 29.3172941833535], [-98.4469609877356, 29.317290614819], [-98.4473404702476, 29.3172420910391], [-98.4475868880115, 29.3174469362539], [-98.4478252523789, 29.3170449973607], [-98.4480809003324, 29.3173715342075], [-98.4481104180743, 29.3174121039257], [-98.4479315392467, 29.3175558711094], [-98.4477160055623, 29.3176849167682], [-98.4476397332048, 29.3177305853654], [-98.447624675644, 29.3177395998707], [-98.4472905346976, 29.3176308406611], [-98.44734151409, 29.3176254518471], [-98.447374260377, 29.3176219898472], [-98.4472214461674, 29.3175286207621], [-98.4469330779781, 29.3172941833535]]]}, "properties": {"FeatClass": "Easement", "Category": "Easement", "Own_Type": "UNK", "Own_Name": "UNK", "Unit_Nm": "San Antonio Missions National Historical Park", "State_Nm": "TX", "GIS_Acres": 1}}, {"type": "Feature", "geometry": {"type": "Polygon", "coordinates": [[[-98.4516643590525, 29.317301069779], [-98.4523507060655, 29.3172990489672], [-98.4523549649783, 29.3184149382746], [-98.4523550476233, 29.3184363421949], [-98.451675911387, 29.3182735439913], [-98.4516393212089, 29.3182647739081], [-98.4516438810573, 29.3182444907871], [-98.4517818524034, 29.317630727872], [-98.4517834909305, 29.3176234709879], [-98.4517772090117, 29.317606468024], [-98.4516845639598, 29.3173557460379], [-98.4516643590525, 29.317301069779]]]}, "properties": {"FeatClass": "Easement", "Category": "Easement", "Own_Type": "UNK", "Own_Name": "UNK", "Unit_Nm": "San Antonio Missions National Historical Park", "State_Nm": "TX", "GIS_Acres": 2}}, {"type": "Feature", "geometry": {"type": "Polygon", "coordinates": [[[-98.4523550476233, 29.3184363421949], [-98.4523549649783, 29.3184149382746], [-98.4523507060655, 29.3172990489672], [-98.4532101144164, 29.3172933131512], [-98.4530182100172, 29.3185036759678], [-98.4530149509293, 29.318524241791], [-98.4530117080111, 29.3185447042208], [-98.452896182869, 29.3185248613425], [-98.4525705813077, 29.3184827177317], [-98.4523550476233, 29.3184363421949]]]}, "properties": {"FeatClass": "Easement", "Category": "Easement", "Own_Type": "UNK", "Own_Name": "UNK", "Unit_Nm": "San Antonio Missions National Historical Park", "State_Nm": "TX", "GIS_Acres": 2}}, {"type": "Feature", "geometry": {"type": "Polygon", "coordinates": [[[-98.4478252523789, 29.3170449973607], [-98.4481647787254, 29.3164646476629], [-98.4485798974047, 29.3157550783243], [-98.4489209697518, 29.3151720691145], [-98.4489790467332, 29.3150727926588], [-98.4489931359101, 29.3149913231525], [-98.4489841258078, 29.3147991543048], [-98.4509647097867, 29.3137033692715], [-98.4509647079901, 29.3137034397674], [-98.4509392200905, 29.314829554164], [-98.4511553161203, 29.3158708850593], [-98.4510749591232, 29.3168280459945], [-98.4510734023428, 29.3168465960342], [-98.4510733484439, 29.3168472477098], [-98.4499509097846, 29.3167611082308], [-98.4498560440973, 29.3167551851843], [-98.4497078418384, 29.3167459316963], [-98.4493521368336, 29.3167237198754], [-98.4490827850805, 29.3169843242754], [-98.4488807773293, 29.3170923768886], [-98.4487074743447, 29.3171850751179], [-98.4482306728464, 29.3172923889039], [-98.4480809003324, 29.3173715342075], [-98.4478252523789, 29.3170449973607]]]}, "properties": {"FeatClass": "Easement", "Category": "Easement", "Own_Type": "UNK", "Own_Name": "UNK", "Unit_Nm": "San Antonio Missions National Historical Park", "State_Nm": "TX", "GIS_Acres": 18}}, {"type": "Feature", "geometry": {"type": "Polygon", "coordinates": [[[-98.4514700687279, 29.3171376431546], [-98.4515884100884, 29.3171371630152], [-98.4517242964449, 29.3166100633893], [-98.4512438962955, 29.3165876087264], [-98.4512908233877, 29.3158452783491], [-98.4534660156947, 29.3158268401352], [-98.4532101144164, 29.3172933131512], [-98.4523507060655, 29.3172990489672], [-98.4516643590525, 29.317301069779], [-98.4516178532702, 29.3172549498313], [-98.4515683812509, 29.3172112642382], [-98.4515203429427, 29.3171733058335], [-98.4514700687279, 29.3171376431546]]]}, "properties": {"FeatClass": "Easement", "Category": "Easement", "Own_Type": "UNK", "Own_Name": "UNK", "Unit_Nm": "San Antonio Missions National Historical Park", "State_Nm": "TX", "GIS_Acres": 7}}, {"type": "Feature", "geometry": {"type": "Polygon", "coordinates": [[[-98.4639840893192, 29.3458353487812], [-98.4636887843392, 29.3456686039322], [-98.4634287732684, 29.3455183520603], [-98.46317254141, 29.3453631957571], [-98.46292020824, 29.3452032117387], [-98.4626718923359, 29.3450384728059], [-98.462427711377, 29.3448690572404], [-98.4621877785512, 29.3446950448899], [-98.4619569240996, 29.344519975123], [-98.4617303626967, 29.3443406530793], [-98.4616083193788, 29.3442398553532], [-98.4616076806767, 29.344239326009], [-98.4615081958522, 29.3441571593909], [-98.4612905250757, 29.34396957469], [-98.4610774473853, 29.3437779843072], [-98.460869057104, 29.3435824759224], [-98.4606654530465, 29.3433831348668], [-98.4604667223495, 29.3431800550852], [-98.4604437569192, 29.3431553933395], [-98.4604137199511, 29.3431231351031], [-98.4603876310786, 29.3430951179218], [-98.4603737745653, 29.3430781223368], [-98.4603385165887, 29.3430348753572], [-98.4603149088631, 29.3430059192592], [-98.4603042746068, 29.34299093065], [-98.4602697487571, 29.342942271099], [-98.4602488548419, 29.3429128232107], [-98.4602409703287, 29.342899937114], [-98.4602076149839, 29.3428454280302], [-98.4601897376114, 29.342816212684], [-98.4601841689549, 29.3428055191558], [-98.4601524197979, 29.3427445513018], [-98.4601378042082, 29.3427164846834], [-98.4601341211155, 29.34270801505], [-98.4601043796931, 29.3426396142776], [-98.4600932630414, 29.34261404796], [-98.4600910702538, 29.3426078343313], [-98.460063686909, 29.342530251253], [-98.4600563000625, 29.3425093222295], [-98.4600552059144, 29.3425053356364], [-98.4600305022441, 29.3424152727342], [-98.4600304672098, 29.342415142745], [-98.4600270652899, 29.342402738172], [-98.4600267122519, 29.3424009621747], [-98.4600056790979, 29.3422947327338], [-98.4599922277248, 29.3421857491278], [-98.4599867686628, 29.3420762337006], [-98.4603215429214, 29.3418515863021], [-98.4603501210256, 29.3418518321867], [-98.4603495991044, 29.3418531007631], [-98.4603265375544, 29.3419029777271], [-98.4602988523757, 29.341951016799], [-98.4602667322144, 29.3419968859593], [-98.4602303971578, 29.342040272766], [-98.460212268257, 29.3420635957314], [-98.4601984108455, 29.3420890666526], [-98.4601891483166, 29.3421160919609], [-98.4601846980626, 29.3421440389351], [-98.4601851642883, 29.3421722537113], [-98.4601905353154, 29.3422000753789], [-98.4602006862781, 29.3422268539911], [-98.4602220311475, 29.3422660450181], [-98.4602475648612, 29.3423032619148], [-98.4602770520604, 29.3423381640485], [-98.4605524018646, 29.3426333262593], [-98.460797154152, 29.3428994782386], [-98.4610210277955, 29.343162776829], [-98.4614824869671, 29.3435609911433], [-98.4620566379944, 29.3440261222482], [-98.4621536623333, 29.3440909192557], [-98.4622212425921, 29.3441581170661], [-98.4623835007903, 29.3443551700923], [-98.4624946187977, 29.3444765149821], [-98.4626814701735, 29.3446647110952], [-98.4627352020038, 29.3447179318721], [-98.4627418001296, 29.3447233419631], [-98.4627493369948, 29.3447277129468], [-98.4627575988005, 29.3447309218845], [-98.4627663555779, 29.3447328787258], [-98.4627753629852, 29.3447335302231], [-98.4627843676977, 29.3447328560173], [-98.4627931181869, 29.3447308756846], [-98.4628100056159, 29.3447267521448], [-98.4628273592705, 29.3447245650868], [-98.4628448871983, 29.3447243520973], [-98.4629383263609, 29.3447284936474], [-98.4629542723555, 29.3447307989457], [-98.4629696344452, 29.3447351910715], [-98.4629840595921, 29.3447415697939], [-98.4629972208093, 29.3447497871163], [-98.4630462697221, 29.344784047878], [-98.4630970029761, 29.3448163729309], [-98.4632177248722, 29.344884960174], [-98.4633241626569, 29.3449617333544], [-98.4635782457452, 29.3451071327229], [-98.4637715299566, 29.3451870300903], [-98.4642263164423, 29.3453360460226], [-98.4648289144197, 29.3455851832483], [-98.4648540672476, 29.3455915822767], [-98.4648799126767, 29.3455953032973], [-98.4649060806009, 29.3455962899316], [-98.4649333291984, 29.345597350955], [-98.464960224758, 29.3456013209831], [-98.4649863639362, 29.3456081381554], [-98.465182865913, 29.345671198152], [-98.4651926602445, 29.3456754500726], [-98.4652017062795, 29.3456808248758], [-98.4652098369311, 29.3456872262473], [-98.4652169039774, 29.3456945312492], [-98.4652344696345, 29.3457133649809], [-98.4652540951285, 29.3457305676325], [-98.4652832131201, 29.3457502376463], [-98.4653154877917, 29.3457656706174], [-98.4653501241341, 29.3457764828574], [-98.4653862633579, 29.3457824096997], [-98.4654070449837, 29.345785690644], [-98.4654271052623, 29.3457914679248], [-98.4654373541414, 29.3457958803639], [-98.4654460561216, 29.3457996256514], [-98.4654635310488, 29.3458100111302], [-98.465296191081, 29.3458240048623], [-98.4645294071208, 29.3457112883531], [-98.4642097092876, 29.3458002278103], [-98.4640022748138, 29.3458325180871], [-98.4639840893192, 29.3458353487812]]]}, "properties": {"FeatClass": "Easement", "Category": "Easement", "Own_Type": "UNK", "Own_Name": "UNK", "Unit_Nm": "San Antonio Missions National Historical Park", "State_Nm": "TX", "GIS_Acres": 7}}, {"type": "Feature", "geometry": {"type": "Polygon", "coordinates": [[[-98.4657751072135, 29.345831832926], [-98.4656168716712, 29.3457971856941], [-98.4655129509658, 29.3458058766714], [-98.4655040998653, 29.3457975333645], [-98.4654972753641, 29.3457924678689], [-98.4654795659766, 29.3457793252986], [-98.465451872713, 29.3457650120793], [-98.4654218168803, 29.3457550063712], [-98.4653902635559, 29.3457495932029], [-98.4653599427201, 29.3457446208868], [-98.4653308840173, 29.3457355509119], [-98.4653038052014, 29.3457226040949], [-98.4652793737206, 29.3457061006985], [-98.4652624126297, 29.3456912307258], [-98.4652472293048, 29.3456749520576], [-98.4652367073379, 29.3456640951734], [-98.4652245836748, 29.3456546039144], [-98.4652110900809, 29.3456466622959], [-98.4651964780845, 29.3456404183135], [-98.4649993194392, 29.3455771476593], [-98.4649687542617, 29.345569174713], [-98.4649373069385, 29.3455645328325], [-98.464905448187, 29.3455632932749], [-98.4648843701171, 29.3455625266755], [-98.4648635381857, 29.3455596192357], [-98.4648432317687, 29.3455546101073], [-98.4642409760494, 29.3453056153211], [-98.4637861895638, 29.3451565993443], [-98.463596668395, 29.3450782563014], [-98.4633465010631, 29.3449350971924], [-98.463240013871, 29.3448582903209], [-98.4631179966043, 29.3447889646444], [-98.4630688596566, 29.3447576356218], [-98.4630213459645, 29.344724441365], [-98.463003371574, 29.3447132320071], [-98.4629836553502, 29.3447045581637], [-98.462962659027, 29.3446986218621], [-98.4629408739831, 29.3446955617028], [-98.4628467907284, 29.3446913896125], [-98.4628244047116, 29.3446916628969], [-98.4628022459684, 29.3446944568193], [-98.4627806801134, 29.3446997236134], [-98.4627780507446, 29.3447003202974], [-98.4627753459173, 29.3447005262396], [-98.4627726401916, 29.3447003390907], [-98.4627700063312, 29.3446997596337], [-98.4627675179979, 29.344698808228], [-98.4627652443619, 29.3446975091481], [-98.462763247407, 29.3446958968483], [-98.4627097877661, 29.3446429469952], [-98.4625235310751, 29.3444553490935], [-98.4624134847579, 29.3443351756255], [-98.4622507172149, 29.3441375031646], [-98.4621794592533, 29.3440666500409], [-98.4620808969987, 29.3440008248663], [-98.4615084949912, 29.3435371117656], [-98.4610495142715, 29.3431410359002], [-98.4608269324054, 29.3428792579637], [-98.460581650112, 29.342612528812], [-98.4603062167644, 29.3423172772712], [-98.460278880132, 29.342284920886], [-98.4602552086259, 29.3422504188822], [-98.4602354223335, 29.3422140876173], [-98.460227086866, 29.3421920990362], [-98.4602226761379, 29.3421692529894], [-98.4602222943539, 29.3421460858789], [-98.4602259478022, 29.3421231380227], [-98.4602335538377, 29.3421009458239], [-98.4602449327974, 29.3420800323736], [-98.4602598196783, 29.3420608800439], [-98.4602997776404, 29.3420129600505], [-98.4603348451742, 29.3419621841748], [-98.4603647563782, 29.3419089361175], [-98.460389284877, 29.3418536168074], [-98.4603898463241, 29.3418521743891], [-98.460473798379, 29.3418528963813], [-98.4602832800802, 29.3421828423746], [-98.4603287869359, 29.3422385146701], [-98.4609421054079, 29.3428950320024], [-98.4612746222002, 29.3432367957145], [-98.4621420929308, 29.3439472176683], [-98.4622924349767, 29.344058070109], [-98.4624532073614, 29.3442904171038], [-98.4627103788576, 29.3445460162746], [-98.4628450444035, 29.344638453069], [-98.4630114088009, 29.3446340092577], [-98.4644873767453, 29.3452961749266], [-98.4644724530335, 29.345335288818], [-98.4648104118198, 29.3454797213773], [-98.4653310762568, 29.345669153628], [-98.4656218528294, 29.3457778516143], [-98.4656368376267, 29.3457385358679], [-98.4656395999462, 29.3457312919464], [-98.4658432902419, 29.3457758908779], [-98.4659859292343, 29.3460769629104], [-98.4666496961944, 29.3462942819422], [-98.4669552734096, 29.3465242622023], [-98.4672614417163, 29.3467546843578], [-98.467565219606, 29.3469258061493], [-98.4679030661029, 29.3470336947061], [-98.4683335747197, 29.3471711746757], [-98.4684893749293, 29.3475408679761], [-98.4686699542677, 29.3480755651515], [-98.4686806451179, 29.3480948228421], [-98.4687278479929, 29.3482615237869], [-98.4687288990217, 29.3482652337478], [-98.4687200146836, 29.348258614858], [-98.4686263644169, 29.3481888216808], [-98.4684609432506, 29.3476990168247], [-98.4684607357397, 29.3476984037146], [-98.4684148578799, 29.3475625539374], [-98.4682725476709, 29.3472248670942], [-98.4682638591654, 29.347222092034], [-98.468128024013, 29.3471787152636], [-98.4675301323093, 29.3469877816138], [-98.4672144283859, 29.3468099438462], [-98.4666091498357, 29.3463544066907], [-98.4659265209496, 29.3461309127422], [-98.4659259846554, 29.3461297812509], [-98.4658350931149, 29.3459379373088], [-98.465785949879, 29.345834207107], [-98.4657751072135, 29.345831832926]]]}, "properties": {"FeatClass": "Easement", "Category": "Easement", "Own_Type": "UNK", "Own_Name": "UNK", "Unit_Nm": "San Antonio Missions National Historical Park", "State_Nm": "TX", "GIS_Acres": 2}}, {"type": "Feature", "geometry": {"type": "Polygon", "coordinates": [[[-98.4437440200919, 29.3169106442833], [-98.4436434258481, 29.3168344797248], [-98.4435738710923, 29.3167023328277], [-98.4434715700494, 29.3163878796555], [-98.4434126657196, 29.3162205618563], [-98.4433923431329, 29.3161004162047], [-98.4434491031841, 29.3159720053408], [-98.4435130147233, 29.3158527781739], [-98.4435956417632, 29.3158084786786], [-98.4437695079915, 29.3157936200109], [-98.4438617586829, 29.3157821513424], [-98.4438780990379, 29.315813497101], [-98.4437741513832, 29.3158263701722], [-98.4436080133613, 29.3158405701037], [-98.4435423240561, 29.3158757859881], [-98.443483749408, 29.3159850648102], [-98.4434310488435, 29.3161042980887], [-98.4434495002395, 29.3162133440353], [-98.443507688612, 29.3163786010697], [-98.4436093275965, 29.316690940238], [-98.4436746629654, 29.316815046161], [-98.4437631739704, 29.3168809006358], [-98.4438133610487, 29.3168969622379], [-98.4438445963694, 29.3168884137], [-98.443774042687, 29.316919405867], [-98.4437440200919, 29.3169106442833]]]}, "properties": {"FeatClass": "Easement", "Category": "Easement", "Own_Type": "UNK", "Own_Name": "UNK", "Unit_Nm": "San Antonio Missions National Historical Park", "State_Nm": "TX", "GIS_Acres": 0}}, {"type": "Feature", "geometry": {"type": "Polygon", "coordinates": [[[-98.4447160996373, 29.3171987101291], [-98.4447045850319, 29.3171809277494], [-98.4447199120873, 29.3171860126816], [-98.4447288988334, 29.3171889953404], [-98.4447994677872, 29.3172684172153], [-98.4448145235514, 29.317285788368], [-98.4449464150997, 29.3174379601025], [-98.4450089531148, 29.3175103481201], [-98.4450683775692, 29.3175791323151], [-98.4451184748159, 29.3176732658133], [-98.4451201465807, 29.3176774758224], [-98.4451093398478, 29.3176761286195], [-98.4450334133417, 29.3175913668081], [-98.44498563285, 29.3175380261313], [-98.4448058862499, 29.3173373629251], [-98.4447857720724, 29.3173063011748], [-98.4447160996373, 29.3171987101291]]]}, "properties": {"FeatClass": "Easement", "Category": "Easement", "Own_Type": "UNK", "Own_Name": "UNK", "Unit_Nm": "San Antonio Missions National Historical Park", "State_Nm": "TX", "GIS_Acres": 0}}, {"type": "Feature", "geometry": {"type": "Polygon", "coordinates": [[[-98.4396521778031, 29.3122046863046], [-98.4396896150925, 29.3121869140208], [-98.4396898315865, 29.3122043252035], [-98.4396942989084, 29.3125627616405], [-98.4394956948738, 29.3129852506648], [-98.4393072382087, 29.3135190191432], [-98.439237145362, 29.31383488794], [-98.4392369414444, 29.3138941890136], [-98.4392351016947, 29.3144303159005], [-98.4395075086181, 29.3150876396823], [-98.4399091247204, 29.3155647688403], [-98.439909143585, 29.3155647907719], [-98.4399230081831, 29.3155812332521], [-98.4401988772136, 29.3157978183484], [-98.4403747628547, 29.3159771318466], [-98.4405494779909, 29.3161108587543], [-98.4408074426995, 29.3162963368056], [-98.4410519569333, 29.3164211317003], [-98.4411874974383, 29.3164640852773], [-98.441340007119, 29.3165188779082], [-98.4414691947384, 29.3165880873019], [-98.4415229355519, 29.3166548403285], [-98.4415845608787, 29.3167585720202], [-98.4416147550521, 29.3168427682236], [-98.4416515805888, 29.316919123109], [-98.4419168881265, 29.3173921292395], [-98.4418892442703, 29.3174546231599], [-98.4419318980766, 29.3177785347858], [-98.4418960382288, 29.3177940941791], [-98.4418507667317, 29.3174503019188], [-98.4418758045753, 29.3173936973253], [-98.441617310759, 29.3169328380485], [-98.4415793686164, 29.3168541662792], [-98.4415496298889, 29.3167712381903], [-98.4414907048978, 29.3166720510162], [-98.4414429118298, 29.3166126881126], [-98.4413229364337, 29.3165484140958], [-98.4411739463522, 29.3164948872395], [-98.4410359480566, 29.3164511527584], [-98.4408445772567, 29.3163534808961], [-98.4407858876242, 29.3163235271703], [-98.4405251444265, 29.3161360518317], [-98.4403479634148, 29.3160004372754], [-98.4403321189298, 29.3159842846729], [-98.4401719223652, 29.3158209640308], [-98.439895011289, 29.3156035612462], [-98.4398788407156, 29.3155843843617], [-98.4394739718136, 29.3151033921722], [-98.4391974236568, 29.3144360761592], [-98.4391985483475, 29.314107061004], [-98.4391992831694, 29.3138940887529], [-98.4391994996634, 29.3138316600143], [-98.4392706606069, 29.3135109661445], [-98.4394602257931, 29.3129740636664], [-98.439656559785, 29.3125564028373], [-98.4396521778031, 29.3122046863046]]]}, "properties": {"FeatClass": "Easement", "Category": "Easement", "Own_Type": "UNK", "Own_Name": "UNK", "Unit_Nm": "San Antonio Missions National Historical Park", "State_Nm": "TX", "GIS_Acres": 1}}, {"type": "Feature", "geometry": {"type": "Polygon", "coordinates": [[[-98.4402529899297, 29.3227316109075], [-98.4402342340049, 29.3227339840601], [-98.4402311482919, 29.3227231537119], [-98.440208696698, 29.3225890986868], [-98.440182765929, 29.3223809186586], [-98.4401936651883, 29.3220290628994], [-98.4402558995729, 29.3217559867613], [-98.4402390274152, 29.3217584108463], [-98.440251663118, 29.3216829297476], [-98.440290201742, 29.3215986200546], [-98.4403965973059, 29.3213657937023], [-98.4405074898362, 29.3211229908053], [-98.4406499949796, 29.3209400576354], [-98.4407467902481, 29.3208157899016], [-98.4408073402915, 29.3207380492588], [-98.4408741830335, 29.3206382221223], [-98.4410623001355, 29.320357276213], [-98.4411212026686, 29.3202942882814], [-98.441211170741, 29.3201980769211], [-98.4412146463228, 29.3202187841688], [-98.4416425444354, 29.3198154158154], [-98.44191389494, 29.3196716197029], [-98.4425859991642, 29.3194392588989], [-98.4426312464067, 29.3193032437955], [-98.4426705045813, 29.319180512363], [-98.4426856402955, 29.3190612020051], [-98.4426379559236, 29.3189324008939], [-98.4425186425859, 29.318755429022], [-98.4424144263348, 29.3186541227359], [-98.4422846071998, 29.3185607068172], [-98.4421571173964, 29.3184581502684], [-98.4420658467669, 29.318362078162], [-98.4420122532771, 29.3182692016371], [-98.4419500889611, 29.3180979213069], [-98.4419228268888, 29.3179446790633], [-98.4419587460255, 29.3179286497395], [-98.441987273824, 29.3180881572589], [-98.4420471079101, 29.3182568090083], [-98.4420974521936, 29.3183438260337], [-98.442184443249, 29.318435305953], [-98.442309301887, 29.3185357508802], [-98.4424404783764, 29.3186301537171], [-98.4425490963723, 29.3187357498837], [-98.4426724296709, 29.3189187128536], [-98.4427238977468, 29.3190577580686], [-98.4427075223575, 29.3191868268916], [-98.4426673766475, 29.3193123169053], [-98.4426541345819, 29.3193601990064], [-98.4426391668526, 29.3194082549654], [-98.4426146778796, 29.3194868801204], [-98.4420677592801, 29.3196518819982], [-98.4417838269717, 29.3197722443418], [-98.4411631279413, 29.3203205533607], [-98.4410999188846, 29.3203937922777], [-98.4408515149456, 29.3207722068704], [-98.4405369393062, 29.3211513351492], [-98.4403541258576, 29.3215155391766], [-98.4402757523407, 29.3217531319019], [-98.440212443571, 29.3220309167907], [-98.4402016242618, 29.3223802450882], [-98.4402273771643, 29.3225869988745], [-98.4402498898437, 29.3227207351324], [-98.4402529899297, 29.3227316109075]]]}, "properties": {"FeatClass": "Easement", "Category": "Easement", "Own_Type": "UNK", "Own_Name": "UNK", "Unit_Nm": "San Antonio Missions National Historical Park", "State_Nm": "TX", "GIS_Acres": 1}}, {"type": "Feature", "geometry": {"type": "Polygon", "coordinates": [[[-98.4483036995908, 29.322533967832], [-98.4481302088583, 29.3224315742714], [-98.4481976912008, 29.3224316886217], [-98.4481978088801, 29.3224316886217], [-98.4483231732695, 29.3225056779146], [-98.4484423886909, 29.3225619718663], [-98.4485819931742, 29.322643237956], [-98.4486875856443, 29.3227528071525], [-98.448801508192, 29.3228375819062], [-98.4489013703089, 29.3229102801626], [-98.4489937512561, 29.3229813022833], [-98.4490278423211, 29.3230157489339], [-98.4491230700294, 29.3230891566569], [-98.4491321960144, 29.3230984322828], [-98.4491367980836, 29.3231031072982], [-98.44916584421, 29.3231326196495], [-98.4492085330506, 29.3231756941487], [-98.4492631200772, 29.3232307729645], [-98.4493725420653, 29.3234019616563], [-98.4494537910895, 29.3234979749748], [-98.4496335053503, 29.3237097930888], [-98.4497524467855, 29.323824181799], [-98.4500908960519, 29.3240683880415], [-98.4503777613598, 29.324226158989], [-98.4504304340765, 29.3242516108703], [-98.4504604872143, 29.3242661730372], [-98.4506109217868, 29.3243161627715], [-98.4510208410172, 29.3244308217909], [-98.4510944606497, 29.3244514146144], [-98.4510950562327, 29.3244517318127], [-98.4511090286287, 29.3244591652155], [-98.4511156069915, 29.324462663794], [-98.451116711021, 29.324463910657], [-98.4511384017418, 29.3244885557776], [-98.4512203568418, 29.3245724268372], [-98.4513362260387, 29.3246809389859], [-98.4514284102549, 29.3247688833263], [-98.4515114981305, 29.324869459861], [-98.4515919467557, 29.3249511987325], [-98.4516595827101, 29.3250362379475], [-98.4517112151777, 29.3250854002446], [-98.4517668379618, 29.3251648120559], [-98.4518095780063, 29.3252481100407], [-98.451842761773, 29.3252955860081], [-98.4518657766105, 29.3253143522375], [-98.4518666713325, 29.3253150806124], [-98.4518686512194, 29.325316694002], [-98.451975080021, 29.3254443388842], [-98.4520880862871, 29.325573039356], [-98.452173331916, 29.325681845705], [-98.4522410002098, 29.3257754978932], [-98.4523190494349, 29.325892576126], [-98.4524030868297, 29.3260147676946], [-98.4525012259779, 29.3261367507877], [-98.4525396918383, 29.3261899843702], [-98.452614032818, 29.3263399718171], [-98.4526924674204, 29.326527895185], [-98.4527201588874, 29.3265812037494], [-98.4527641457936, 29.3266303480716], [-98.4527744063507, 29.326642008185], [-98.452774677642, 29.3266423183277], [-98.4527403512183, 29.3266578442583], [-98.4527399900956, 29.3266574370003], [-98.4526877216208, 29.3265984527052], [-98.4526574187513, 29.3265401129408], [-98.4526315373896, 29.3264743242239], [-98.4526308600599, 29.3264726027724], [-98.4526261457013, 29.3264606176159], [-98.4525061397625, 29.3262052589651], [-98.4524699116054, 29.3261551182173], [-98.4523715191323, 29.3260328187361], [-98.4522866418127, 29.3259094022732], [-98.4522088009967, 29.3257926357714], [-98.4521418603384, 29.325699982957], [-98.4520575902799, 29.3255924250428], [-98.4519449289668, 29.3254641130616], [-98.451840351593, 29.3253386893555], [-98.4518311690142, 29.3253312019761], [-98.4518303039366, 29.3253304970973], [-98.4518133356592, 29.3253166603245], [-98.4517761993053, 29.3252635296684], [-98.4517334727355, 29.3251802583251], [-98.4516810236993, 29.3251053726413], [-98.451630158393, 29.3250569410802], [-98.4515621631125, 29.3249714507584], [-98.4514819408627, 29.3248899413814], [-98.4513996659624, 29.3247903462201], [-98.4513660294449, 29.3247608460965], [-98.4513084671981, 29.3247032219123], [-98.4511922988622, 29.3245944301833], [-98.4511097912983, 29.3245099952342], [-98.4511037537213, 29.3245031508053], [-98.451090116397, 29.3244876958183], [-98.4510787706749, 29.3244816620053], [-98.450598531324, 29.3243473320363], [-98.4504446463226, 29.3242961972691], [-98.4504124713641, 29.324280606756], [-98.4504122449886, 29.3242804971071], [-98.4504054321655, 29.3242771966737], [-98.4503929698376, 29.324271162065], [-98.4503675277521, 29.3242588406539], [-98.4503583748177, 29.3242544077025], [-98.4503577909127, 29.3242541249648], [-98.4500688837342, 29.3240952317232], [-98.449726491762, 29.3238481856251], [-98.4496044700037, 29.3237308387539], [-98.4494236157808, 29.3235176860893], [-98.4493409213673, 29.3234199669506], [-98.4492361607372, 29.323256085682], [-98.4492322018617, 29.3232498920203], [-98.4492269763617, 29.3232446186356], [-98.4491733271763, 29.3231904883009], [-98.4491374098363, 29.323154248146], [-98.4491373640222, 29.3231542019363], [-98.4490962301654, 29.3231124072025], [-98.4490010940852, 29.3230390723353], [-98.4489670236814, 29.3230046460562], [-98.4488769540995, 29.3229354018546], [-98.448777335426, 29.3228628806234], [-98.4486608859174, 29.322776223817], [-98.4485567379383, 29.3226681427621], [-98.4484230264032, 29.322590311111], [-98.4483036995908, 29.322533967832]]]}, "properties": {"FeatClass": "Easement", "Category": "Easement", "Own_Type": "UNK", "Own_Name": "UNK", "Unit_Nm": "San Antonio Missions National Historical Park", "State_Nm": "TX", "GIS_Acres": 1}}, {"type": "Feature", "geometry": {"type": "Polygon", "coordinates": [[[-98.4540884197275, 29.3285966998863], [-98.4541219116163, 29.3285811656359], [-98.4541789986542, 29.3287045812152], [-98.454236595037, 29.3289066607465], [-98.4543156386972, 29.3290790773202], [-98.4544125642214, 29.3292906206988], [-98.4544269938598, 29.3293198031123], [-98.4543934166311, 29.3293349997047], [-98.4543777688772, 29.3293033557979], [-98.4542806538084, 29.3290913957994], [-98.4542006480526, 29.3289168748655], [-98.4541430678395, 29.3287148431281], [-98.4540884197275, 29.3285966998863]]]}, "properties": {"FeatClass": "Easement", "Category": "Easement", "Own_Type": "UNK", "Own_Name": "UNK", "Unit_Nm": "San Antonio Missions National Historical Park", "State_Nm": "TX", "GIS_Acres": 0}}, {"type": "Feature", "geometry": {"type": "Polygon", "coordinates": [[[-98.4545461472974, 29.3312132502376], [-98.4545903138666, 29.3311565099643], [-98.4546117629407, 29.3311875322551], [-98.4545685791283, 29.3312430077187], [-98.4545661105579, 29.3312451488598], [-98.4545029464171, 29.3312999437321], [-98.4544110604416, 29.3313329567533], [-98.4543059350955, 29.3313755782599], [-98.4542189682945, 29.3314422871509], [-98.4541443434472, 29.3315667901966], [-98.4541241026072, 29.3316267756169], [-98.4540776857582, 29.3316479073612], [-98.4541092543539, 29.3315543420134], [-98.4541888702409, 29.3314215116982], [-98.4542852082669, 29.3313476173694], [-98.4543960172539, 29.3313026886829], [-98.4544817551595, 29.3312718849268], [-98.4545394907811, 29.3312218007077], [-98.4545461472974, 29.3312132502376]]]}, "properties": {"FeatClass": "Easement", "Category": "Easement", "Own_Type": "UNK", "Own_Name": "UNK", "Unit_Nm": "San Antonio Missions National Historical Park", "State_Nm": "TX", "GIS_Acres": 0}}, {"type": "Feature", "geometry": {"type": "Polygon", "coordinates": [[[-98.4540710211571, 29.3320436707678], [-98.4540909125524, 29.3319308113668], [-98.4541208929267, 29.3319770210062], [-98.4541065073058, 29.3320586296607], [-98.4538892892802, 29.3322652173791], [-98.4538418231989, 29.3323169918959], [-98.4538069137686, 29.3323550707515], [-98.4537042138738, 29.3324670909357], [-98.4536028569603, 29.3326262969214], [-98.4534383987879, 29.3330940176416], [-98.4534007045803, 29.3331692428234], [-98.4533447655892, 29.3332177942677], [-98.4532568465741, 29.3332941016543], [-98.4531488699752, 29.3333497098882], [-98.4531191492141, 29.3333650163024], [-98.4531016437441, 29.3333357496847], [-98.4531301472881, 29.3333210713422], [-98.4532336915993, 29.3332677459394], [-98.4533182590001, 29.3331943478919], [-98.4533690991536, 29.3331502219532], [-98.4534030366068, 29.3330824921828], [-98.4535680229885, 29.3326132622935], [-98.4536728599754, 29.3324485930747], [-98.4537867888113, 29.3323243236998], [-98.4538220593643, 29.3322858516937], [-98.4538607192609, 29.3322436832259], [-98.4540710211571, 29.3320436707678]]]}, "properties": {"FeatClass": "Easement", "Category": "Easement", "Own_Type": "UNK", "Own_Name": "UNK", "Unit_Nm": "San Antonio Missions National Historical Park", "State_Nm": "TX", "GIS_Acres": 0}}, {"type": "Feature", "geometry": {"type": "Polygon", "coordinates": [[[-98.4503542731101, 29.3311664051144], [-98.4503879132209, 29.331151153974], [-98.4504042472877, 29.3311877828643], [-98.4504305041451, 29.3312543603085], [-98.450491098206, 29.3313366179917], [-98.4505494455803, 29.331463163626], [-98.4505942580382, 29.3315450577587], [-98.4506200082459, 29.331615051072], [-98.4506432530521, 29.3316685183063], [-98.4506610935937, 29.331744877757], [-98.4506678049072, 29.3318157762533], [-98.4506439016358, 29.3319630277224], [-98.4506378478891, 29.3320620927369], [-98.4506071228114, 29.3321534789057], [-98.4505874173674, 29.3322657710629], [-98.4505093331079, 29.3324821030203], [-98.4504490220164, 29.3326147902051], [-98.4504335620103, 29.3326790540984], [-98.4503926590205, 29.3327596409744], [-98.4503742839814, 29.3328268227604], [-98.4503784782154, 29.3328964416357], [-98.4503875565897, 29.332918956926], [-98.45046526715, 29.3331116766437], [-98.4504911907324, 29.3331607629991], [-98.4505212007511, 29.333217585953], [-98.4505931953313, 29.3333539020212], [-98.4506674240215, 29.3334157776651], [-98.4506975966353, 29.333440928878], [-98.4508968160158, 29.3335784420617], [-98.4510749240889, 29.3337483016349], [-98.4511124682779, 29.3337841057353], [-98.4513086783022, 29.3338357690591], [-98.4514113054336, 29.3338627918568], [-98.4517705489022, 29.3340470903411], [-98.4517705794449, 29.3340471067868], [-98.4518199113271, 29.3340745516364], [-98.4518028810659, 29.3340846227079], [-98.451760453635, 29.3340610199051], [-98.4517488006892, 29.3340740833237], [-98.4513960753962, 29.3338932439866], [-98.4510917279746, 29.3338131067422], [-98.4508711313852, 29.3336027247375], [-98.4506729100329, 29.3334658999634], [-98.4505620300791, 29.3333734757482], [-98.450430344245, 29.3331241332513], [-98.4503475105926, 29.3329187118031], [-98.4503411532154, 29.3329029417026], [-98.4503363849578, 29.3328237841726], [-98.4503568386985, 29.3327489988616], [-98.4503975305843, 29.3326688333079], [-98.4504128351818, 29.332605210019], [-98.4504738352812, 29.3324710058721], [-98.4505506313565, 29.3322582426853], [-98.4505702793084, 29.3321462770919], [-98.4506004725834, 29.3320564720906], [-98.4506063772098, 29.3319598183827], [-98.4506299193584, 29.3318148059318], [-98.4506237416442, 29.3317495703885], [-98.4506069647079, 29.3316777649585], [-98.4505844592151, 29.3316259979486], [-98.4505591914028, 29.3315573109385], [-98.4505149673414, 29.3314764936489], [-98.4504575137908, 29.3313518847674], [-98.4503963897239, 29.3312689097282], [-98.450368892293, 29.3311991840158], [-98.4503542731101, 29.3311664051144]]]}, "properties": {"FeatClass": "Easement", "Category": "Easement", "Own_Type": "UNK", "Own_Name": "UNK", "Unit_Nm": "San Antonio Missions National Historical Park", "State_Nm": "TX", "GIS_Acres": 0}}, {"type": "Feature", "geometry": {"type": "Polygon", "coordinates": [[[-98.4537686338594, 29.3360791490503], [-98.453783685132, 29.336309048989], [-98.4537271909821, 29.3367023462969], [-98.4538066442741, 29.3370974330563], [-98.4538143500226, 29.3375605301755], [-98.4538504667886, 29.3376707732594], [-98.4542730810106, 29.3381736249899], [-98.4544854454387, 29.3388892107203], [-98.4544981161758, 29.3388926837448], [-98.4545926387066, 29.3389185798954], [-98.4546494266056, 29.3389267373891], [-98.454764841255, 29.3389039579565], [-98.4548570587088, 29.3388964018777], [-98.4549169314225, 29.3388927127192], [-98.4549253800777, 29.3389272440511], [-98.4546183754395, 29.3389746298589], [-98.4544585103532, 29.3389352699842], [-98.4544489729398, 29.3388484388926], [-98.4544378050842, 29.3388129678198], [-98.4543964574283, 29.3386816418918], [-98.4543598106563, 29.3385652510231], [-98.4543722532213, 29.3385620293617], [-98.4543535413139, 29.338499570301], [-98.4543436679307, 29.3384666159833], [-98.4543113483434, 29.3383587363688], [-98.4542764496929, 29.3382446529258], [-98.4542566939432, 29.3381813839452], [-98.454085808325, 29.3379788889569], [-98.4540020512045, 29.337879413864], [-98.4539177883326, 29.3377789261218], [-98.4538342953168, 29.3376791172315], [-98.4537964367175, 29.337563672775], [-98.453796295682, 29.3375561432223], [-98.4537918696826, 29.3372978193228], [-98.4537900146615, 29.3371797682519], [-98.4537886070014, 29.337090688927], [-98.453771971999, 29.3370172192365], [-98.4537538448949, 29.3369255860488], [-98.4537451743558, 29.3368817452108], [-98.4537402839274, 29.3368570271235], [-98.4537087907901, 29.336705279049], [-98.4537168226271, 29.3366484862309], [-98.4537408624424, 29.336477769282], [-98.4537568362848, 29.3363637299378], [-98.4537646049154, 29.3363082643083], [-98.4537514850206, 29.336083077161], [-98.4537686338594, 29.3360791490503]]]}, "properties": {"FeatClass": "Easement", "Category": "Easement", "Own_Type": "UNK", "Own_Name": "UNK", "Unit_Nm": "San Antonio Missions National Historical Park", "State_Nm": "TX", "GIS_Acres": 0}}, {"type": "Feature", "geometry": {"type": "Polygon", "coordinates": [[[-98.4553639411927, 29.3391799357371], [-98.4553547658004, 29.3391395790647], [-98.4554047067403, 29.3391603678235], [-98.4554478043144, 29.3391723608845], [-98.455493430646, 29.3391890399684], [-98.4555778830625, 29.3392070236811], [-98.4556332938441, 29.3392197152547], [-98.4557194270085, 29.3392604156726], [-98.4557639430224, 29.3393010988463], [-98.4557925328047, 29.3393479621586], [-98.4558203203913, 29.3394038677972], [-98.4558476022265, 29.3394709277415], [-98.4558728242247, 29.339515647659], [-98.4559011840383, 29.3395603080421], [-98.4559356407176, 29.3396009558571], [-98.4559657279914, 29.3396558762314], [-98.455967157211, 29.3397252343737], [-98.4559381793566, 29.3398045979789], [-98.4559124722681, 29.3398929450954], [-98.4558605119155, 29.3399569287547], [-98.4558415089539, 29.3399942991962], [-98.4558281195646, 29.3400050282582], [-98.4557973729274, 29.3400296641413], [-98.4557539447733, 29.3400826923503], [-98.4557219449863, 29.3401197181883], [-98.4556432435842, 29.3401603649971], [-98.4556043914482, 29.340190437016], [-98.4555955403477, 29.3402023939339], [-98.4555854881996, 29.3401610321853], [-98.4556210111792, 29.3401335380738], [-98.4556964085777, 29.3400945960311], [-98.4557236248358, 29.3400631050329], [-98.4557598556879, 29.3400188653872], [-98.4557690580296, 29.34000762967], [-98.4558102969894, 29.3399745857849], [-98.4558276398643, 29.3399404823731], [-98.4558777092633, 29.3398788268212], [-98.4559019592844, 29.3397954851887], [-98.45592938485, 29.3397203753116], [-98.4559282152435, 29.3396636679637], [-98.4559032492651, 29.3396180929779], [-98.4558694708138, 29.3395782478363], [-98.4558394643883, 29.339530992302], [-98.4558128589846, 29.3394838236687], [-98.4557852726205, 29.339416011183], [-98.4557586034364, 29.3393623522389], [-98.4557331676391, 29.3393206620343], [-98.4556963358141, 29.3392870016335], [-98.4556193942117, 29.3392506426873], [-98.4555686708392, 29.3392390263027], [-98.4554816591225, 29.3392204983467], [-98.4554348272518, 29.3392033768209], [-98.4553908601085, 29.339191141788], [-98.4553639411927, 29.3391799357371]]]}, "properties": {"FeatClass": "Easement", "Category": "Easement", "Own_Type": "UNK", "Own_Name": "UNK", "Unit_Nm": "San Antonio Missions National Historical Park", "State_Nm": "TX", "GIS_Acres": 0}}, {"type": "Feature", "geometry": {"type": "Polygon", "coordinates": [[[-98.4551897111467, 29.3405911053743], [-98.4552744501258, 29.3404767393877], [-98.4552773238364, 29.3404895858535], [-98.4552873481366, 29.3405344008601], [-98.4552910770434, 29.3405510656257], [-98.455131431146, 29.3407196606527], [-98.4549658069605, 29.3408855811853], [-98.4547660575739, 29.3412297149606], [-98.4547068100876, 29.3414949457941], [-98.454696471377, 29.3415412278398], [-98.4546905901069, 29.3415675571406], [-98.4546488076664, 29.3415919718192], [-98.4545961349497, 29.3415920250682], [-98.4545807701651, 29.3414816499701], [-98.4546501353764, 29.3414790830514], [-98.4546520910087, 29.3414790102254], [-98.4546560813252, 29.3414256233113], [-98.454658100738, 29.3413986017352], [-98.4547257780149, 29.3411847600889], [-98.4547357681791, 29.3411615669131], [-98.4548384456161, 29.3409634043544], [-98.4549140199827, 29.3408523480796], [-98.4550730568222, 29.3407055503238], [-98.4551738495937, 29.3406125116883], [-98.4551897111467, 29.3405911053743]]]}, "properties": {"FeatClass": "Easement", "Category": "Easement", "Own_Type": "UNK", "Own_Name": "UNK", "Unit_Nm": "San Antonio Missions National Historical Park", "State_Nm": "TX", "GIS_Acres": 0}}, {"type": "Feature", "geometry": {"type": "Polygon", "coordinates": [[[-98.4655021038088, 29.3520213510856], [-98.4659007653521, 29.3516833376327], [-98.4659208480886, 29.3516832491541], [-98.4659287541614, 29.3516832123533], [-98.4659317168052, 29.3516640798374], [-98.4659992180123, 29.3512279819959], [-98.4660051100622, 29.3511582339176], [-98.4660087150015, 29.3511155478634], [-98.4660638041863, 29.350818282801], [-98.466076294362, 29.3508192333666], [-98.4660763249047, 29.3508192341496], [-98.4660951113722, 29.3508206623469], [-98.4661396893699, 29.3505251401768], [-98.4662198972467, 29.3503732973497], [-98.4659808366849, 29.3498641642087], [-98.46582397287, 29.3495790869999], [-98.4656840719426, 29.3494604127806], [-98.4656027806976, 29.3494134280529], [-98.4652264970863, 29.3492012961027], [-98.465205226777, 29.3491893057879], [-98.4648959520961, 29.3490033919115], [-98.4648067466934, 29.3489634462978], [-98.4646698533256, 29.3488646913398], [-98.4646603572347, 29.3488576621875], [-98.4643460618696, 29.3486250217943], [-98.4643228080802, 29.348607810235], [-98.46400669183, 29.3484167876493], [-98.4638617253027, 29.3482927021751], [-98.4637141141352, 29.3481834258682], [-98.463303654119, 29.34787955996], [-98.4626938983654, 29.3475709151095], [-98.4623926285719, 29.3474062160235], [-98.4623528628492, 29.3473829216867], [-98.461719433793, 29.3470118520258], [-98.4612617906647, 29.3467718006999], [-98.4601060658309, 29.3462768710977], [-98.4597734151896, 29.3460471118795], [-98.4593220728448, 29.3457353708123], [-98.4587918835708, 29.3453760486545], [-98.4581095017214, 29.3449110591779], [-98.4580591915739, 29.3448624169876], [-98.4579905090823, 29.3447953449295], [-98.4578910017999, 29.3446775742602], [-98.4577908540188, 29.34460097392], [-98.4577272173641, 29.3445312267869], [-98.4576665217936, 29.3444579997239], [-98.4576180531924, 29.3443745451608], [-98.4575639018488, 29.3442421653609], [-98.4575220897639, 29.3441450972246], [-98.4574985359371, 29.3440822148202], [-98.4574601940442, 29.3440301792567], [-98.4574411596416, 29.3440124133012], [-98.4574331008552, 29.3440048897063], [-98.4574203878973, 29.3439930217198], [-98.4573988732463, 29.3439729379135], [-98.4573645459243, 29.3439408937101], [-98.4573153155518, 29.3439050367968], [-98.4573117788845, 29.3438963018061], [-98.4573296670368, 29.3438417721126], [-98.457347355763, 29.3438854549122], [-98.4573904156079, 29.3439168202235], [-98.457424934271, 29.3439490406221], [-98.4574464480237, 29.3439691252161], [-98.4574601643998, 29.3439819281736], [-98.4574705749756, 29.3439916451084], [-98.4574899920605, 29.3440097697067], [-98.4575328120551, 29.3440678857014], [-98.457557622625, 29.3441341203701], [-98.4575992550468, 29.3442307703663], [-98.4576527057045, 29.3443614423434], [-98.4576987470578, 29.3444407130708], [-98.457757185162, 29.3445112159105], [-98.4578181699899, 29.3445780548063], [-98.4579188486754, 29.3446550639161], [-98.4580197303801, 29.344774461005], [-98.458087142654, 29.3448402919443], [-98.458211420082, 29.3449595032339], [-98.4588035140588, 29.3453629819859], [-98.4593337168075, 29.3457223370775], [-98.4598317535808, 29.3460663691703], [-98.4601161251654, 29.3462628053882], [-98.461270737885, 29.3467572683704], [-98.4617294643814, 29.3469978858629], [-98.4623055683462, 29.3473353722197], [-98.4624027983993, 29.3473923297836], [-98.46270354178, 29.3475567399548], [-98.4633144608519, 29.3478659736834], [-98.463822557858, 29.3482421228347], [-98.4638743151914, 29.3482804392616], [-98.4640186187621, 29.3484039586262], [-98.4643341690736, 29.3485946382731], [-98.464366300913, 29.3486184217203], [-98.4646812789977, 29.3488515703073], [-98.4646818251734, 29.3488519743447], [-98.4648170602512, 29.3489495289494], [-98.4649055326286, 29.3489891488336], [-98.4652156023186, 29.3491755333282], [-98.4652387779546, 29.3491885987249], [-98.4656130241868, 29.349399571058], [-98.465695865924, 29.3494474609557], [-98.4658394409609, 29.3495692507971], [-98.465998034931, 29.3498574318862], [-98.4662404462088, 29.3503737021641], [-98.4661579808657, 29.3505298162836], [-98.4661138511274, 29.3508223426711], [-98.4661232600816, 29.3508232047573], [-98.4661263511846, 29.3508234889874], [-98.4660636020653, 29.3511626938873], [-98.4660517487951, 29.3512267691293], [-98.4660283467837, 29.3515571757128], [-98.4660212357199, 29.3516034782447], [-98.4660071016272, 29.3516485271781], [-98.4659861987289, 29.3516915058496], [-98.4659589043173, 29.3517316430108], [-98.4659257115675, 29.3517682096963], [-98.4658872205542, 29.3518005458446], [-98.4657578838146, 29.3518953641921], [-98.4657142840823, 29.3520612453889], [-98.4656615511784, 29.3520023501761], [-98.4650449439742, 29.3525301383276], [-98.4648612151424, 29.3527004713464], [-98.4647904548474, 29.3527721868006], [-98.4646608216637, 29.3529035689557], [-98.4646060397028, 29.3531213463513], [-98.4646196896035, 29.3534668716662], [-98.4646586639104, 29.3544533458521], [-98.4650414980367, 29.3555894409286], [-98.4649843858459, 29.3556080058399], [-98.4647731200574, 29.3549460363724], [-98.4646385066138, 29.354500780815], [-98.4645578181383, 29.3541131011521], [-98.4645166977562, 29.3538022671806], [-98.4645615614181, 29.3532619766653], [-98.4646052330156, 29.3529645573533], [-98.4647754323209, 29.3526998269469], [-98.4654160290349, 29.3521019273676], [-98.4655021038088, 29.3520213510856]]]}, "properties": {"FeatClass": "Easement", "Category": "Easement", "Own_Type": "UNK", "Own_Name": "UNK", "Unit_Nm": "San Antonio Missions National Historical Park", "State_Nm": "TX", "GIS_Acres": 2}}, {"type": "Feature", "geometry": {"type": "Polygon", "coordinates": [[[-98.4653888262515, 29.3556669506441], [-98.465388881947, 29.3556669537759], [-98.4654961919959, 29.3556727297135], [-98.4657329807182, 29.355685477176], [-98.4657368928813, 29.3556856870107], [-98.4658563131186, 29.3557465672595], [-98.4658467658237, 29.3557494853702], [-98.4657902393345, 29.3557667607092], [-98.4657461051046, 29.3557802511935], [-98.4656951571532, 29.3557574551709], [-98.465465013269, 29.3557491353848], [-98.4654391983827, 29.3557212868807], [-98.4653959247388, 29.3556746096139], [-98.4653888262515, 29.3556669506441]]]}, "properties": {"FeatClass": "Easement", "Category": "Easement", "Own_Type": "UNK", "Own_Name": "UNK", "Unit_Nm": "San Antonio Missions National Historical Park", "State_Nm": "TX", "GIS_Acres": 0}}, {"type": "Feature", "geometry": {"type": "Polygon", "coordinates": [[[-98.4463961657126, 29.3200947419124], [-98.4464319249491, 29.3200800640138], [-98.4464403457565, 29.3200880929969], [-98.4465192016688, 29.3201632768617], [-98.446553133732, 29.3201956293019], [-98.4466171126449, 29.3202566286541], [-98.4469266604137, 29.3204991070037], [-98.4470439875763, 29.3206132776589], [-98.4470486255781, 29.3206177906585], [-98.4470488726148, 29.3206182629491], [-98.4472221136157, 29.3209490037159], [-98.4473862025804, 29.3212425478191], [-98.4474443163928, 29.3213309846425], [-98.4474465909271, 29.3213344472998], [-98.4481427376616, 29.3223938410271], [-98.4481693852862, 29.3224121550885], [-98.4481978088801, 29.3224316886217], [-98.4481976912008, 29.3224316886217], [-98.4481302088583, 29.3224315742714], [-98.4481139259955, 29.3224161017398], [-98.448111246321, 29.3224120250738], [-98.4474030370089, 29.3213343650607], [-98.4474007220504, 29.3213308420947], [-98.4473530331869, 29.3212582727289], [-98.4471880486018, 29.3209631520244], [-98.4470167273007, 29.3206361316687], [-98.4470146117682, 29.3206340741109], [-98.4470094024379, 29.3206290050153], [-98.446899966975, 29.3205225116538], [-98.4465905737164, 29.3202801477124], [-98.4465161896177, 29.3202092083008], [-98.4464831621579, 29.3201777103779], [-98.4464037007811, 29.3201019281293], [-98.4463961657126, 29.3200947419124]]]}, "properties": {"FeatClass": "Easement", "Category": "Easement", "Own_Type": "UNK", "Own_Name": "UNK", "Unit_Nm": "San Antonio Missions National Historical Park", "State_Nm": "TX", "GIS_Acres": 0}}, {"type": "Feature", "geometry": {"type": "Polygon", "coordinates": [[[-98.4527403512183, 29.3266578442583], [-98.452774677642, 29.3266423183277], [-98.4527918848712, 29.3266643173113], [-98.452898804153, 29.326775438382], [-98.4530860921099, 29.3269875316366], [-98.4532964002943, 29.327207963797], [-98.45344294067, 29.3273697241217], [-98.453606967651, 29.3275416882653], [-98.4536758109411, 29.3276138600038], [-98.4537714985868, 29.3277548380026], [-98.4537848583318, 29.3278038031944], [-98.4537818660436, 29.3278578848732], [-98.4537886653919, 29.3278883043364], [-98.4537538062673, 29.3279041879901], [-98.4537439966644, 29.3278602908], [-98.4537469494268, 29.3278069006701], [-98.45373617144, 29.3277673947285], [-98.4536449583027, 29.3276330032998], [-98.4535725981082, 29.3275571427895], [-98.4534137202704, 29.3273905732359], [-98.4532671807931, 29.3272288121611], [-98.4530567270816, 29.3270082210591], [-98.4528694912269, 29.3267961803211], [-98.4527619269548, 29.326684385731], [-98.4527403512183, 29.3266578442583]]]}, "properties": {"FeatClass": "Easement", "Category": "Easement", "Own_Type": "UNK", "Own_Name": "UNK", "Unit_Nm": "San Antonio Missions National Historical Park", "State_Nm": "TX", "GIS_Acres": 0}}, {"type": "Feature", "geometry": {"type": "Polygon", "coordinates": [[[-98.4412390849901, 29.3240406569774], [-98.4409804501384, 29.3238384918332], [-98.4406195726342, 29.3235825000478], [-98.4404684966647, 29.3234415530926], [-98.4402991893864, 29.3231878942923], [-98.440210870621, 29.3229823212483], [-98.440140463364, 29.3227458537382], [-98.4402154798767, 29.3227363579958], [-98.4402342340049, 29.3227339840601], [-98.4403007290988, 29.3229573068685], [-98.4403848796814, 29.3231531782737], [-98.4404759230371, 29.3232971511843], [-98.4405490045787, 29.323394600232], [-98.4406790186481, 29.3235173469582], [-98.4406811207059, 29.323519331619], [-98.4406840285525, 29.3235220783457], [-98.4410413271685, 29.3237755311138], [-98.4413234197273, 29.323996873256], [-98.4413319177899, 29.3240256929922], [-98.4413654599843, 29.3241394406841], [-98.4412390849901, 29.3240406569774]]]}, "properties": {"FeatClass": "Easement", "Category": "Easement", "Own_Type": "UNK", "Own_Name": "UNK", "Unit_Nm": "San Antonio Missions National Historical Park", "State_Nm": "TX", "GIS_Acres": 0}}, {"type": "Feature", "geometry": {"type": "Polygon", "coordinates": [[[-98.4412390849901, 29.3240406569774], [-98.4413654599843, 29.3241394406841], [-98.4414366676402, 29.3243809260974], [-98.4415280550507, 29.3245303076545], [-98.4415893183564, 29.3249222962384], [-98.4415935916423, 29.3250697699089], [-98.4416477663421, 29.3252915000589], [-98.4418513371619, 29.3253742630157], [-98.4417326562381, 29.3254169700317], [-98.4415655273745, 29.3253490213118], [-98.4414996916439, 29.3250795552183], [-98.4414953276283, 29.3249289738173], [-98.4414370718821, 29.3245562239003], [-98.4413483398916, 29.3244111797749], [-98.4412390849901, 29.3240406569774]]]}, "properties": {"FeatClass": "Easement", "Category": "Easement", "Own_Type": "UNK", "Own_Name": "UNK", "Unit_Nm": "San Antonio Missions National Historical Park", "State_Nm": "TX", "GIS_Acres": 0}}, {"type": "Feature", "geometry": {"type": "Polygon", "coordinates": [[[-98.4470722117442, 29.3300875242361], [-98.4470775881612, 29.3300828573725], [-98.4470786032575, 29.3300819739655], [-98.44708395003, 29.3300773313796], [-98.4470905472575, 29.3300716056801], [-98.4472608732253, 29.3295884928493], [-98.4472608867, 29.3295884646553], [-98.4472632492692, 29.3295841071194], [-98.4472637226813, 29.3295832307566], [-98.4475305151342, 29.329091763106], [-98.4475991581, 29.3289510618483], [-98.4475887627955, 29.3289577289821], [-98.4475809348762, 29.328962748324], [-98.4475926740603, 29.3288294549111], [-98.4475489279026, 29.3285230470778], [-98.4475250911065, 29.3284283197639], [-98.4474500242881, 29.3283096021223], [-98.4471769957305, 29.3278487287234], [-98.4470205038182, 29.3276099182528], [-98.4467976928816, 29.3272406210109], [-98.4466188383085, 29.3269769186826], [-98.4464874552067, 29.3268046113338], [-98.4463472749032, 29.3266354638604], [-98.4460620454275, 29.3263351763387], [-98.4459957470645, 29.3262711708166], [-98.4459163440783, 29.3261851473755], [-98.4457865887237, 29.3260196806671], [-98.4456312421633, 29.3257804578689], [-98.4455139060175, 29.3255672421326], [-98.4454153168134, 29.3253304673357], [-98.4452844529377, 29.3250161801684], [-98.4452725233108, 29.3249875267508], [-98.4452483676128, 29.3249547732647], [-98.4451649042414, 29.3249042622309], [-98.4451298600639, 29.3248830539018], [-98.4450943469657, 29.3248764201793], [-98.4449471894475, 29.324848933694], [-98.4448620821591, 29.3248330362501], [-98.4446074277424, 29.3248792647697], [-98.4445564582315, 29.3248885183031], [-98.4445475226893, 29.3248888660449], [-98.4444489703162, 29.324892702952], [-98.44420565174, 29.3249021789136], [-98.4440538472368, 29.3249293223421], [-98.4440370074184, 29.324946194074], [-98.4439748296277, 29.3250084883497], [-98.4439425450747, 29.3250157689878], [-98.4440233952469, 29.3249347648113], [-98.4440438202416, 29.3249143013136], [-98.4442033322899, 29.3248857833613], [-98.444554140578, 29.3248721227487], [-98.4448621603126, 29.324816209142], [-98.4451374885573, 29.3248676373493], [-98.4452621711254, 29.3249430918121], [-98.4452895113511, 29.3249801646577], [-98.4453015137416, 29.3250089911649], [-98.4454316221341, 29.3253214691652], [-98.4455312929098, 29.3255608418473], [-98.4456479346579, 29.3257727950861], [-98.445802567956, 29.3260109198651], [-98.4459314519447, 29.3261752760211], [-98.4460066121879, 29.3262567060518], [-98.4460235876518, 29.326248925826], [-98.4460904905809, 29.3263135179722], [-98.4463770262071, 29.3266151839701], [-98.4465183680322, 29.326785734166], [-98.4466507096365, 29.3269593009102], [-98.4468305604412, 29.327224470188], [-98.4470535043284, 29.3275939883455], [-98.4472100582246, 29.3278328959677], [-98.4474832332075, 29.3282940161386], [-98.4475607030193, 29.3284165368963], [-98.4475860947991, 29.3285174411167], [-98.4476305919484, 29.3288291189304], [-98.4476175052914, 29.3289383431517], [-98.4476173813239, 29.3289393761543], [-98.4476155478624, 29.3289594441263], [-98.4476147789045, 29.3289610222155], [-98.4476114192053, 29.3289679102029], [-98.4475480152142, 29.3290979407496], [-98.4472807161116, 29.3295903152766], [-98.4472802391061, 29.3295911939888], [-98.4472784478655, 29.3295944958166], [-98.4471093516913, 29.3300711671092], [-98.4471134722636, 29.3302066736792], [-98.4471706841673, 29.3302572329925], [-98.4474636589175, 29.3303222267107], [-98.4475970533473, 29.3302750350211], [-98.4476638682415, 29.3301594333801], [-98.4477702179913, 29.32981440702], [-98.4480419260255, 29.3293925938611], [-98.4480419772294, 29.329392513978], [-98.4480420419081, 29.3293924137326], [-98.4481868431454, 29.3291676162095], [-98.4484674930098, 29.3288349598259], [-98.4486574552514, 29.3286097906329], [-98.4488709803028, 29.3285722006455], [-98.4492552634117, 29.3287132047307], [-98.4494059072916, 29.3288202017353], [-98.4496925040032, 29.3291866323404], [-98.4499360785993, 29.3296417771022], [-98.4499026019819, 29.3296569767793], [-98.4499022866732, 29.3296563776577], [-98.4496596966307, 29.3292030749746], [-98.4493779301604, 29.3288428173884], [-98.4492357349357, 29.3287418202925], [-98.4488670789196, 29.3286065506439], [-98.4486791091413, 29.3286396428544], [-98.4484943050261, 29.3288586946281], [-98.4482185042676, 29.3291856048226], [-98.4480563350026, 29.3294373667558], [-98.4480562730188, 29.3294374623022], [-98.4480562200182, 29.3294375437516], [-98.4478053439156, 29.3298270183138], [-98.4476992169479, 29.330171316291], [-98.4476242633173, 29.3303009991462], [-98.4474663493718, 29.330356866672], [-98.4471513380494, 29.3302869829208], [-98.4470762613495, 29.3302206350944], [-98.4470722117442, 29.3300875242361]]]}, "properties": {"FeatClass": "Easement", "Category": "Easement", "Own_Type": "UNK", "Own_Name": "UNK", "Unit_Nm": "San Antonio Missions National Historical Park", "State_Nm": "TX", "GIS_Acres": 1}}, {"type": "Feature", "geometry": {"type": "Polygon", "coordinates": [[[-98.4402342340049, 29.3227339840601], [-98.4402529899297, 29.3227316109075], [-98.4403187007944, 29.322952298196], [-98.4404020177404, 29.3231462389847], [-98.4404920531864, 29.3232886243295], [-98.44056387529, 29.3233843957417], [-98.4406984438178, 29.3235114470172], [-98.4406811207059, 29.323519331619], [-98.4406790186481, 29.3235173469582], [-98.4405490045787, 29.323394600232], [-98.4404759230371, 29.3232971511843], [-98.4403848796814, 29.3231531782737], [-98.4403007290988, 29.3229573068685], [-98.4402342340049, 29.3227339840601]]]}, "properties": {"FeatClass": "Easement", "Category": "Easement", "Own_Type": "UNK", "Own_Name": "UNK", "Unit_Nm": "San Antonio Missions National Historical Park", "State_Nm": "TX", "GIS_Acres": 0}}, {"type": "Feature", "geometry": {"type": "Polygon", "coordinates": [[[-98.4439425450747, 29.3250157689878], [-98.4439748296277, 29.3250084883497], [-98.4439567186933, 29.3250266327702], [-98.4436350822957, 29.3253488756368], [-98.4431851188648, 29.3255103640079], [-98.4428503616742, 29.3255812159309], [-98.4427782009057, 29.3255817939301], [-98.442777523576, 29.3255652966715], [-98.442848035936, 29.3255647312033], [-98.4431793076633, 29.3254946178241], [-98.4436238335917, 29.3253350811593], [-98.4439425450747, 29.3250157689878]]]}, "properties": {"FeatClass": "Easement", "Category": "Easement", "Own_Type": "UNK", "Own_Name": "UNK", "Unit_Nm": "San Antonio Missions National Historical Park", "State_Nm": "TX", "GIS_Acres": 0}}, {"type": "Feature", "geometry": {"type": "Polygon", "coordinates": [[[-98.4679619336018, 29.3582030411658], [-98.4675422640573, 29.3578135513211], [-98.4672795382777, 29.3578145323564], [-98.4669467169565, 29.3577524272444], [-98.4666572510259, 29.3575029760535], [-98.4665163296123, 29.3571473682332], [-98.4664919098096, 29.3566513036319], [-98.4665071578133, 29.3565579319211], [-98.4665200225865, 29.3564791521404], [-98.4664752667224, 29.3563536131323], [-98.4663320528082, 29.3561649633502], [-98.4661593130673, 29.3560027609322], [-98.4660189980165, 29.3559565253857], [-98.4658627648189, 29.3558880888774], [-98.4658938339513, 29.355878636936], [-98.4659559713179, 29.3558597338335], [-98.4660183215851, 29.3558407626096], [-98.4660297463589, 29.3558372878138], [-98.4661185852489, 29.3558102677103], [-98.4663974672289, 29.3560260517324], [-98.4665955915631, 29.3563306763052], [-98.4665934050637, 29.3563404179001], [-98.4666114782689, 29.3566229260946], [-98.466603079021, 29.3567564838197], [-98.4665939638158, 29.3569014138087], [-98.4666076325812, 29.357176790085], [-98.4667335808756, 29.3574409819307], [-98.4668415709491, 29.3575024068477], [-98.4669122162597, 29.3575901553227], [-98.4669475020841, 29.3576061831089], [-98.466968124708, 29.3576275106854], [-98.4670034482617, 29.3576315937726], [-98.4671975346687, 29.3577197500532], [-98.4675234614201, 29.3577165329121], [-98.4677823936142, 29.3578179452317], [-98.4678136540878, 29.3578301882065], [-98.4679576279767, 29.3579060199244], [-98.4680486362981, 29.3581372572242], [-98.4680568909173, 29.3581582300147], [-98.4680591304172, 29.3581614267853], [-98.4681644551894, 29.3582773591722], [-98.4681834931852, 29.3583446400142], [-98.4682166949181, 29.3587048481385], [-98.4681906347917, 29.3587690000627], [-98.4681217160431, 29.3588354428327], [-98.4680302603606, 29.3588868413509], [-98.4679904308576, 29.3589399309946], [-98.4679869750387, 29.3590149546752], [-98.4679212408178, 29.3592644882864], [-98.4678998483376, 29.3594057670039], [-98.4679240408665, 29.3596948566583], [-98.4679580852191, 29.3598258008374], [-98.4680369168769, 29.3600270858456], [-98.4680685788974, 29.3600856562], [-98.4680598517644, 29.360110439117], [-98.4679972670369, 29.3602881730268], [-98.4680972971387, 29.360534240627], [-98.4682228097502, 29.3605581739579], [-98.468242331938, 29.3606308421835], [-98.4684812164299, 29.3606838447962], [-98.4684826357681, 29.3606972923511], [-98.4684863188607, 29.3607321380771], [-98.4684872010063, 29.360740480161], [-98.4684896947296, 29.3607640760022], [-98.4680505667776, 29.360664893261], [-98.4680373642379, 29.3606465007325], [-98.4679981186398, 29.3605918320299], [-98.4678611031011, 29.3604009681441], [-98.467829120382, 29.3603564147609], [-98.467860926133, 29.3602185086617], [-98.4678855318869, 29.3601118209911], [-98.4678973869537, 29.360060412913], [-98.4678663321943, 29.3600341259713], [-98.4676980813349, 29.3598917113064], [-98.4677058293042, 29.3594428398434], [-98.4677264860642, 29.3592925558273], [-98.46783452824, 29.358814827203], [-98.4680743712344, 29.3585585928434], [-98.4681112821111, 29.3585066821143], [-98.4680474038095, 29.3583177090486], [-98.4679626962715, 29.3582040621276], [-98.4679619336018, 29.3582030411658]]]}, "properties": {"FeatClass": "Easement", "Category": "Easement", "Own_Type": "UNK", "Own_Name": "UNK", "Unit_Nm": "San Antonio Missions National Historical Park", "State_Nm": "TX", "GIS_Acres": 2}}, {"type": "Feature", "geometry": {"type": "Polygon", "coordinates": [[[-93.8727809122482, 29.731661186705], [-93.874567894012, 29.7306298647523], [-93.8745916598411, 29.7306613279665], [-93.8755650221807, 29.7319499679944], [-93.8764626286941, 29.732432931889], [-93.8754606424363, 29.7343811918122], [-93.8749554415986, 29.7341435210487], [-93.8741555089061, 29.7337275063477], [-93.8737072181383, 29.7334073770384], [-93.8734675763665, 29.7326395162058], [-93.8733555303995, 29.7324635910835], [-93.8731955548204, 29.7322714740698], [-93.873035581038, 29.7320793917909], [-93.8728532311202, 29.7317799467019], [-93.8727809122482, 29.731661186705]]]}, "properties": {"FeatClass": "Designation", "Category": "Designation", "Own_Type": "STAT", "Own_Name": "OTHS", "Unit_Nm": "Sabine Pass Battleground State Historic Site", "State_Nm": "TX", "GIS_Acres": 19}}, {"type": "Feature", "geometry": {"type": "Polygon", "coordinates": [[[-106.451835399664, 31.7668011949205], [-106.451562350445, 31.7655966149152], [-106.451806862883, 31.7656297848191], [-106.452052549418, 31.7656558769919], [-106.45229912798, 31.7656748547793], [-106.4525463156, 31.7656867021469], [-106.452793832004, 31.7656914038223], [-106.453041392425, 31.7656889536965], [-106.453288713894, 31.7656793571153], [-106.453535515238, 31.7656626201864], [-106.453781511692, 31.7656387673462], [-106.454026426575, 31.765607820738], [-106.454269974221, 31.7655698208339], [-106.454511880646, 31.7655248081043], [-106.454751867371, 31.7654728360018], [-106.454989657715, 31.7654139602689], [-106.455224984878, 31.7653482519221], [-106.45545757757, 31.7652757842675], [-106.45568716899, 31.7651966397753], [-106.456550837152, 31.7648687047573], [-106.458043723068, 31.7677385047861], [-106.457890501023, 31.7678276650467], [-106.454320473913, 31.7693854407538], [-106.451207619214, 31.7692146152998], [-106.451223528378, 31.7684510008757], [-106.451592988387, 31.767386198642], [-106.451798160004, 31.7670908183131], [-106.451835399664, 31.7668011949205]]]}, "properties": {"FeatClass": "Fee", "Category": "Fee", "Own_Type": "FED", "Own_Name": "NPS", "Unit_Nm": "Chamizal National Memorial", "State_Nm": "TX", "GIS_Acres": 55}}, {"type": "Feature", "geometry": {"type": "Polygon", "coordinates": [[[-106.476514623225, 31.7623217841046], [-106.477172330151, 31.761989007192], [-106.477694324993, 31.7625139081032], [-106.476928874132, 31.7629008586776], [-106.476696260779, 31.7626668658428], [-106.476514623225, 31.7623217841046]]]}, "properties": {"FeatClass": "Fee", "Category": "Fee", "Own_Type": "STAT", "Own_Name": "OTHS", "Unit_Nm": "Magoffin Home State Historic Site", "State_Nm": "TX", "GIS_Acres": 2}}, {"type": "Feature", "geometry": {"type": "Polygon", "coordinates": [[[-106.491574295059, 31.7594936948199], [-106.491611337988, 31.7594919411212], [-106.492146947696, 31.7600943010767], [-106.491450355397, 31.7605512706944], [-106.490929121428, 31.7599702528194], [-106.490919802306, 31.7599321497784], [-106.490953629266, 31.7598947570583], [-106.491072401818, 31.7598147990962], [-106.491574295059, 31.7594936948199]]]}, "properties": {"FeatClass": "Fee", "Category": "Fee", "Own_Type": "LOC", "Own_Name": "CITY", "Unit_Nm": "Cleveland Square", "State_Nm": "TX", "GIS_Acres": 2}}, {"type": "Feature", "geometry": {"type": "Polygon", "coordinates": [[[-103.886152177753, 30.6041390437461], [-103.886273009244, 30.6022995047151], [-103.886408774327, 30.6002324887998], [-103.88641239903, 30.6001773020482], [-103.886428292922, 30.5999803659752], [-103.886450075271, 30.5997838501333], [-103.886458904812, 30.5997137469403], [-103.886380377683, 30.5997063449049], [-103.886574590752, 30.5981646439516], [-103.886700312671, 30.5971666123317], [-103.886706724846, 30.5971227232006], [-103.886714877955, 30.5970790521035], [-103.886724762119, 30.5970356493016], [-103.886736362064, 30.5969925650558], [-103.88674966791, 30.596949851947], [-103.88676466169, 30.59690755869], [-103.886781328134, 30.5968657378659], [-103.886799644782, 30.5968244358698], [-103.886819591873, 30.5967837037364], [-103.88684114605, 30.5967435886345], [-103.88686428216, 30.5967041361861], [-103.886888969661, 30.5966653981993], [-103.886915183399, 30.5966274156571], [-103.886942889239, 30.5965902326353], [-103.88697205574, 30.5965538978492], [-103.887002649663, 30.596518449962], [-103.887034633281, 30.5964839338231], [-103.887067968863, 30.5964503880957], [-103.887924364264, 30.5956179750987], [-103.890521550956, 30.5958300138994], [-103.891583487182, 30.5948018436573], [-103.891939013422, 30.5950766433496], [-103.891981368988, 30.595035635202], [-103.892185203912, 30.5951931878027], [-103.892301682167, 30.5950804098844], [-103.892945938618, 30.5944566160588], [-103.89295785477, 30.5944658372072], [-103.893594245572, 30.5938524112532], [-103.893581255034, 30.5938414857663], [-103.893582907934, 30.5938398858771], [-103.89384125802, 30.5940395710169], [-103.894281166608, 30.594992535375], [-103.895013138156, 30.5947784966394], [-103.898677261097, 30.594520237712], [-103.898788677345, 30.5934112522728], [-103.903588743319, 30.5938229760756], [-103.905653614424, 30.5940063097783], [-103.905597623331, 30.5945125476265], [-103.906963284447, 30.5946337972753], [-103.907023697946, 30.5941279366404], [-103.907140362152, 30.5931529858352], [-103.907315860619, 30.5916863299314], [-103.911979024242, 30.5936360958167], [-103.911709067025, 30.5958930098645], [-103.906895591, 30.5954659558205], [-103.906112467583, 30.5953962972176], [-103.90589786096, 30.5970891150618], [-103.905891314937, 30.5971407397068], [-103.903678328709, 30.59694426218], [-103.903253044694, 30.5969064978014], [-103.903164244432, 30.5977050211712], [-103.902934079886, 30.5997746836163], [-103.902703902764, 30.6018443459218], [-103.902578532985, 30.6029715966537], [-103.902483010629, 30.6038304420521], [-103.902467134703, 30.6038314239998], [-103.901730023893, 30.6038770049173], [-103.901590260408, 30.603887438299], [-103.901450912843, 30.6039014267916], [-103.901312101572, 30.6039189580225], [-103.901173948766, 30.6039400196189], [-103.900245551598, 30.6040937699065], [-103.900117762656, 30.6041132039106], [-103.899989351181, 30.6041292853817], [-103.899860438446, 30.6041419980848], [-103.899731139436, 30.6041513350622], [-103.899601570931, 30.604157283171], [-103.89892017094, 30.6041796266553], [-103.898826246687, 30.6041813330731], [-103.898732307163, 30.6041802931402], [-103.898638463758, 30.6041765076295], [-103.898544821576, 30.6041699842726], [-103.898451486618, 30.6041607261618], [-103.898358566682, 30.604148745667], [-103.898266168667, 30.6041340590244], [-103.897110435748, 30.6039355637463], [-103.897046693991, 30.6039255981475], [-103.89698259111, 30.6039175361327], [-103.896918207057, 30.6039113862075], [-103.896853618188, 30.6039071530113], [-103.896788896369, 30.603904847369], [-103.896724122447, 30.603904466188], [-103.896659372779, 30.6039060141075], [-103.896594721927, 30.6039094872614], [-103.896530248042, 30.6039148810104], [-103.896466026584, 30.6039221922614], [-103.89640213391, 30.6039314078698], [-103.89633864368, 30.60394251933], [-103.896275634948, 30.6039555142705], [-103.896213179578, 30.6039703756803], [-103.89615135213, 30.6039870850021], [-103.896090226267, 30.6040056267713], [-103.896029872954, 30.6040259762449], [-103.895970364957, 30.6040481086797], [-103.895911772342, 30.6040719970132], [-103.89585416518, 30.6040976157288], [-103.895797609944, 30.6041249338978], [-103.895742175806, 30.6041539182719], [-103.895687923851, 30.6041845348294], [-103.895634925046, 30.6042167480024], [-103.895583235087, 30.6042505183568], [-103.895532922244, 30.6042858072318], [-103.895484041316, 30.6043225713276], [-103.895436649795, 30.6043607696638], [-103.895390805173, 30.6044003527549], [-103.895346562247, 30.6044412796207], [-103.895303973119, 30.6044834953635], [-103.895263088994, 30.604526955137], [-103.895223956584, 30.6045716063633], [-103.8951866226, 30.6046173949181], [-103.895151131062, 30.6046642666771], [-103.895117525985, 30.604712166743], [-103.8950858451, 30.6047610386721], [-103.895056125237, 30.6048108237014], [-103.895028405024, 30.6048614646141], [-103.895002712309, 30.6049129003278], [-103.894813450753, 30.6053104532092], [-103.894792331361, 30.6053527659932], [-103.894769567153, 30.6053944370237], [-103.894745185978, 30.6054354152721], [-103.894719213887, 30.6054756582148], [-103.89469168232, 30.6055151179156], [-103.894662620922, 30.6055537456659], [-103.894632064728, 30.6055915020347], [-103.894600046974, 30.6056283421791], [-103.894566608086, 30.6056642228023], [-103.894531782199, 30.6056991067933], [-103.894495609738, 30.6057329462163], [-103.894458134719, 30.6057657093726], [-103.894419400262, 30.6057973537387], [-103.89437944769, 30.6058278476157], [-103.894338323715, 30.6058571538925], [-103.894296076845, 30.6058852377776], [-103.894252755591, 30.6059120706645], [-103.894208409358, 30.6059376177618], [-103.894163086657, 30.6059618520094], [-103.894116843183, 30.605984744028], [-103.89406973014, 30.606006269077], [-103.894021801426, 30.6060264016428], [-103.893973110043, 30.6060451208506], [-103.89392371438, 30.6060624019598], [-103.892751194644, 30.6064527612241], [-103.892662318923, 30.6064808588534], [-103.89257238858, 30.6065063207524], [-103.892481508717, 30.606529122955], [-103.892389785337, 30.6065492376294], [-103.892297322643, 30.6065666408088], [-103.89220423023, 30.6065813108462], [-103.892110614099, 30.6065932338258], [-103.892016582947, 30.606602392739], [-103.891922244571, 30.6066087798551], [-103.891827712159, 30.6066123882159], [-103.891733089915, 30.6066132100902], [-103.890251450008, 30.606604266891], [-103.890157092767, 30.6066023100104], [-103.89006286668, 30.6065975851988], [-103.889968880443, 30.6065900970949], [-103.889875240957, 30.6065798526566], [-103.889782058712, 30.6065668657998], [-103.889689437915, 30.606551151987], [-103.889597489057, 30.6065327266799], [-103.889506315446, 30.6065116138452], [-103.889416023082, 30.6064878343566], [-103.889326715271, 30.6064614191389], [-103.887486978146, 30.6058868869507], [-103.887420915141, 30.6058651221922], [-103.887355769317, 30.6058413750181], [-103.887291622419, 30.6058156779002], [-103.887228549008, 30.6057880617639], [-103.887166629932, 30.605758556761], [-103.887105937057, 30.605727203868], [-103.88704654584, 30.6056940371028], [-103.886988529944, 30.6056590982148], [-103.886931956742, 30.6056224297265], [-103.8868768981, 30.6055840780265], [-103.886823417798, 30.6055440856371], [-103.886771585006, 30.6055025066786], [-103.886721459013, 30.6054593867663], [-103.886673105396, 30.6054147823396], [-103.886626578055, 30.6053687451995], [-103.886581936277, 30.6053213302391], [-103.886539233063, 30.6052725993107], [-103.886498522313, 30.6052226080808], [-103.886459850738, 30.605171419948], [-103.886423270441, 30.6051190952182], [-103.886388819152, 30.6050657003827], [-103.886356545379, 30.6050112949745], [-103.886326482359, 30.6049559508974], [-103.886298672315, 30.604899733097], [-103.886273143991, 30.6048427111577], [-103.886249933321, 30.6047849531178], [-103.886229064558, 30.6047265301088], [-103.886210567348, 30.6046675109424], [-103.88619445786, 30.6046079706161], [-103.886180761247, 30.6045479818079], [-103.88616949278, 30.6044876148767], [-103.886160665036, 30.6044269448203], [-103.886154290591, 30.6043660458638], [-103.886150571565, 30.6043093483474], [-103.886148977954, 30.6042525757989], [-103.886149515147, 30.6041957869802], [-103.886152177753, 30.6041390437461]]]}, "properties": {"FeatClass": "Fee", "Category": "Fee", "Own_Type": "FED", "Own_Name": "NPS", "Unit_Nm": "Fort Davis National Historic Site", "State_Nm": "TX", "GIS_Acres": 518}}, {"type": "Feature", "geometry": {"type": "MultiPolygon", "coordinates": [[[[-98.6257758112508, 30.2631928168224], [-98.6257672916287, 30.2626143950831], [-98.6251021825856, 30.2626177578206], [-98.6195307018361, 30.2626458002845], [-98.619492812694, 30.2601763149329], [-98.619471015972, 30.2587555290696], [-98.6194135938624, 30.2535748133465], [-98.619382339677, 30.2493240588264], [-98.619356511316, 30.2453704843456], [-98.6193512552732, 30.2445499220379], [-98.6170990683632, 30.2444084941366], [-98.6172252861521, 30.241918375824], [-98.6172434339175, 30.2415666048365], [-98.6132376457413, 30.2412764397953], [-98.6132213610819, 30.2424934892677], [-98.6122439033229, 30.2422628568184], [-98.6098211928157, 30.2429265702001], [-98.6088721415826, 30.2433331479204], [-98.6081073662554, 30.2440399741759], [-98.6073195185984, 30.2440261893105], [-98.6063505463256, 30.2440092257673], [-98.6062614163814, 30.2440315572055], [-98.6062531294229, 30.2440160953081], [-98.6061399659517, 30.2438049653548], [-98.6059563871385, 30.2434624609285], [-98.6059079356053, 30.2434840482608], [-98.605594579878, 30.2428821373042], [-98.6055575099995, 30.2428106643627], [-98.6055999607866, 30.2427969088149], [-98.6057014470575, 30.2430744096424], [-98.6057287486556, 30.243124652745], [-98.6057619476936, 30.2431712103577], [-98.6058005527929, 30.2432133933534], [-98.6058439908285, 30.2432505793455], [-98.6058916230981, 30.2432822173444], [-98.6059427417293, 30.2433078386217], [-98.6059965930357, 30.2433270699022], [-98.6060523793131, 30.2433396209473], [-98.6061092777049, 30.243345307836], [-98.606166444693, 30.2433440483081], [-98.6062230367592, 30.2433358578845], [-98.6062782166739, 30.2433208599552], [-98.6063311678683, 30.2432992749152], [-98.6063811079099, 30.2432714232687], [-98.6067345410753, 30.2430523488287], [-98.6066630342803, 30.2428261551637], [-98.60623411658, 30.2430922238992], [-98.6059428692901, 30.2430077731961], [-98.6058375723658, 30.2427199180667], [-98.6058815799332, 30.242705658071], [-98.6065043864113, 30.2425038488377], [-98.6065558706568, 30.2424871659639], [-98.6066413103218, 30.2424426560397], [-98.6069443048806, 30.2422848122655], [-98.6070642964464, 30.2422223008085], [-98.6070961453165, 30.2421890443868], [-98.60766177762, 30.2415983807407], [-98.6079122602605, 30.2413368099144], [-98.608706753654, 30.2400630041788], [-98.6091503138935, 30.239527967227], [-98.6099122828838, 30.2386088327685], [-98.6107201719548, 30.2378657759391], [-98.6132298537546, 30.2371565428367], [-98.6140520440049, 30.2370867281347], [-98.6147320453187, 30.2372958438029], [-98.6153949786422, 30.2370356266844], [-98.6174364432445, 30.2374239819843], [-98.6179254708138, 30.2375386966597], [-98.6185854280188, 30.2378777440602], [-98.6193066431396, 30.2379128521444], [-98.6195058463505, 30.2379786290313], [-98.6213959529122, 30.2386027187581], [-98.6216938665998, 30.2381970419111], [-98.6211072909738, 30.23791232673], [-98.6195052669371, 30.2374668868874], [-98.6193006998857, 30.2374100052714], [-98.6193002911522, 30.2373754596775], [-98.6192998186384, 30.2373354976931], [-98.6201507774356, 30.2375101317014], [-98.6203837384366, 30.2375598429191], [-98.6206154139484, 30.2376152397797], [-98.6208456647321, 30.237676292782], [-98.6210743524473, 30.2377429592303], [-98.6213013396516, 30.2378152049652], [-98.6215264898011, 30.2378929818566], [-98.6218356171584, 30.2380040157594], [-98.6234578362209, 30.2385866716133], [-98.6235749298216, 30.2386282551097], [-98.6237837989049, 30.2386984396859], [-98.6239941277506, 30.2387641120517], [-98.6242058229338, 30.2388252396207], [-98.6244187847416, 30.2388818006708], [-98.6257153222929, 30.2392115552916], [-98.6259306583479, 30.2392689589439], [-98.6261446172857, 30.2393312922286], [-98.6268195556946, 30.2395364086416], [-98.6270045466594, 30.2395887590549], [-98.6271912776609, 30.2396345267427], [-98.6273795088489, 30.2396736566126], [-98.6275690102547, 30.2397060990038], [-98.6277595402315, 30.2397318120144], [-98.6279508589291, 30.2397507653828], [-98.628142730989, 30.2397629319502], [-98.6283349129676, 30.2397683008541], [-98.6285271632182, 30.2397668620065], [-98.6287192436872, 30.2397586192876], [-98.6289109109312, 30.2397435827846], [-98.6291019268965, 30.239721768792], [-98.6292920499365, 30.2396932060202], [-98.6294810437942, 30.2396579332673], [-98.6296686686194, 30.239615990106], [-98.6296680281206, 30.2400801049924], [-98.6283754817841, 30.2402229523532], [-98.6274884771878, 30.2402217238283], [-98.62634033144, 30.2399745463215], [-98.6256078757, 30.2396116789891], [-98.6243339783889, 30.2391623920472], [-98.6233595623255, 30.2388379480098], [-98.6220477606009, 30.2383688129505], [-98.6219153246735, 30.2383045318481], [-98.6216379042525, 30.2386826052042], [-98.621650786992, 30.2386868589316], [-98.6216663952201, 30.2388362421755], [-98.6223314386862, 30.2390654282863], [-98.6246386572889, 30.2398625383402], [-98.6256205401489, 30.2403328117538], [-98.6256227347332, 30.240793708], [-98.6256230805845, 30.2408668641494], [-98.62562338691, 30.2409307493333], [-98.6256237929486, 30.2410168400999], [-98.6256263998595, 30.241564586296], [-98.6256281605575, 30.2419567659754], [-98.6256284066959, 30.2420118452776], [-98.6256302329708, 30.2424179627004], [-98.6256359390695, 30.2433431193772], [-98.6256520880834, 30.2459831971209], [-98.6256731670515, 30.2494792622031], [-98.6256790653897, 30.2504405299819], [-98.6256986639342, 30.2536350362356], [-98.6256995227236, 30.2537631593199], [-98.6257046107814, 30.2545222739537], [-98.6257046206629, 30.2545239050235], [-98.6257265880649, 30.2576721630694], [-98.6257771659103, 30.2577254046818], [-98.6258587248532, 30.2578112549362], [-98.6290905497335, 30.2612130538348], [-98.6300361343678, 30.2612043442664], [-98.6298628161119, 30.2632897730665], [-98.6257758112508, 30.2631928168224]]], [[[-98.6107594067732, 30.2395497533238], [-98.6105873982609, 30.2393899181376], [-98.61010914778, 30.2397824277907], [-98.6103026260276, 30.2399600236139], [-98.6103260271408, 30.2399413558818], [-98.6107125066305, 30.2396258509608], [-98.6107804228592, 30.2395701153107], [-98.6107594067732, 30.2395497533238]]]]}, "properties": {"FeatClass": "Fee", "Category": "Fee", "Own_Type": "FED", "Own_Name": "NPS", "Unit_Nm": "Lyndon B. Johnson National Historical Park", "State_Nm": "TX", "GIS_Acres": 669}}, {"type": "Feature", "geometry": {"type": "Polygon", "coordinates": [[[-98.4104738256847, 30.2738299940245], [-98.4118512664088, 30.2737637368658], [-98.4118650178192, 30.2744944196483], [-98.4118664218859, 30.2747264062231], [-98.4118663868516, 30.2747264069989], [-98.4109885154268, 30.2747338958082], [-98.4107685243019, 30.2747361720089], [-98.4098904687224, 30.2747468547907], [-98.4098867191544, 30.274474078089], [-98.410484328787, 30.2744678918336], [-98.4104791320331, 30.2741522549744], [-98.4104739236011, 30.2738359568873], [-98.4104738256847, 30.2738299940245]]]}, "properties": {"FeatClass": "Fee", "Category": "Fee", "Own_Type": "FED", "Own_Name": "NPS", "Unit_Nm": "Lyndon B. Johnson National Historical Park", "State_Nm": "TX", "GIS_Acres": 669}}, {"type": "Feature", "geometry": {"type": "Polygon", "coordinates": [[[-98.4098930837182, 30.2749377800323], [-98.4107729817423, 30.2749286806784], [-98.410783468675, 30.2756924346344], [-98.4099035643626, 30.2757015393481], [-98.4098930837182, 30.2749377800323]]]}, "properties": {"FeatClass": "Fee", "Category": "Fee", "Own_Type": "FED", "Own_Name": "NPS", "Unit_Nm": "Lyndon B. Johnson National Historical Park", "State_Nm": "TX", "GIS_Acres": 669}}, {"type": "Feature", "geometry": {"type": "MultiPolygon", "coordinates": [[[[-98.4114406635604, 30.2756856363546], [-98.4114350832259, 30.2752795416566], [-98.4109956579316, 30.2752839931791], [-98.4109907477402, 30.2749263618132], [-98.4114640197578, 30.2749215270294], [-98.4118694725646, 30.2749173291771], [-98.4118715467746, 30.2750487441371], [-98.4118757212458, 30.2753133563099], [-98.4118815189726, 30.2756810653782], [-98.4116068617694, 30.2756839117652], [-98.4114406635604, 30.2756856363546]]], [[[-98.4114952667566, 30.2752789179159], [-98.4114919043625, 30.2750517162219], [-98.4114658118968, 30.275051920257], [-98.4114691644094, 30.2752791871174], [-98.4114952667566, 30.2752789179159]]]]}, "properties": {"FeatClass": "Fee", "Category": "Fee", "Own_Type": "FED", "Own_Name": "NPS", "Unit_Nm": "Lyndon B. Johnson National Historical Park", "State_Nm": "TX", "GIS_Acres": 669}}, {"type": "Feature", "geometry": {"type": "Polygon", "coordinates": [[[-98.4101893157595, 30.2758878723708], [-98.4103442212471, 30.2758862688086], [-98.4103485142958, 30.27627117963], [-98.4101936258762, 30.2762732036636], [-98.4101893157595, 30.2758878723708]]]}, "properties": {"FeatClass": "Fee", "Category": "Fee", "Own_Type": "FED", "Own_Name": "NPS", "Unit_Nm": "Lyndon B. Johnson National Historical Park", "State_Nm": "TX", "GIS_Acres": 669}}, {"type": "Feature", "geometry": {"type": "Polygon", "coordinates": [[[-98.4117862176024, 30.2766350822059], [-98.4117839089322, 30.2764701119124], [-98.411713458556, 30.2764708520136], [-98.4116987719994, 30.2762312776877], [-98.4116650779897, 30.2762319518486], [-98.4116623075854, 30.2761868078793], [-98.411696006985, 30.2761861422517], [-98.4116955039284, 30.2761778987097], [-98.4118893361122, 30.2761758956205], [-98.4118965585671, 30.2766335523555], [-98.4117862176024, 30.2766350822059]]]}, "properties": {"FeatClass": "Fee", "Category": "Fee", "Own_Type": "FED", "Own_Name": "NPS", "Unit_Nm": "Lyndon B. Johnson National Historical Park", "State_Nm": "TX", "GIS_Acres": 669}}, {"type": "Feature", "geometry": {"type": "MultiPolygon", "coordinates": [[[[-98.4161022183008, 30.2765595493072], [-98.4160998063242, 30.2758266289973], [-98.4154036389285, 30.2758338601595], [-98.4151836522952, 30.2758361417653], [-98.4143037902036, 30.2758452681877], [-98.414083802672, 30.2758475482416], [-98.4132039378855, 30.2758566731114], [-98.4129839530489, 30.2758589539409], [-98.4126405055562, 30.2758625086212], [-98.4125730546547, 30.2758632029553], [-98.412543993257, 30.2758635031869], [-98.4121057429591, 30.2758680462263], [-98.4121040936522, 30.2758680632937], [-98.4121020203406, 30.2757311118182], [-98.4121013169597, 30.2756845952395], [-98.4120960519338, 30.2753016821216], [-98.4120943145921, 30.2751754762063], [-98.4120908201456, 30.2749209133718], [-98.412088294083, 30.2747302441119], [-98.4120845499049, 30.2744922148159], [-98.4120866636408, 30.2744921923176], [-98.4125243893225, 30.2744877981687], [-98.4125274669507, 30.2747252960515], [-98.4127589322567, 30.2747232037154], [-98.4127285359624, 30.2745625560834], [-98.4127394738493, 30.2744856391085], [-98.413185014874, 30.2744811619483], [-98.4135574240515, 30.2744774186977], [-98.4140648643892, 30.2744723170156], [-98.4142848537174, 30.2744701059762], [-98.4150461759207, 30.2744625287052], [-98.4151605000154, 30.2744613758614], [-98.4151572669786, 30.2742679663417], [-98.4150451365699, 30.2742673162172], [-98.4150398167468, 30.2732675608399], [-98.4150207670729, 30.2696872606925], [-98.4153407882996, 30.269647363832], [-98.4164654143566, 30.2689579789942], [-98.4181458667075, 30.2688591593304], [-98.4183254956283, 30.2711574173489], [-98.4183276210423, 30.2719630252827], [-98.418331002301, 30.2732446091915], [-98.4183340035724, 30.2743838296302], [-98.4183341257433, 30.2744293243162], [-98.4183938780827, 30.2744292327713], [-98.4185038866707, 30.2744280900126], [-98.4185814579921, 30.2744272808495], [-98.4186010421636, 30.2758303310793], [-98.4186003962749, 30.2758307166482], [-98.4184147531333, 30.2759414237322], [-98.4181369257755, 30.276107117951], [-98.4180077049185, 30.2761794890788], [-98.4178567690861, 30.2762408462732], [-98.417477839038, 30.2763948860988], [-98.4169026477616, 30.2765014133807], [-98.4168501340467, 30.2765111378732], [-98.4168500316388, 30.2765041069139], [-98.4168477768674, 30.2763461890933], [-98.4168388871394, 30.2763462852911], [-98.4165332524319, 30.2763495738584], [-98.4165335246215, 30.2763694852423], [-98.4163117727987, 30.2763708110644], [-98.4162910289021, 30.2763709351906], [-98.4162891711861, 30.2763709460516], [-98.4162911905988, 30.2765566866539], [-98.4161022183008, 30.2765595493072]]], [[[-98.4128178527562, 30.2749347513106], [-98.4128250401768, 30.2749134672458], [-98.4128067756304, 30.2749136751601], [-98.4126648364256, 30.274981425732], [-98.4125909490952, 30.275030896886], [-98.4126665737674, 30.2750297300845], [-98.4126873176639, 30.2750092350278], [-98.4128178527562, 30.2749347513106]]]]}, "properties": {"FeatClass": "Fee", "Category": "Fee", "Own_Type": "FED", "Own_Name": "NPS", "Unit_Nm": "Lyndon B. Johnson National Historical Park", "State_Nm": "TX", "GIS_Acres": 669}}, {"type": "Feature", "geometry": {"type": "Polygon", "coordinates": [[[-95.147385737413, 31.5970796381347], [-95.1495381879704, 31.5950877437331], [-95.1495943488453, 31.5951293760618], [-95.1496490122287, 31.5950786880679], [-95.1506747813836, 31.5941272606209], [-95.1506108509798, 31.5940786173757], [-95.152144911177, 31.5926594036304], [-95.1523962490137, 31.5928588023399], [-95.1528644473465, 31.5932313606341], [-95.1541484929255, 31.5942464239155], [-95.1551094486326, 31.5950083752164], [-95.1555689512735, 31.5953694873423], [-95.1553833548442, 31.5954089610371], [-95.1553611323207, 31.5954576877547], [-95.1556592660955, 31.5955187288706], [-95.1556622008916, 31.5956150336676], [-95.1554389479839, 31.5958983320031], [-95.1552907753694, 31.5959562272882], [-95.1551860659432, 31.5960641902492], [-95.1551481857843, 31.5962878499307], [-95.1552868946473, 31.5966538249605], [-95.1551701801357, 31.5965588701928], [-95.1550298048979, 31.5968984206509], [-95.1548646810739, 31.5967125208842], [-95.1543462408656, 31.5965244668553], [-95.1542031994279, 31.5965599199753], [-95.1542311397282, 31.5966230798263], [-95.1545070734374, 31.5968880720669], [-95.1546430298624, 31.5970988072682], [-95.1543875525889, 31.5971560368981], [-95.1540118537808, 31.5972753439904], [-95.1542477837138, 31.5973835617447], [-95.1538334196193, 31.5974247638035], [-95.1533807917853, 31.5974654539652], [-95.1526903026405, 31.5977923771164], [-95.1520444965962, 31.5980982211849], [-95.1514298576007, 31.5983906859076], [-95.1506645720304, 31.5986288790151], [-95.1499169787796, 31.598857524238], [-95.1496190372443, 31.598950292222], [-95.1490008508017, 31.5984351967175], [-95.1483799191077, 31.5979142267073], [-95.147608743284, 31.597265733045], [-95.147385737413, 31.5970796381347]]]}, "properties": {"FeatClass": "Fee", "Category": "Fee", "Own_Type": "STAT", "Own_Name": "OTHS", "Unit_Nm": "Caddo Mounds State Historic Site", "State_Nm": "TX", "GIS_Acres": 70}}, {"type": "Feature", "geometry": {"type": "Polygon", "coordinates": [[[-101.69055035674, 30.664564416222], [-101.691596382904, 30.6630181206423], [-101.692566407104, 30.6630301448488], [-101.692662652604, 30.6630790877814], [-101.691375462921, 30.6649816658674], [-101.69055035674, 30.664564416222]]]}, "properties": {"FeatClass": "Fee", "Category": "Fee", "Own_Type": "STAT", "Own_Name": "OTHS", "Unit_Nm": "Fort Lancaster State Historic Site", "State_Nm": "TX", "GIS_Acres": 81}}, {"type": "Feature", "geometry": {"type": "Polygon", "coordinates": [[[-101.697942085665, 30.6642539719024], [-101.699068663761, 30.6637384476382], [-101.699930827244, 30.663967220867], [-101.701362001596, 30.666296232055], [-101.702793074437, 30.6686262572547], [-101.700141480382, 30.6698428346515], [-101.697684032023, 30.669163537648], [-101.69677902429, 30.6689426841953], [-101.695069463829, 30.6663046976253], [-101.695324909661, 30.6655216941378], [-101.697942085665, 30.6642539719024]]]}, "properties": {"FeatClass": "Fee", "Category": "Fee", "Own_Type": "STAT", "Own_Name": "OTHS", "Unit_Nm": "Fort Lancaster State Historic Site", "State_Nm": "TX", "GIS_Acres": 81}}, {"type": "Feature", "geometry": {"type": "Polygon", "coordinates": [[[-100.106011626433, 30.8289239207328], [-100.105321934992, 30.8286005959173], [-100.104801058552, 30.829323130667], [-100.104969280666, 30.8281089117497], [-100.105097366052, 30.8280098612308], [-100.105244463383, 30.8278668443047], [-100.105372046612, 30.8277109433396], [-100.105477849287, 30.8275423148662], [-100.105679048555, 30.8271733587263], [-100.105822772712, 30.8269088380793], [-100.106339518698, 30.8259597852886], [-100.106643258858, 30.8254020701124], [-100.106658222994, 30.8253749989192], [-100.106675248764, 30.8253470753068], [-100.10674190286, 30.8252364352992], [-100.1068720391, 30.8250622529167], [-100.107022367671, 30.8249016687548], [-100.107191922884, 30.8247551596181], [-100.107378273, 30.8246256191639], [-100.107579857645, 30.824513619083], [-100.107679098128, 30.8244707312107], [-100.107794311554, 30.8244208341911], [-100.108018815815, 30.8243484386472], [-100.108250289206, 30.8242966963235], [-100.108487924141, 30.8242665931306], [-100.108727520997, 30.8242583967724], [-100.108995928621, 30.8242617439723], [-100.110117954055, 30.8242753541689], [-100.110285444042, 30.8242729311329], [-100.110563395367, 30.824252500794], [-100.110837902552, 30.8242098110606], [-100.111106920131, 30.8241451241868], [-100.111367772924, 30.824060013061], [-100.111618553805, 30.8239549551404], [-100.110936784607, 30.8242757298514], [-100.11093879324, 30.8243027612405], [-100.110947965937, 30.8244463250128], [-100.11171310598, 30.8242519368844], [-100.115515655713, 30.8231661881703], [-100.115607072768, 30.8231429102443], [-100.11560663439, 30.8260167391192], [-100.110455848163, 30.826099846709], [-100.109923498441, 30.8271313707217], [-100.108971996604, 30.8268249837019], [-100.10880678205, 30.8271667578685], [-100.109043806131, 30.8273536760575], [-100.106426020171, 30.8307083193756], [-100.105281669806, 30.829977572183], [-100.106011626433, 30.8289239207328]]]}, "properties": {"FeatClass": "Fee", "Category": "Fee", "Own_Type": "STAT", "Own_Name": "OTHS", "Unit_Nm": "Fort Mckavett State Historic Site", "State_Nm": "TX", "GIS_Acres": 80}}, {"type": "Feature", "geometry": {"type": "Polygon", "coordinates": [[[-97.1609148633794, 32.7432693296241], [-97.1609266277163, 32.7428937051589], [-97.1609520392591, 32.7413738037959], [-97.1611146433087, 32.7413757456656], [-97.1611237728869, 32.7408297068439], [-97.1614134948374, 32.741137202138], [-97.1630682939987, 32.7406435799387], [-97.1631126042984, 32.7343935421926], [-97.1631524930903, 32.7343786082697], [-97.1632788492198, 32.7344984551407], [-97.16327693491, 32.7353230766779], [-97.1632763599882, 32.7355704631625], [-97.1632790558323, 32.7360159839467], [-97.1632751957716, 32.736689420774], [-97.1632741743871, 32.7368680880516], [-97.1632726337764, 32.7371767999741], [-97.1632719896843, 32.7374541750808], [-97.1632713716434, 32.7377201953438], [-97.1632707113817, 32.7380045801569], [-97.163270096934, 32.7382699429007], [-97.1632694591302, 32.7385448157852], [-97.1632688231229, 32.7388190697305], [-97.1632746891217, 32.7396025810712], [-97.1632653717956, 32.7408009382783], [-97.1647205078086, 32.7396742299057], [-97.1648480910368, 32.7395704156576], [-97.1656889087529, 32.7387400129277], [-97.1660883662035, 32.7386950531462], [-97.1662519269589, 32.7386704579048], [-97.1662414301448, 32.7387554690044], [-97.1685354956151, 32.7383464242221], [-97.1685024573756, 32.7383741712306], [-97.1734237357258, 32.738331748627], [-97.1734612296091, 32.734800709955], [-97.1734636613486, 32.7347675612223], [-97.173478424262, 32.7346400358139], [-97.173501699611, 32.7345134222921], [-97.1735334119371, 32.7343881219111], [-97.1735734606292, 32.7342645412171], [-97.1736217190245, 32.7341430716453], [-97.1736780299181, 32.734024104633], [-97.1736945337665, 32.7339925711996], [-97.1737498098009, 32.7338947116936], [-97.1738222562336, 32.7337821326636], [-97.1739021856326, 32.7336732342949], [-97.1739893428765, 32.7335683679819], [-97.1740834396059, 32.7334678790747], [-97.1741841721902, 32.7333720932772], [-97.1741890033298, 32.7333677633499], [-97.1742180027438, 32.7333431628599], [-97.1743057888083, 32.7332619279212], [-97.174387027951, 32.733175967761], [-97.1744613689307, 32.7330856556628], [-97.1745284856589, 32.7329913890917], [-97.1745728130265, 32.7329202056625], [-97.1746364730375, 32.7328126959068], [-97.174643828443, 32.7328006037715], [-97.1746996470598, 32.7326998752086], [-97.1747475542139, 32.7325962772689], [-97.1747873396995, 32.7324902512519], [-97.1748188382267, 32.7323822550833], [-97.1748419105564, 32.7322727459356], [-97.1748564596708, 32.7321621983634], [-97.1748612207418, 32.7320922346791], [-97.1748563401948, 32.731983717371], [-97.1750194526908, 32.7319691941295], [-97.1750241706427, 32.7320836253298], [-97.1750221727895, 32.7321511769237], [-97.1750119382835, 32.7322548993103], [-97.1750053203948, 32.7322967633449], [-97.1749995630921, 32.7323233658884], [-97.1749675076096, 32.7324467021707], [-97.1749270232346, 32.7325682556661], [-97.1748782447147, 32.7326876130334], [-97.1748213382381, 32.732804370001], [-97.1747564933493, 32.7329181336344], [-97.1747499033084, 32.732928812664], [-97.1747332206952, 32.7329584830095], [-97.1746690378648, 32.7330617110096], [-97.1745973136776, 32.7331613313645], [-97.1745183293062, 32.7332569458537], [-97.1744323955678, 32.7333481789272], [-97.1744141453945, 32.7333661213023], [-97.1743026545863, 32.7334659589467], [-97.1742414065519, 32.7335231758714], [-97.1741476538773, 32.7336195962586], [-97.1740607562466, 32.7337204998501], [-97.1739810136971, 32.7338255390291], [-97.1739087038084, 32.7339343533341], [-97.1738440736169, 32.73404656568], [-97.1738379983106, 32.7340580448113], [-97.1737856840218, 32.7341649530769], [-97.1737370321643, 32.7342828551882], [-97.1736966484007, 32.7344029636431], [-97.1736646746648, 32.734524869626], [-97.1736412223477, 32.7346481537449], [-97.1736263687044, 32.734772385275], [-97.1736234653495, 32.7348118738843], [-97.173582261424, 32.7387174933701], [-97.1734195971873, 32.7387216628474], [-97.1734168519358, 32.7389800128913], [-97.1734306662282, 32.7389698242232], [-97.1734717722373, 32.7389461463706], [-97.1735171191929, 32.7389288602345], [-97.1735653272826, 32.7389184932361], [-97.1736149349475, 32.738915358201], [-97.1736644321197, 32.7389195503375], [-97.1737123159176, 32.7389309427014], [-97.1737571319688, 32.7389491899754], [-97.1737975157324, 32.7389737390475], [-97.1738322463979, 32.739003840346], [-97.1738602621567, 32.739038581087], [-97.1738653996218, 32.7390466842607], [-97.1738763788312, 32.7390655428002], [-97.173879540901, 32.7390695822961], [-97.1738929913757, 32.7390823710096], [-97.173896943963, 32.7390852128618], [-97.1739074767097, 32.7390913877127], [-97.1739218380761, 32.7390972338726], [-97.1739371839961, 32.7391008849832], [-97.1739530446508, 32.7391022299701], [-97.173968941238, 32.7391012242524], [-97.173984389566, 32.7390979018324], [-97.173998920714, 32.7390923639617], [-97.174012095406, 32.7390847753631], [-97.1740138165781, 32.7390835558074], [-97.1740283441328, 32.7390728676923], [-97.1740422895793, 32.7390572937953], [-97.1741649141072, 32.7389212141954], [-97.1742006445976, 32.7388815619277], [-97.1742354327553, 32.7388218602093], [-97.1743214446471, 32.7386742457992], [-97.1743414195858, 32.738639965841], [-97.1743809499498, 32.7385093041238], [-97.1744042486551, 32.738385782793], [-97.1744074268945, 32.7383214306742], [-97.1744017504402, 32.7383138412543], [-97.1743945225955, 32.7383002960575], [-97.1743901873259, 32.7382858992777], [-97.1743888748873, 32.7382710831277], [-97.1743906301953, 32.7382563002225], [-97.1743953939613, 32.7382420001547], [-97.1744030215564, 32.7382286136268], [-97.1744132857068, 32.7382165516954], [-97.1744258729006, 32.738206180836], [-97.1744403986587, 32.7381978123639], [-97.1744564237051, 32.7381917047011], [-97.1744624271461, 32.738190105057], [-97.1745781867486, 32.7381600737562], [-97.1746372312156, 32.738119441112], [-97.1748183351701, 32.7379662022126], [-97.1749098339717, 32.7378519803155], [-97.1749902448677, 32.7376724437774], [-97.1751096156976, 32.7374786149992], [-97.1752459449234, 32.7373852273326], [-97.1754544079683, 32.7373510912031], [-97.1754601491013, 32.7373513360258], [-97.1755281901958, 32.7373502146776], [-97.1755498809167, 32.7373482999226], [-97.1757029951636, 32.737311791114], [-97.1758128797841, 32.7372855912968], [-97.1758896659779, 32.7372836206241], [-97.175922608996, 32.7372796550986], [-97.175949023957, 32.7372741881438], [-97.1759974889649, 32.7372583260389], [-97.1760420849288, 32.7372357690812], [-97.1760815290546, 32.7372071648376], [-97.1761146876684, 32.7371733399582], [-97.176140603166, 32.7371352646625], [-97.1761585326408, 32.7370940361165], [-97.1761622911919, 32.7370811519086], [-97.1763237211434, 32.7364821781317], [-97.1763543779491, 32.7363689668819], [-97.1764609019722, 32.7362259041323], [-97.1765168822857, 32.7362087769076], [-97.1765670289398, 32.7361903446975], [-97.1765988301992, 32.7361904278174], [-97.1766731550092, 32.7361404901329], [-97.1768113500359, 32.7360476383216], [-97.1768326463963, 32.7360208192663], [-97.1769131920396, 32.7358186673169], [-97.1769182261985, 32.7358060307741], [-97.1769077581305, 32.7357701666493], [-97.1769078551485, 32.7357432893263], [-97.1768026714119, 32.73551904483], [-97.1762527892703, 32.7351592607549], [-97.1761267053303, 32.7348543299006], [-97.1761268032466, 32.734827455324], [-97.1762122186571, 32.7346574587986], [-97.1762224351968, 32.7346442780242], [-97.1762681899875, 32.7345936782807], [-97.1763205842265, 32.7345479078628], [-97.1763292403925, 32.73454129971], [-97.1763610748896, 32.7345324230973], [-97.176818391031, 32.7341125500734], [-97.1768290881695, 32.7340857002096], [-97.1768828020336, 32.7338887450434], [-97.1768723007279, 32.7338618399495], [-97.1768410231863, 32.7337184172614], [-97.1768540056388, 32.7330644563289], [-97.1769227312496, 32.7328995707697], [-97.1769147083958, 32.7328966720456], [-97.176913190243, 32.7328932111079], [-97.1769081506942, 32.7328764746764], [-97.1769066271515, 32.7328592538615], [-97.1769086654289, 32.7328420693151], [-97.1769141999494, 32.7328254432009], [-97.1769230690162, 32.7328098863482], [-97.1769349977448, 32.7327958650022], [-97.1769496268092, 32.7327838076252], [-97.176966510645, 32.7327740807152], [-97.1769851363141, 32.7327669797378], [-97.1770049378779, 32.7327627208135], [-97.1770054678839, 32.7327626490254], [-97.1770100861228, 32.7327618661571], [-97.1770465172991, 32.7327515226226], [-97.1770793129935, 32.7327345896917], [-97.1771068283907, 32.7327119129497], [-97.1771276818817, 32.7326846289123], [-97.1771408314208, 32.7326541053295], [-97.1771416174467, 32.7326512292674], [-97.1771510722151, 32.7325087658392], [-97.1784038663036, 32.7323300996465], [-97.178003109889, 32.7331192878886], [-97.1779379101657, 32.7337382282995], [-97.1779380350315, 32.733758217668], [-97.1774433849068, 32.7340944159126], [-97.1775754318637, 32.7352734362307], [-97.1773013792267, 32.735310356944], [-97.177146860913, 32.7353861849079], [-97.1771280906152, 32.7354789656223], [-97.1772074127531, 32.7355958443698], [-97.1772438708789, 32.735716590326], [-97.1772543281671, 32.7358093518055], [-97.1772206566153, 32.7359487972322], [-97.1771708351513, 32.7360114629717], [-97.1771499286597, 32.7360377568624], [-97.1770889177806, 32.7360937782311], [-97.1770220678521, 32.7361596847896], [-97.1769229827779, 32.7362245742147], [-97.176818225741, 32.7362931767802], [-97.1767364592873, 32.7363887319928], [-97.1766585870302, 32.7364793422417], [-97.1766144806481, 32.7365606067402], [-97.1765515545607, 32.7366671311658], [-97.1765186348988, 32.7367450261363], [-97.1764782942544, 32.7368494111538], [-97.1763921530052, 32.7371875910818], [-97.1763287993197, 32.7372620867907], [-97.1762516636812, 32.7373409348407], [-97.1761851155867, 32.7374006783549], [-97.1761772948538, 32.7374051682788], [-97.1761111132719, 32.7374534126556], [-97.1760195641647, 32.7374957253562], [-97.175509083928, 32.7375206798432], [-97.1755006397644, 32.7375201373052], [-97.1754788295676, 32.7375294896633], [-97.1754032462179, 32.7375619051694], [-97.1753280823814, 32.737617658845], [-97.1753242106426, 32.7376205309688], [-97.1753147971967, 32.7376286848982], [-97.1752961382899, 32.7376448438969], [-97.1751839458975, 32.7378908177265], [-97.1754541258973, 32.7381549551956], [-97.173998393403, 32.7393341318563], [-97.1739825165786, 32.7393474766597], [-97.1738748301356, 32.7394438703444], [-97.1737735891048, 32.7395451323], [-97.1736791034049, 32.7396509527114], [-97.1735916587002, 32.7397610111859], [-97.1735115190954, 32.7398749752419], [-97.1734389298305, 32.739992495776], [-97.1734054621963, 32.740052613047], [-97.1734037248545, 32.7402160618203], [-97.1733886861584, 32.740254898201], [-97.1733396111944, 32.740396598937], [-97.1732988887659, 32.7405401771098], [-97.173266618586, 32.7406852798464], [-97.1732428797063, 32.740831554276], [-97.1732277278224, 32.7409786429967], [-97.1732252242177, 32.7410165677981], [-97.1732375607815, 32.7413930388829], [-97.166656340415, 32.743341736374], [-97.1661685058083, 32.7433361889446], [-97.1630891412015, 32.7433032889487], [-97.1609148633794, 32.7432693296241]]]}, "properties": {"FeatClass": "Fee", "Category": "Fee", "Own_Type": "LOC", "Own_Name": "CITY", "Unit_Nm": "Village Creek Historical Area", "State_Nm": "TX", "GIS_Acres": 135}}, {"type": "Feature", "geometry": {"type": "Polygon", "coordinates": [[[-97.7415343248898, 30.2720665339953], [-97.7415748730451, 30.271954807764], [-97.7420580876162, 30.2720884013199], [-97.7420182778761, 30.2721985726534], [-97.7419760867021, 30.2723101543047], [-97.7414937758362, 30.2721782569962], [-97.7415343248898, 30.2720665339953]]]}, "properties": {"FeatClass": "Fee", "Category": "Fee", "Own_Type": "LOC", "Own_Name": "CITY", "Unit_Nm": "Old Bakery", "State_Nm": "TX", "GIS_Acres": 0}}, {"type": "Feature", "geometry": {"type": "Polygon", "coordinates": [[[-97.7723090569298, 30.3127946956392], [-97.7721494433718, 30.3128433109586], [-97.7717342222846, 30.3130206621752], [-97.77142628789, 30.3131723216274], [-97.7711302498848, 30.3133524112997], [-97.771013529085, 30.3134360259943], [-97.7709222539639, 30.3135048883853], [-97.7703691495654, 30.3130109250168], [-97.770409049137, 30.3124595502508], [-97.7714894268781, 30.3126695856646], [-97.7721570287461, 30.3124462798452], [-97.7723090569298, 30.3127946956392]]]}, "properties": {"FeatClass": "Fee", "Category": "Fee", "Own_Type": "LOC", "Own_Name": "CITY", "Unit_Nm": "Mayfield House", "State_Nm": "TX", "GIS_Acres": 3}}, {"type": "Feature", "geometry": {"type": "Polygon", "coordinates": [[[-97.7615772273869, 30.2820119050225], [-97.7618274576009, 30.2816190079082], [-97.7620062492919, 30.2816963870673], [-97.7618692328548, 30.2819113189434], [-97.7617517206393, 30.2820959630193], [-97.7615772273869, 30.2820119050225]]]}, "properties": {"FeatClass": "Fee", "Category": "Fee", "Own_Type": "LOC", "Own_Name": "CITY", "Unit_Nm": "Haskell House", "State_Nm": "TX", "GIS_Acres": 0}}, {"type": "Feature", "geometry": {"type": "Polygon", "coordinates": [[[-97.848843604827, 30.4610561188231], [-97.8487349122708, 30.4608204877638], [-97.8487339367004, 30.4607856229446], [-97.8487292367149, 30.4606280496953], [-97.848904669605, 30.4605839199719], [-97.8490442156979, 30.4605488312871], [-97.8492438887277, 30.4603797820889], [-97.8493975671166, 30.4602497248053], [-97.8494279247833, 30.4601878511112], [-97.8495784105597, 30.4598810249631], [-97.8495816516812, 30.4598452228636], [-97.8496281960911, 30.4593289846435], [-97.8495969508888, 30.4593008506137], [-97.8494083073741, 30.4591309188258], [-97.8493077059438, 30.4590402892953], [-97.8491550031252, 30.4589027206603], [-97.8494284673657, 30.4588253917925], [-97.8497178892789, 30.4587435600604], [-97.8500830921712, 30.4586395673236], [-97.850242810832, 30.4584227183611], [-97.8504154921825, 30.4581879257454], [-97.850512632404, 30.4580556392848], [-97.8506502596955, 30.4578682282539], [-97.8506633831834, 30.4578431230592], [-97.8507265140867, 30.4577223151082], [-97.8507811963346, 30.4576176762464], [-97.8508834102409, 30.4574221266952], [-97.8511376289748, 30.4569357271072], [-97.851161939183, 30.4568891952031], [-97.8511021059952, 30.4567989290845], [-97.8508941531934, 30.4564851973566], [-97.8508733095839, 30.4564537428203], [-97.8507093625529, 30.4562064278843], [-97.8505994132537, 30.4560405762451], [-97.8507132306985, 30.4559293550227], [-97.8507920731361, 30.4558523312183], [-97.8510207869024, 30.4556288366259], [-97.8511421322293, 30.4555102537876], [-97.8512939511055, 30.4553618932002], [-97.8512797711988, 30.4553072451468], [-97.8512597881753, 30.4552301519316], [-97.8511524844146, 30.4548161663011], [-97.8510361453988, 30.4543672390043], [-97.849992352446, 30.45446319285], [-97.849856777805, 30.4535904872447], [-97.849724072383, 30.4533850856257], [-97.8496311767012, 30.4532412922319], [-97.8494233146293, 30.4529195008248], [-97.8492077917246, 30.4525858733279], [-97.8495806033473, 30.4524013898244], [-97.8501516884246, 30.4533651692076], [-97.850415978171, 30.4532526509319], [-97.8512587407397, 30.4530992812661], [-97.8514712462033, 30.4538214941446], [-97.8517834565786, 30.4546193411517], [-97.8518605931154, 30.4549314782581], [-97.8521216713848, 30.4559880178081], [-97.8519642281565, 30.4566875956713], [-97.8517503015581, 30.4570148168127], [-97.8517442882356, 30.4570240239108], [-97.8518970494446, 30.4575345456854], [-97.8519268977665, 30.4582862848202], [-97.8519884916523, 30.4583512880793], [-97.8522761178332, 30.4586548350545], [-97.8524529053828, 30.4590511331574], [-97.8526331676159, 30.4591880039032], [-97.8528761556121, 30.4591691440957], [-97.8531191436083, 30.4591502819614], [-97.8533976797368, 30.4593716622778], [-97.8538194540341, 30.4597068818044], [-97.8537462107957, 30.4596859406841], [-97.8536729711506, 30.459664998785], [-97.8536319037691, 30.4596532598594], [-97.853462821968, 30.459604962993], [-97.8532606094009, 30.4595471890005], [-97.8529732257651, 30.4594650682726], [-97.8526840553802, 30.4593824573198], [-97.852570738297, 30.4593500853541], [-97.852266771761, 30.4594259232061], [-97.8521705127868, 30.4594703477021], [-97.8520742520159, 30.459514776824], [-97.8519899451264, 30.4595536856823], [-97.8518999986137, 30.4596333849878], [-97.8517311063571, 30.4597990028571], [-97.851652159715, 30.4598849221846], [-97.8515382748965, 30.4599079407988], [-97.8514243900781, 30.459930960182], [-97.8512867061928, 30.4599134602477], [-97.8511490250024, 30.4598959618591], [-97.85114889834, 30.4598959308857], [-97.8511476640548, 30.45989576905], [-97.8511462716661, 30.4598956048912], [-97.8511442127275, 30.4598954012415], [-97.8511421537888, 30.4598951960431], [-97.8511407614002, 30.4598950582118], [-97.8511393672148, 30.4598949498051], [-97.8511379739278, 30.4598948390753], [-97.8511366102852, 30.4598947306686], [-97.8511345190072, 30.4598945796736], [-97.8511331239236, 30.4598945246959], [-97.851131760281, 30.4598944449396], [-97.8511296672064, 30.4598943489222], [-97.8511275741318, 30.4598942807808], [-97.8511261772515, 30.4598942536792], [-97.8511247812695, 30.4598942273518], [-97.851123417627, 30.4598942010245], [-97.8511220189501, 30.4598942010245], [-97.8511199249771, 30.4598942157368], [-97.8511185280969, 30.4598942172855], [-97.8511171617593, 30.4598942451615], [-97.8511150641931, 30.4598942869755], [-97.8511136673129, 30.4598943427275], [-97.851112268636, 30.4598943977052], [-97.8511102034091, 30.4598944960456], [-97.8511088038339, 30.4598945510233], [-97.8511074356997, 30.4598946338769], [-97.8511053381336, 30.459894784872], [-97.8511032702118, 30.4598949389644], [-97.8511018688399, 30.4598950767957], [-97.8511005007057, 30.4598951882998], [-97.8510991325716, 30.4598953261312], [-97.8510977329964, 30.4598954639626], [-97.8510956632779, 30.4598957001343], [-97.8510935917629, 30.4598959618591], [-97.8510922218321, 30.4598961562168], [-97.8510908527996, 30.4598963211498], [-97.8510888136239, 30.4598966401753], [-97.8510874436931, 30.4598968329843], [-97.8510860719657, 30.4598970536694], [-97.8510847002382, 30.4598973022304], [-97.8510833303074, 30.4598975229155], [-97.8510812884368, 30.4598978969186], [-97.8510792447695, 30.4598982957004], [-97.8510779062797, 30.4598985473588], [-97.8510765327556, 30.4598988501233], [-97.851074522326, 30.459899279104], [-97.851073180243, 30.4598995826428], [-97.8510718390583, 30.4598998861815], [-97.8510698268321, 30.4599003709144], [-97.851068484749, 30.4599007023291], [-97.851067142666, 30.4599010329696], [-97.8510657996846, 30.4599013930346], [-97.8510644899409, 30.4599017252237], [-97.8510625073591, 30.4599022920358], [-97.8510605247773, 30.459902858848], [-97.8510592123387, 30.4599032460147], [-97.8510579007983, 30.4599036331815], [-97.8510559173182, 30.459904254197], [-97.8510546363206, 30.4599046700141], [-97.8510533229837, 30.4599050842825], [-97.8510520096467, 30.4599055256527], [-97.8510507286491, 30.4599059701201], [-97.8510488071527, 30.4599066468876], [-97.851046884758, 30.4599073523054], [-97.8510456010655, 30.4599078231001], [-97.8510443191696, 30.4599083202222], [-97.8510424282159, 30.4599090542903], [-97.851041143625, 30.4599095506381], [-97.8510398940685, 30.4599100771849], [-97.8510386409186, 30.4599105766299], [-97.8510373913621, 30.459911101628], [-97.851036137314, 30.4599116552765], [-97.8510349183001, 30.4599121818232], [-97.8510330551942, 30.4599130258467], [-97.8510318325871, 30.4599135787208], [-97.8510305812339, 30.4599141610195], [-97.8510287801118, 30.4599150336933], [-97.851027558403, 30.459915613669], [-97.8510263366942, 30.4599162238438], [-97.8510245355721, 30.4599171251678], [-97.8510233462026, 30.4599177337939], [-97.8510221541382, 30.459918370296], [-97.8510203826605, 30.4599193258234], [-97.8510191932911, 30.4599199638741], [-97.8510180326677, 30.4599206019248], [-97.8510168729427, 30.4599212647542], [-97.8510157132176, 30.4599219306809], [-97.8510139731809, 30.4599229442833], [-97.851012263687, 30.459923956337], [-97.851011135403, 30.4599246478167], [-97.8510100062206, 30.459925368721], [-97.8510083281677, 30.459926437301], [-97.8510071971888, 30.4599271582053], [-97.8510061003458, 30.4599278791097], [-97.8510049693669, 30.4599285992397], [-97.8510038698289, 30.4599293487943], [-97.8510022555564, 30.4599304731263], [-97.8510006376906, 30.4599315959096], [-97.8509995695937, 30.4599323733402], [-97.8509985032934, 30.4599331499965], [-97.8509974342983, 30.4599339282015], [-97.8509963670997, 30.4599347040834], [-97.8509948130143, 30.4599359120433], [-97.8509937763584, 30.4599367173499], [-97.8509927379059, 30.4599375218821], [-97.8509912152615, 30.4599387569437], [-97.8509896899222, 30.4599399927795], [-97.8509324160346, 30.4600386931148], [-97.8509322570328, 30.4600399010734], [-97.8509320998276, 30.4600410811561], [-97.8509318617741, 30.460042890771], [-97.8509317369083, 30.4600440987295], [-97.8509316111441, 30.4600452788121], [-97.8509315159227, 30.4600464883193], [-97.8509314305827, 30.4600472827843], [-97.8509169506387, 30.4602212069732], [-97.8510080766394, 30.4603785269003], [-97.8510539518044, 30.4604577082793], [-97.8511048395686, 30.4605455450373], [-97.8511395702341, 30.4606054927507], [-97.8511395010638, 30.4606659716158], [-97.8511393501468, 30.4607989181299], [-97.8511391291613, 30.4609923702264], [-97.851146639077, 30.4610585169056], [-97.8511669724435, 30.4612375753733], [-97.8512682287457, 30.4614219879448], [-97.8513538399889, 30.4615987537572], [-97.8513472229985, 30.4617804493354], [-97.8513800483373, 30.4618745801052], [-97.8514078889246, 30.4619544230837], [-97.8514213843151, 30.4621358748634], [-97.8514217867604, 30.4621413012682], [-97.8512146720868, 30.4621137828574], [-97.8509905657796, 30.4620840096302], [-97.850802261828, 30.4619818532674], [-97.8506309288489, 30.4618593159761], [-97.8505667496117, 30.4617780001656], [-97.8505025712729, 30.4616966842872], [-97.8503033797401, 30.461444232649], [-97.8502718353989, 30.4614042931494], [-97.8501226944004, 30.4612152981004], [-97.849938202899, 30.4612166787185], [-97.8498904439669, 30.4612794979814], [-97.8497323234089, 30.4614874792569], [-97.8495269308057, 30.4617577106927], [-97.8494047159096, 30.4619184390072], [-97.8492825342512, 30.462079194932], [-97.8491603166601, 30.4622399498172], [-97.8490381017641, 30.4624007059857], [-97.8489159156141, 30.462561434788], [-97.8488548247849, 30.4626417990897], [-97.8488868470298, 30.4627764680716], [-97.8490017307748, 30.4629544029561], [-97.8490565908892, 30.4630299716402], [-97.8488327028727, 30.4632167269694], [-97.8487852718257, 30.4632571798657], [-97.848366938076, 30.4628808752942], [-97.8482112860884, 30.4630183461691], [-97.8480556646435, 30.4631557928464], [-97.8479000108593, 30.4632932648818], [-97.8477437426274, 30.4634902970573], [-97.8476294239226, 30.4637078037381], [-97.8475184119165, 30.4639189691776], [-97.847372342258, 30.4641968362036], [-97.8473409236809, 30.4643292598934], [-97.8473156073596, 30.4644359186575], [-97.8472919089041, 30.4645357650426], [-97.847185205218, 30.4647731401188], [-97.8471007878358, 30.4651297881747], [-97.8467430373672, 30.4652490987527], [-97.8467496947817, 30.4652310213783], [-97.8468240986435, 30.4650298471604], [-97.8468665916513, 30.4649149652738], [-97.8470242396955, 30.4644887226351], [-97.8470359896594, 30.4644689563774], [-97.8471387147071, 30.4642959720277], [-97.8471518247204, 30.4642738929004], [-97.8472003499154, 30.4641922151847], [-97.8472383540418, 30.464131919695], [-97.8473361410504, 30.4639768001987], [-97.8474084716004, 30.4638620548959], [-97.8474094121365, 30.4638342938403], [-97.8474149574368, 30.4636697962798], [-97.8474208396052, 30.4634958720533], [-97.8475378388828, 30.4633369419575], [-97.8476616680514, 30.4631802338649], [-97.8477607279728, 30.4630015947718], [-97.8477980538711, 30.4629343026596], [-97.8478517407858, 30.4628407590667], [-97.84795347589, 30.4626876391093], [-97.8480034240165, 30.4626124487982], [-97.8481257646767, 30.4624282661284], [-97.8481578803464, 30.4623770987076], [-97.8482565081781, 30.4622200692788], [-97.8483715913491, 30.4620368436967], [-97.8485108418963, 30.4618150590478], [-97.8485479243512, 30.4617560412613], [-97.8485928580817, 30.4616497040029], [-97.8486638968544, 30.4614815487327], [-97.848843604827, 30.4610561188231]]]}, "properties": {"FeatClass": "Fee", "Category": "Fee", "Own_Type": "LOC", "Own_Name": "CITY", "Unit_Nm": "Twin Creeks Historic Park", "State_Nm": "TX", "GIS_Acres": 43}}, {"type": "Feature", "geometry": {"type": "Polygon", "coordinates": [[[-97.3614277586589, 32.7195446406991], [-97.361450250677, 32.7191091446433], [-97.3613328606323, 32.7191091688283], [-97.3611095556223, 32.7187214512843], [-97.3608692571822, 32.7183657403701], [-97.3607074373618, 32.7180269652763], [-97.3610146701721, 32.7180317063422], [-97.360980200018, 32.7182092440783], [-97.3613810489591, 32.7185210702109], [-97.3615271060411, 32.718948213219], [-97.3617303714337, 32.7193013861732], [-97.3618693237402, 32.7194711663539], [-97.3620010482019, 32.7195707837569], [-97.3621499466552, 32.7196496671055], [-97.3623320504346, 32.7197005390968], [-97.3626391898201, 32.7197382613349], [-97.363012657213, 32.71977686479], [-97.3632536437627, 32.7198002371114], [-97.3634029401696, 32.719822769006], [-97.3636254070514, 32.7199721453544], [-97.3637813590763, 32.7201352062065], [-97.3636876549107, 32.7203171519396], [-97.3636601916159, 32.7205065741172], [-97.3636629790882, 32.7209494486798], [-97.3636214688372, 32.7212454017884], [-97.3635736245652, 32.7214266673393], [-97.363429666846, 32.7216218966782], [-97.3632587686514, 32.7217624533451], [-97.3630856659911, 32.7218719240121], [-97.3629101594391, 32.7219404151909], [-97.3621866536143, 32.7219621091672], [-97.3614993579803, 32.721924201198], [-97.3614561409303, 32.7218710246616], [-97.3614277586589, 32.7195446406991]]]}, "properties": {"FeatClass": "Fee", "Category": "Fee", "Own_Type": "LOC", "Own_Name": "CITY", "Unit_Nm": "Log Cabin Village", "State_Nm": "TX", "GIS_Acres": 14}}, {"type": "Feature", "geometry": {"type": "Polygon", "coordinates": [[[-95.1242270409294, 31.8086956182798], [-95.1224870410549, 31.8078756187288], [-95.122447040872, 31.8051356166662], [-95.1204870399912, 31.8051956183618], [-95.1203770403864, 31.8023656167142], [-95.1220770400778, 31.8023956173211], [-95.1220770400778, 31.8011956182755], [-95.1221170402608, 31.7988956161835], [-95.125607041852, 31.7989256156266], [-95.1269470416933, 31.7989356172202], [-95.1269270407035, 31.8011856169265], [-95.130547041991, 31.8016356162486], [-95.1300470423988, 31.8044056182361], [-95.130067041592, 31.8070456180551], [-95.1264170410656, 31.8070656179566], [-95.1264370411571, 31.808015616691], [-95.1245370414491, 31.8080056183704], [-95.1242570419649, 31.8084056182929], [-95.1242170417819, 31.8084856182223], [-95.1241970407921, 31.8085556182945], [-95.1241970407921, 31.8086156192957], [-95.1242070417362, 31.8086556176513], [-95.1242270409294, 31.8086956182798]]]}, "properties": {"FeatClass": "Fee", "Category": "Fee", "Own_Type": "LOC", "Own_Name": "CITY", "Unit_Nm": "Jim Hogg Historic Site", "State_Nm": "TX", "GIS_Acres": 171}}, {"type": "Feature", "geometry": {"type": "Polygon", "coordinates": [[[-100.427413605952, 31.4530736492937], [-100.427421906385, 31.4525528311633], [-100.428151165021, 31.4525763436396], [-100.431544065916, 31.4525345910197], [-100.431589116428, 31.4535922720879], [-100.431585126111, 31.4540376483252], [-100.431584605088, 31.4540959320008], [-100.431580614772, 31.4545413096748], [-100.430618172353, 31.4545709843301], [-100.430425693032, 31.454576918647], [-100.429463247918, 31.4546065848617], [-100.428141303315, 31.4546530807892], [-100.427815687381, 31.4544855390144], [-100.427361889042, 31.4544697683059], [-100.427413605952, 31.4530736492937]]]}, "properties": {"FeatClass": "Fee", "Category": "Fee", "Own_Type": "LOC", "Own_Name": "CITY", "Unit_Nm": "Fort Concho National Historic Landmark", "State_Nm": "TX", "GIS_Acres": 24}}, {"type": "Feature", "geometry": {"type": "Polygon", "coordinates": [[[-100.428256540098, 31.4547823190391], [-100.429858740205, 31.4547329441481], [-100.429855334692, 31.4551123390021], [-100.428253128297, 31.4551617136931], [-100.428256540098, 31.4547823190391]]]}, "properties": {"FeatClass": "Fee", "Category": "Fee", "Own_Type": "LOC", "Own_Name": "CITY", "Unit_Nm": "Fort Concho National Historic Landmark", "State_Nm": "TX", "GIS_Acres": 24}}, {"type": "Feature", "geometry": {"type": "Polygon", "coordinates": [[[-98.2371885666296, 30.7573390643598], [-98.2372062086434, 30.756531622659], [-98.2380588957993, 30.7565457241526], [-98.2380331680496, 30.7573459479186], [-98.2371885666296, 30.7573390643598]]]}, "properties": {"FeatClass": "Fee", "Category": "Fee", "Own_Type": "LOC", "Own_Name": "CNTY", "Unit_Nm": "Fort Croghan Grounds", "State_Nm": "TX", "GIS_Acres": 2}}, {"type": "Feature", "geometry": {"type": "Polygon", "coordinates": [[[-98.2645384896152, 30.5291397501222], [-98.2645577396135, 30.5282873876359], [-98.2669609027801, 30.5282969586372], [-98.2674825068548, 30.528682609081], [-98.2680680341469, 30.529108630126], [-98.2661969296484, 30.5291161760567], [-98.2645384896152, 30.5291397501222]]]}, "properties": {"FeatClass": "Fee", "Category": "Fee", "Own_Type": "LOC", "Own_Name": "CNTY", "Unit_Nm": "Dead Man's Hole", "State_Nm": "TX", "GIS_Acres": 6}}, {"type": "Feature", "geometry": {"type": "Polygon", "coordinates": [[[-95.6977559103577, 29.9705079719449], [-95.6981850876712, 29.9697300766677], [-95.6983180122821, 29.9698122702278], [-95.6994954404132, 29.970616249153], [-95.6997770415935, 29.9708334257692], [-95.6991729452262, 29.9708842611748], [-95.6977559103577, 29.9705079719449]]]}, "properties": {"FeatClass": "Fee", "Category": "Fee", "Own_Type": "LOC", "Own_Name": "CNTY", "Unit_Nm": "Cypress Top Historic Park", "State_Nm": "TX", "GIS_Acres": 3}}, {"type": "Feature", "geometry": {"type": "Polygon", "coordinates": [[[-96.5464501680007, 31.5630779253018], [-96.5474901206557, 31.5625709111271], [-96.5492944219381, 31.5637212591563], [-96.5475469732334, 31.5646082709208], [-96.5464501680007, 31.5630779253018]]]}, "properties": {"FeatClass": "Fee", "Category": "Fee", "Own_Type": "LOC", "Own_Name": "CNTY", "Unit_Nm": "Old Fort Parker", "State_Nm": "TX", "GIS_Acres": 7}}, {"type": "Feature", "geometry": {"type": "Polygon", "coordinates": [[[-97.756796866857, 30.5120726651563], [-97.7568133976548, 30.5112556970406], [-97.757762326717, 30.5112664027454], [-97.7577477578397, 30.5120809360236], [-97.756796866857, 30.5120726651563]]]}, "properties": {"FeatClass": "Fee", "Category": "Fee", "Own_Type": "LOC", "Own_Name": "CNTY", "Unit_Nm": "Champion Cemetery", "State_Nm": "TX", "GIS_Acres": 2}}, {"type": "Feature", "geometry": {"type": "Polygon", "coordinates": [[[-97.6841922542918, 32.4399914776214], [-97.6842376713159, 32.439989714954], [-97.6842403438039, 32.4400392303543], [-97.6841949258814, 32.4400409937789], [-97.6841922542918, 32.4399914776214]]]}, "properties": {"FeatClass": "Fee", "Category": "Fee", "Own_Type": "STAT", "Own_Name": "OTHS", "Unit_Nm": "Acton State Historic Site", "State_Nm": "TX", "GIS_Acres": 0}}, {"type": "Feature", "geometry": {"type": "Polygon", "coordinates": [[[-96.5587285128823, 31.6350385981973], [-96.5565431157136, 31.6326597786801], [-96.5565278012346, 31.6326245848247], [-96.5565198223983, 31.6325876578026], [-96.556519419953, 31.6325501066467], [-96.5565266073736, 31.6325130602781], [-96.5565411663694, 31.6324776330872], [-96.5565626585626, 31.6324448912805], [-96.556590442556, 31.6324158176969], [-96.5584350889745, 31.6308052216568], [-96.5602015666919, 31.6293241031919], [-96.5626579640223, 31.6313631730032], [-96.5644346376181, 31.6328727549901], [-96.563294505741, 31.6348161666259], [-96.5632328435833, 31.6347816328729], [-96.5630174096118, 31.6346503039952], [-96.5628165948233, 31.6345014219535], [-96.5626301809271, 31.6343409592761], [-96.5624366766284, 31.634183297925], [-96.5622897616553, 31.6339939811174], [-96.5622151996901, 31.6338335030326], [-96.5621926025691, 31.6337820628563], [-96.5615392884057, 31.6343508210847], [-96.5616804963818, 31.6344206093738], [-96.561521869174, 31.6344805970035], [-96.5613464308939, 31.6345469419064], [-96.5613014747056, 31.6346018899576], [-96.5613014297898, 31.6346019450257], [-96.561243622303, 31.6347228141035], [-96.5611792966404, 31.6347613418396], [-96.5610894228912, 31.6347613418396], [-96.5610188287846, 31.6347448107245], [-96.5607664821398, 31.634534219634], [-96.5607488940249, 31.6345195416753], [-96.5606140290529, 31.634420542833], [-96.5604276897169, 31.6343381500296], [-96.5602864269435, 31.6343161418398], [-96.5601642937941, 31.6343271409639], [-96.5601000876075, 31.6343601459767], [-96.5601064297134, 31.6344260091186], [-96.5602156935981, 31.6345854146472], [-96.560292824745, 31.6347888161882], [-96.5603184932059, 31.6348603418488], [-96.5603148217914, 31.6348945696395], [-96.5603120289291, 31.6349206068291], [-96.560292824745, 31.6349426141109], [-96.5602767889189, 31.6349508811809], [-96.5602606300235, 31.6349592109663], [-96.5599586936801, 31.6350251478727], [-96.5599008969731, 31.6350526129655], [-96.5597660221197, 31.6351955422178], [-96.5597016973554, 31.6352339420314], [-96.5595926284052, 31.6352614147109], [-96.5595538948468, 31.6352834127341], [-96.5593612888633, 31.6354593500786], [-96.5593034247826, 31.6354868142784], [-96.5591812916332, 31.6355253432276], [-96.5591493448468, 31.6355435866519], [-96.5587285128823, 31.6350385981973]]]}, "properties": {"FeatClass": "Fee", "Category": "Fee", "Own_Type": "STAT", "Own_Name": "OTHS", "Unit_Nm": "Confederate Reunion Grounds State Historic Site", "State_Nm": "TX", "GIS_Acres": 68}}, {"type": "Feature", "geometry": {"type": "Polygon", "coordinates": [[[-95.9835484195875, 30.4825860709469], [-95.9841795929741, 30.4825668649787], [-95.9844114077248, 30.4827097526768], [-95.9841436576678, 30.4831409212061], [-95.9842199884158, 30.4833455888934], [-95.9842578982191, 30.4834456628426], [-95.9839605334022, 30.4835289578568], [-95.98388117623, 30.4832114956786], [-95.9835274879431, 30.483201053193], [-95.9835484195875, 30.4825860709469]]]}, "properties": {"FeatClass": "Fee", "Category": "Fee", "Own_Type": "STAT", "Own_Name": "SPR", "Unit_Nm": "Fanthorp Inn State Historic Site", "State_Nm": "TX", "GIS_Acres": 1}}, {"type": "Feature", "geometry": {"type": "Polygon", "coordinates": [[[-106.040283747986, 31.9271538828998], [-106.039834072016, 31.9264889099201], [-106.035817312715, 31.9265330062667], [-106.035753843147, 31.9246751416238], [-106.035753449685, 31.9246038649175], [-106.035738817925, 31.9219485846917], [-106.035738456803, 31.9193211423514], [-106.035702905975, 31.9167977298272], [-106.035678678412, 31.9141930329297], [-106.035654454442, 31.9115883347272], [-106.03567470696, 31.9091479116822], [-106.035673885002, 31.909063808733], [-106.035652119721, 31.9068363890037], [-106.035846022871, 31.9068359581417], [-106.037934401989, 31.9068312987313], [-106.039931193373, 31.9068307603445], [-106.044017758957, 31.90684010128], [-106.047945451196, 31.9068573860882], [-106.051721028114, 31.9068667872654], [-106.051724271931, 31.9072682070302], [-106.05177608496, 31.9085690967753], [-106.051781954552, 31.9095207916431], [-106.051793707211, 31.910321333079], [-106.051841962013, 31.9132844192511], [-106.05186440642, 31.9154019743536], [-106.051887397902, 31.9204424111158], [-106.05193070119, 31.921429879337], [-106.051938062884, 31.9234122376872], [-106.051913608945, 31.9255324340147], [-106.051927796937, 31.92782371222], [-106.047647231183, 31.927841047217], [-106.046094194974, 31.9278358040993], [-106.042114251328, 31.927807625291], [-106.040719844123, 31.9277987607057], [-106.040283747986, 31.9271538828998]]]}, "properties": {"FeatClass": "Fee", "Category": "Fee", "Own_Type": "STAT", "Own_Name": "SPR", "Unit_Nm": "Hueco Tanks State Park & Historic Site", "State_Nm": "TX", "GIS_Acres": 863}}, {"type": "Feature", "geometry": {"type": "Polygon", "coordinates": [[[-96.8724896911908, 29.8906091908071], [-96.8727338308271, 29.8888010246566], [-96.8734452722776, 29.8871378159902], [-96.8743646153259, 29.8872637009684], [-96.8756158346677, 29.8876108390899], [-96.8767030252319, 29.8880762312098], [-96.8766858584268, 29.8881372657489], [-96.8767011172102, 29.8889040199627], [-96.8767964841574, 29.888900206016], [-96.876781225374, 29.8881944870556], [-96.8770024777335, 29.8874010301373], [-96.8771092892175, 29.8873018480652], [-96.8776719579788, 29.8875993939854], [-96.8777902131011, 29.8889230943674], [-96.8778016576378, 29.8890604243657], [-96.8776071077001, 29.8891939379029], [-96.8768136509625, 29.8895448910134], [-96.8765447151294, 29.889705108327], [-96.8761994853792, 29.8899454338145], [-96.8760888587502, 29.889995024716], [-96.8758580689774, 29.8901933888542], [-96.8752763271859, 29.8906015622651], [-96.8750092975778, 29.8907312598613], [-96.874625920869, 29.891292022004], [-96.8741071222329, 29.8918337087055], [-96.874004125894, 29.8919443347696], [-96.8731172093325, 29.8911852098542], [-96.8724896911908, 29.8906091908071]]]}, "properties": {"FeatClass": "Fee", "Category": "Fee", "Own_Type": "STAT", "Own_Name": "SPR", "Unit_Nm": "Monument Hill / Kreische Brewery State Historic Sites", "State_Nm": "TX", "GIS_Acres": 40}}, {"type": "Feature", "geometry": {"type": "Polygon", "coordinates": [[[-96.1512963805863, 30.3259569152508], [-96.1511161749471, 30.3257263067771], [-96.1504216748245, 30.3252673446192], [-96.1496764612109, 30.3246292096152], [-96.1492627537849, 30.324464467382], [-96.1477092064342, 30.3236367152526], [-96.1469268932977, 30.3233069526731], [-96.1458320859182, 30.3229042847808], [-96.1448132706219, 30.3225563508026], [-96.1435030113047, 30.3221899782904], [-96.1419533922867, 30.3219269193761], [-96.1404319237749, 30.3216523957976], [-96.1393737874219, 30.3217016162101], [-96.1386248475965, 30.3216369732674], [-96.1379559090354, 30.3212122102879], [-96.1374936476682, 30.3208522812782], [-96.137219392012, 30.3202431601181], [-96.1371664039866, 30.319675071768], [-96.1373682168034, 30.3184732638579], [-96.1410643350399, 30.3180716617396], [-96.1424178527297, 30.3188611838036], [-96.1433788353863, 30.3197627381958], [-96.1440835268958, 30.3203933148943], [-96.1449313766239, 30.3208822681755], [-96.14585430934, 30.3211798568676], [-96.1465941609097, 30.3215578809049], [-96.1476351331525, 30.3216738480686], [-96.1491805139189, 30.321103368045], [-96.1492857479612, 30.3207855882953], [-96.1490039509482, 30.319696888156], [-96.1500460083559, 30.3191408471315], [-96.1511618075669, 30.320938863369], [-96.1550806091792, 30.3224433258662], [-96.1571469256738, 30.321564839621], [-96.1582049452458, 30.3221678631432], [-96.1584495520061, 30.3225776191005], [-96.1587054811322, 30.3224014987206], [-96.1588608375741, 30.3224650501378], [-96.1600015452713, 30.3229343989943], [-96.159569821234, 30.3238874916965], [-96.1583686883591, 30.3233434670524], [-96.1585180108172, 30.3230745490694], [-96.1578748619896, 30.3227693313355], [-96.1576148841565, 30.3226360309045], [-96.1572792313455, 30.3224585389051], [-96.1545785910725, 30.3248184272341], [-96.1565144093059, 30.3256765673192], [-96.1567634681167, 30.3252121902969], [-96.1571589630986, 30.3253577222715], [-96.1570513943349, 30.3255483861535], [-96.1572027011715, 30.3256054702541], [-96.1573143860158, 30.3254141861629], [-96.1576842987751, 30.3255512148099], [-96.1575879688339, 30.3257472820618], [-96.1577814120472, 30.3258183278478], [-96.1578848368825, 30.3256251808895], [-96.1584609929495, 30.3258372467601], [-96.1579363301112, 30.3267166398908], [-96.1584402077305, 30.3269679442425], [-96.1588967252697, 30.3272138621181], [-96.1591899156155, 30.3273790153333], [-96.1595437215817, 30.3276562622895], [-96.1598313747121, 30.3280133066987], [-96.1591856037021, 30.3282651357557], [-96.1613539733046, 30.3341761201251], [-96.1608521375559, 30.3345054212292], [-96.1599002539348, 30.3358073330535], [-96.1594433456285, 30.3365106393378], [-96.1590382907753, 30.3366014818805], [-96.1585574127222, 30.3358498972283], [-96.1558177765828, 30.3315776430886], [-96.1548530263918, 30.3298718052782], [-96.1545486663938, 30.329424730338], [-96.1540570831175, 30.328673538766], [-96.1537722758499, 30.328287482915], [-96.153537255012, 30.3280336782483], [-96.1534407633741, 30.327861383328], [-96.1531983934189, 30.3275168910519], [-96.1528206823846, 30.3272262310758], [-96.152526620673, 30.3269263873133], [-96.1522965531456, 30.3266653517058], [-96.151983062671, 30.3264817259041], [-96.1512963805863, 30.3259569152508]]]}, "properties": {"FeatClass": "Fee", "Category": "Fee", "Own_Type": "STAT", "Own_Name": "SPR", "Unit_Nm": "Washington-on-the-Brazos State Historic Site", "State_Nm": "TX", "GIS_Acres": 295}}, {"type": "Feature", "geometry": {"type": "Polygon", "coordinates": [[[-98.6071993698275, 30.2421188211721], [-98.6073166727356, 30.2420244182204], [-98.607458197817, 30.241882711959], [-98.6075293425909, 30.2417971946842], [-98.6076038066397, 30.2416936400982], [-98.60766177762, 30.2415983807407], [-98.607703849318, 30.2415292482493], [-98.6077961027044, 30.2413625768229], [-98.607970234834, 30.2410246923513], [-98.6080945320249, 30.2408039707405], [-98.6083881607486, 30.2403085198904], [-98.6085018030219, 30.2401531910501], [-98.6085761943072, 30.2400676839116], [-98.6087203227064, 30.2399237288643], [-98.6088676796506, 30.2397842927045], [-98.6091503138935, 30.239527967227], [-98.6091701702546, 30.2395099590804], [-98.6095482846324, 30.2391659108039], [-98.6099296464199, 30.2388218721883], [-98.6102164156081, 30.2385790721714], [-98.6105141918534, 30.2383453292861], [-98.6105693196658, 30.2383065388143], [-98.6107089528952, 30.2382082890044], [-98.610917318922, 30.2380803132724], [-98.6111548981618, 30.2379569357174], [-98.6113995498379, 30.2378516277725], [-98.611569973722, 30.2377912213646], [-98.6118047313535, 30.2377242351984], [-98.6121180825892, 30.2376574818148], [-98.6124339733623, 30.2376065273431], [-98.612643886288, 30.2375800749343], [-98.6129252413299, 30.2375560897242], [-98.6133027143106, 30.2375368999996], [-98.6137834477349, 30.237522525942], [-98.61426480459, 30.2375149186568], [-98.6145850207511, 30.2375203738301], [-98.6150104089708, 30.2375396729873], [-98.6152532559314, 30.2375629457464], [-98.6156207396462, 30.2376068897793], [-98.6159868875661, 30.2376598520063], [-98.6167204608103, 30.2377725470119], [-98.6172119587466, 30.2378303837882], [-98.6174703869858, 30.2378559560407], [-98.6174670245917, 30.2378852752603], [-98.6173512057005, 30.2396130666178], [-98.6133266427348, 30.2393891839655], [-98.6112374928623, 30.2404072456614], [-98.6112298086734, 30.2408742251614], [-98.6106913962213, 30.2408500661396], [-98.6106246612772, 30.2421245329652], [-98.6081135448679, 30.2420696686946], [-98.6074947278081, 30.2426611560063], [-98.6074660401094, 30.2426881417491], [-98.6074367011323, 30.2427151267084], [-98.6073343461905, 30.2428073180203], [-98.6070854490764, 30.2429960788699], [-98.6069747487856, 30.2430634292915], [-98.6073195185984, 30.2440261893105], [-98.6073403128006, 30.2440842567719], [-98.6065939340721, 30.2442965773492], [-98.6064593520695, 30.2443348602539], [-98.6054803222587, 30.2446133500687], [-98.6049179741959, 30.2429354156461], [-98.6049096468132, 30.2429060622346], [-98.6052594067674, 30.2428371797762], [-98.6058438848273, 30.2427148566415], [-98.6058815799332, 30.242705658071], [-98.6060539100424, 30.2426635990261], [-98.6062581330391, 30.242601044351], [-98.6063915059093, 30.2425495569638], [-98.6065043864113, 30.2425038488377], [-98.6065684821051, 30.2424778936467], [-98.6066329901257, 30.2424466822198], [-98.6066413103218, 30.2424426560397], [-98.6067634668274, 30.2423835531245], [-98.6068001845663, 30.2423657868549], [-98.6069443048806, 30.2422848122655], [-98.6070078696701, 30.2422490957615], [-98.6070961453165, 30.2421890443868], [-98.6071993698275, 30.2421188211721]]]}, "properties": {"FeatClass": "Fee", "Category": "Fee", "Own_Type": "STAT", "Own_Name": "SPR", "Unit_Nm": "Lyndon B. Johnson State Park & Historic Site", "State_Nm": "TX", "GIS_Acres": 454}}, {"type": "Feature", "geometry": {"type": "Polygon", "coordinates": [[[-98.6227654417494, 30.2537290431527], [-98.6222166708238, 30.2456959482508], [-98.6226856902168, 30.2456973000962], [-98.6222984291927, 30.2401147280192], [-98.6222984552439, 30.2401079598715], [-98.6222141142185, 30.2400806443645], [-98.619506335034, 30.2391523417819], [-98.6195071309413, 30.2391139916674], [-98.6195059038427, 30.2380290943727], [-98.6195058463505, 30.2379786290313], [-98.6195052669371, 30.2374668868874], [-98.6195052139365, 30.2374196948302], [-98.6193002911522, 30.2373754596775], [-98.6191768078349, 30.2373488038692], [-98.6186642237439, 30.2372006702104], [-98.6150164627175, 30.2366530642282], [-98.6143392452827, 30.2365833911954], [-98.6136591909682, 30.2365746189075], [-98.6129814866465, 30.2366290213603], [-98.6129554894022, 30.2366334567844], [-98.6129177969912, 30.2366378572837], [-98.612308848823, 30.2367172750092], [-98.6122763531659, 30.2367216910268], [-98.6121330018095, 30.2360083557046], [-98.6117408719166, 30.2359575610323], [-98.6117008537673, 30.2357273261363], [-98.6089122863944, 30.2368854102768], [-98.6088797539064, 30.2368988476748], [-98.6086968236768, 30.2366726972795], [-98.6083850310181, 30.2361822043234], [-98.6083701818665, 30.2361595986884], [-98.6083508195789, 30.2361279560684], [-98.6081855996352, 30.2358589929986], [-98.6094837164247, 30.2356169586688], [-98.6135608730553, 30.2348078456922], [-98.6146580439023, 30.234619312042], [-98.616602234434, 30.2344264837604], [-98.6187769721935, 30.2344102667397], [-98.6372360361486, 30.2350379616677], [-98.6373028133136, 30.2370189576283], [-98.6369701240448, 30.2370496213009], [-98.6367393728994, 30.237091847281], [-98.6365787756862, 30.2371342672677], [-98.6331010603531, 30.238171381273], [-98.6330698394054, 30.2381825748192], [-98.6330373176972, 30.2381937629314], [-98.6321950258458, 30.2384891997233], [-98.6321618465707, 30.2385026431107], [-98.6297755636466, 30.2394773032027], [-98.6296975063367, 30.239506410845], [-98.6297200378806, 30.2395606199836], [-98.6299250109706, 30.2400624236746], [-98.6300798526778, 30.2404414952823], [-98.6300933678312, 30.240475373929], [-98.6295721347607, 30.2405460950036], [-98.6293299130274, 30.2405721973822], [-98.6290009194277, 30.2406076483033], [-98.6286195064361, 30.2406358957246], [-98.6283005119838, 30.2406485270487], [-98.628153595214, 30.2406460319821], [-98.6280534177885, 30.2406443308355], [-98.6279815840068, 30.2406431100765], [-98.62776857369, 30.2406289692944], [-98.6274834951312, 30.2406055979241], [-98.6271043009784, 30.2405616552319], [-98.6266017753237, 30.2404947982296], [-98.6261369250119, 30.2404280467276], [-98.6258642818316, 30.24037989221], [-98.6258640231168, 30.2403930233577], [-98.6258634787377, 30.2404204986488], [-98.6258633493803, 30.2406666281151], [-98.6258631858869, 30.2409753608311], [-98.6258631481577, 30.2410482250439], [-98.6258626756439, 30.2419444056645], [-98.6258626468978, 30.2419994989427], [-98.6258564440307, 30.2537649812902], [-98.6256995227236, 30.2537631593199], [-98.6227654417494, 30.2537290431527]]]}, "properties": {"FeatClass": "Fee", "Category": "Fee", "Own_Type": "STAT", "Own_Name": "SPR", "Unit_Nm": "Lyndon B. Johnson State Park & Historic Site", "State_Nm": "TX", "GIS_Acres": 454}}, {"type": "Feature", "geometry": {"type": "Polygon", "coordinates": [[[-97.2123950701173, 32.4074651522104], [-97.2124141063165, 32.4070463686356], [-97.2129233109454, 32.4070654040534], [-97.2129137941933, 32.4074651522104], [-97.2123950701173, 32.4074651522104]]]}, "properties": {"FeatClass": "Fee", "Category": "Fee", "Own_Type": "LOC", "Own_Name": "CITY", "Unit_Nm": "Heritage Park And Museum", "State_Nm": "TX", "GIS_Acres": 1}}, {"type": "Feature", "geometry": {"type": "Polygon", "coordinates": [[[-97.6798414744189, 30.3401160588445], [-97.6798434309496, 30.3401059522431], [-97.6795875350611, 30.3402017323297], [-97.6795976959053, 30.3402070042555], [-97.6796059909487, 30.3402142988947], [-97.6796118991683, 30.3402232231783], [-97.6791734781905, 30.340383628335], [-97.6790793967325, 30.3405149912166], [-97.6788863927954, 30.3403612653295], [-97.678784315433, 30.340538917928], [-97.6789683649634, 30.3406700162309], [-97.6787767875509, 30.3409426839818], [-97.6785962441451, 30.3406565628046], [-97.6784335152297, 30.3403947947179], [-97.6783863833217, 30.3401809113213], [-97.6782858842993, 30.3397251258088], [-97.6784403918332, 30.3397128413855], [-97.6783580729155, 30.3393776508637], [-97.678379318072, 30.3385619116257], [-97.6786014858148, 30.338525613801], [-97.6799226866122, 30.3382136169373], [-97.6801455541426, 30.3384158992065], [-97.6815161461109, 30.3396578626611], [-97.6805691879525, 30.3410437227261], [-97.6805634656841, 30.3410534803563], [-97.6805422968845, 30.3410656661512], [-97.6805297851492, 30.341067497354], [-97.680517233888, 30.341066136744], [-97.680505657299, 30.3410616626239], [-97.6804776981341, 30.3410486247996], [-97.6804503363488, 30.341034638035], [-97.6804236006893, 30.3410197542732], [-97.6803975567326, 30.3410040053002], [-97.6803722673608, 30.3409873647561], [-97.6803476957428, 30.3409699148198], [-97.6803239406934, 30.3409516547157], [-97.680301000416, 30.3409325883196], [-97.6802789350977, 30.3409127970353], [-97.6802577788744, 30.3408922537275], [-97.6802375299496, 30.3408710421259], [-97.6802182494087, 30.34084916223], [-97.6801999381499, 30.3408266419493], [-97.6801826895981, 30.3408035402046], [-97.680166439973, 30.3407798523438], [-97.6801512809025, 30.3407556636471], [-97.6801371836408, 30.3407309779906], [-97.6801242092731, 30.3407058449918], [-97.6798445969629, 30.340136230179], [-97.6798418894406, 30.3401262732094], [-97.6798414744189, 30.3401160588445]]]}, "properties": {"FeatClass": "Fee", "Category": "Fee", "Own_Type": "LOC", "Own_Name": "CITY", "Unit_Nm": "Asian American Resource Center", "State_Nm": "TX", "GIS_Acres": 15}}, {"type": "Feature", "geometry": {"type": "Polygon", "coordinates": [[[-96.4614133632817, 32.7573138169064], [-96.4631889867471, 32.7558927396488], [-96.4653240261576, 32.7577333668066], [-96.4653186614187, 32.7577333683175], [-96.4635805893289, 32.7591769698773], [-96.4622448501969, 32.7580311128424], [-96.4617405925903, 32.7575844949263], [-96.4614133632817, 32.7573138169064]]]}, "properties": {"FeatClass": "Fee", "Category": "Fee", "Own_Type": "LOC", "Own_Name": "CITY", "Unit_Nm": "Pinson Farm", "State_Nm": "TX", "GIS_Acres": 16}}, {"type": "Feature", "geometry": {"type": "Polygon", "coordinates": [[[-94.7544793443967, 32.4950208302096], [-94.7546654762219, 32.4938539541324], [-94.7547160091516, 32.4931364858986], [-94.7568756327564, 32.4932452953114], [-94.7576492609808, 32.4932783790083], [-94.7576492510994, 32.493278676022], [-94.7575824667479, 32.4954048402255], [-94.7569465727144, 32.4953372749659], [-94.7568381631276, 32.4967107502308], [-94.7541409355544, 32.4963424498565], [-94.7543996611361, 32.4954857972429], [-94.7544793443967, 32.4950208302096]]]}, "properties": {"FeatClass": "Fee", "Category": "Fee", "Own_Type": "LOC", "Own_Name": "CITY", "Unit_Nm": "Arboretum", "State_Nm": "TX", "GIS_Acres": 25}}, {"type": "Feature", "geometry": {"type": "Polygon", "coordinates": [[[-97.7387912679657, 30.2657886423092], [-97.7390617605793, 30.2650669810284], [-97.7398943982363, 30.2652980363313], [-97.7396302531186, 30.2660194398767], [-97.7387912679657, 30.2657886423092]]]}, "properties": {"FeatClass": "Fee", "Category": "Fee", "Own_Type": "STAT", "Own_Name": "OTHS", "Unit_Nm": "Brush Square (O. Henry Museum)", "State_Nm": "TX", "GIS_Acres": 2}}, {"type": "Feature", "geometry": {"type": "Polygon", "coordinates": [[[-98.4118886129684, 30.2761301449575], [-98.4117040406185, 30.2761298672247], [-98.411703736988, 30.2761298672247], [-98.4117037298015, 30.2761264847794], [-98.4117037280048, 30.2761248346737], [-98.4117121847449, 30.2758744783196], [-98.4117122458303, 30.2758726831364], [-98.4118845418035, 30.2758698972666], [-98.411888033555, 30.2760931979438], [-98.4118886129684, 30.2761301449575]]]}, "properties": {"FeatClass": "Easement", "Category": "Easement", "Own_Type": "UNK", "Own_Name": "UNK", "Unit_Nm": "Lyndon B. Johnson National Historical Park", "State_Nm": "TX", "GIS_Acres": 0}}, {"type": "Feature", "geometry": {"type": "Polygon", "coordinates": [[[-98.6308952768174, 30.2545917883878], [-98.6308978397109, 30.2545242169598], [-98.6309056316976, 30.2545258573411], [-98.6312424621999, 30.2546037296411], [-98.6313942325672, 30.2546173368795], [-98.631708210827, 30.2546086779396], [-98.6325019729918, 30.2545787538046], [-98.6326639940348, 30.2545905957366], [-98.6328217399953, 30.2546193598076], [-98.6329741580479, 30.2546499768624], [-98.6332889268251, 30.2546869823834], [-98.6334468201093, 30.2547316357453], [-98.6335879175927, 30.2548094543409], [-98.6337019003275, 30.2549121368951], [-98.6337989390395, 30.2550191678049], [-98.6339073189819, 30.2551079139659], [-98.6340408526505, 30.2551605656899], [-98.6343558370234, 30.2551993758912], [-98.6345036718714, 30.2552730551725], [-98.6346197961899, 30.2553701573554], [-98.6347380890415, 30.2554537431082], [-98.6348742125531, 30.2555141541779], [-98.6353105674057, 30.2556776326128], [-98.6355887747509, 30.2558095482081], [-98.6357302809677, 30.2558657797907], [-98.6364756113623, 30.2561037238869], [-98.6366130670755, 30.2561825082265], [-98.6368537212486, 30.2563576751825], [-98.6369885646609, 30.2564173081984], [-98.6374301566916, 30.2565617527578], [-98.6375768776287, 30.2566030058546], [-98.6377377290651, 30.256627499315], [-98.6378767047278, 30.2566180157235], [-98.6380303920999, 30.2565896440899], [-98.6381926880273, 30.2565637671105], [-98.6383506819228, 30.2565865907479], [-98.6385132446499, 30.2565898411798], [-98.6392815548478, 30.2567600142147], [-98.6394328500063, 30.2567841538059], [-98.6395861160685, 30.256789694815], [-98.6399021550635, 30.2567760389931], [-98.6400636254392, 30.2567854519586], [-98.6403975498916, 30.2568329031917], [-98.6405814997089, 30.2568168008282], [-98.6407162811375, 30.2567443207615], [-98.6409062712269, 30.2565936161501], [-98.6411234245737, 30.2565109469827], [-98.6412091400215, 30.2564661082028], [-98.6412085040143, 30.256543520381], [-98.6411584040726, 30.2565697333498], [-98.6409482450085, 30.2566497378757], [-98.6407622919481, 30.256797233877], [-98.6406065321626, 30.2568809557571], [-98.6403951253386, 30.2568994410284], [-98.6400548848315, 30.2568511122365], [-98.6399014615641, 30.2568421501], [-98.6395863936479, 30.2568557492688], [-98.6394243196043, 30.2568498909029], [-98.6392652261709, 30.2568245067158], [-98.6385028017347, 30.2566556358267], [-98.6383434962989, 30.2566524513523], [-98.6381933051699, 30.2566307536253], [-98.6380451541149, 30.2566543749176], [-98.6378876210551, 30.256683458849], [-98.6377340522607, 30.2566939371941], [-98.6375584657586, 30.2566672012723], [-98.6374049787109, 30.2566240471388], [-98.6369577632264, 30.2564777629043], [-98.6368114653959, 30.2564130622221], [-98.6365675422535, 30.2562355799379], [-98.6364410810211, 30.2561630986663], [-98.6357012788588, 30.255926917672], [-98.6355546800926, 30.2558686213207], [-98.6352771958912, 30.2557370417916], [-98.6348417968461, 30.2555739196179], [-98.6346963083976, 30.255509354132], [-98.6345693153625, 30.2554196213205], [-98.6344576610609, 30.2553262561838], [-98.634330659941, 30.2552629599976], [-98.6340193469826, 30.2552246022034], [-98.6338643372904, 30.2551634809561], [-98.6337426524004, 30.2550638396388], [-98.6336444854044, 30.2549555656937], [-98.6335394561781, 30.2548609492712], [-98.6334141331111, 30.2547918330945], [-98.6332719064454, 30.2547516081587], [-98.6329604542482, 30.2547149929696], [-98.6328053502329, 30.2546838366431], [-98.6326529447568, 30.2546560471966], [-98.6325004287878, 30.2546448989807], [-98.6317110710629, 30.2546746570402], [-98.6313915250449, 30.2546834711661], [-98.6312286829418, 30.2546688699324], [-98.6308952768174, 30.2545917883878]]]}, "properties": {"FeatClass": "Easement", "Category": "Easement", "Own_Type": "UNK", "Own_Name": "UNK", "Unit_Nm": "Lyndon B. Johnson National Historical Park", "State_Nm": "TX", "GIS_Acres": 2}}, {"type": "Feature", "geometry": {"type": "Polygon", "coordinates": [[[-98.6257771659103, 30.2577254046818], [-98.6257457293669, 30.2572243926427], [-98.6257540783091, 30.2570046051858], [-98.6258153910223, 30.2566898728006], [-98.625814458571, 30.2565626606132], [-98.6258146040981, 30.2563613609279], [-98.6257509171377, 30.2551746648071], [-98.6257842347532, 30.2549709397383], [-98.625893308195, 30.2548029068017], [-98.6262310361143, 30.2545825001417], [-98.6265700576076, 30.2545244963057], [-98.6286254416052, 30.2544972717138], [-98.6297286617073, 30.2544964732499], [-98.6307720890458, 30.254497748154], [-98.6308978397109, 30.2545242169598], [-98.6308952768174, 30.2545917883878], [-98.6308868829593, 30.2545898469349], [-98.6307629468912, 30.2545637599193], [-98.6297286410461, 30.2545624927757], [-98.6286260560529, 30.254563292791], [-98.6265780606985, 30.2545904211455], [-98.6262628508484, 30.2546443092511], [-98.6259517849268, 30.2548472807658], [-98.6258575408737, 30.2549924702252], [-98.6258272362076, 30.2551777849251], [-98.6258906743346, 30.2563598478324], [-98.6258905270109, 30.2565624697308], [-98.6258914989881, 30.2566951911192], [-98.6258299374416, 30.2570112076702], [-98.6258218651805, 30.2572236849858], [-98.6258587248532, 30.2578112549362], [-98.6257771659103, 30.2577254046818]]]}, "properties": {"FeatClass": "Easement", "Category": "Easement", "Own_Type": "UNK", "Own_Name": "UNK", "Unit_Nm": "Lyndon B. Johnson National Historical Park", "State_Nm": "TX", "GIS_Acres": 1}}, {"type": "Feature", "geometry": {"type": "Polygon", "coordinates": [[[-98.6055999607866, 30.2427969088149], [-98.6058375723658, 30.2427199180667], [-98.6059428692901, 30.2430077731961], [-98.60623411658, 30.2430922238992], [-98.6066630342803, 30.2428261551637], [-98.6067345410753, 30.2430523488287], [-98.6063811079099, 30.2432714232687], [-98.6063311678683, 30.2432992749152], [-98.6062782166739, 30.2433208599552], [-98.6062230367592, 30.2433358578845], [-98.606166444693, 30.2433440483081], [-98.6061092777049, 30.243345307836], [-98.6060523793131, 30.2433396209473], [-98.6059965930357, 30.2433270699022], [-98.6059427417293, 30.2433078386217], [-98.6058916230981, 30.2432822173444], [-98.6058439908285, 30.2432505793455], [-98.6058005527929, 30.2432133933534], [-98.6057619476936, 30.2431712103577], [-98.6057287486556, 30.243124652745], [-98.6057014470575, 30.2430744096424], [-98.6055999607866, 30.2427969088149]]]}, "properties": {"FeatClass": "Easement", "Category": "Easement", "Own_Type": "UNK", "Own_Name": "UNK", "Unit_Nm": "Lyndon B. Johnson National Historical Park", "State_Nm": "TX", "GIS_Acres": 1}}, {"type": "Feature", "geometry": {"type": "Polygon", "coordinates": [[[-98.6256230805845, 30.2408668641494], [-98.6256227347332, 30.240793708], [-98.6258631858869, 30.2409753608311], [-98.6263900909202, 30.2413734207765], [-98.6264112363637, 30.2416758449895], [-98.6264317673595, 30.2419695042261], [-98.6258626468978, 30.2419994989427], [-98.6256284066959, 30.2420118452776], [-98.6256281605575, 30.2419567659754], [-98.6258626756439, 30.2419444056645], [-98.6263647117168, 30.2419179466626], [-98.6263480183239, 30.2416791758492], [-98.6263284826614, 30.2413997681717], [-98.6258631481577, 30.2410482250439], [-98.6256230805845, 30.2408668641494]]]}, "properties": {"FeatClass": "Easement", "Category": "Easement", "Own_Type": "UNK", "Own_Name": "UNK", "Unit_Nm": "Lyndon B. Johnson National Historical Park", "State_Nm": "TX", "GIS_Acres": 0}}, {"type": "Feature", "geometry": {"type": "Polygon", "coordinates": [[[-106.558018863277, 35.3238208466948], [-106.561678443437, 35.3237957818485], [-106.56202936132, 35.3239712400072], [-106.562005461642, 35.3273171839517], [-106.562004295629, 35.3274804250909], [-106.561075462778, 35.3275001891978], [-106.560826210829, 35.3275054917265], [-106.560751015551, 35.3330951228831], [-106.555636677569, 35.3332440860119], [-106.555587500197, 35.3332455172632], [-106.555847433114, 35.3322380603354], [-106.5569123239, 35.3281104218511], [-106.557941626129, 35.3241202800505], [-106.558018863277, 35.3238208466948]]]}, "properties": {"FeatClass": "Fee", "Category": "Fee", "Own_Type": "TRIB", "Own_Name": "TRIB", "Unit_Nm": "Coronado Historic Site", "State_Nm": "NM", "GIS_Acres": 104}}, {"type": "Feature", "geometry": {"type": "Polygon", "coordinates": [[[-101.883834816152, 33.6203350473132], [-101.884045022826, 33.6203037773465], [-101.88478825835, 33.6201719641613], [-101.885109480624, 33.620071901834], [-101.885430703797, 33.6199718670684], [-101.886705176928, 33.6195425997825], [-101.887774962633, 33.619182263312], [-101.887774952752, 33.6191822909903], [-101.890126662216, 33.6182794002508], [-101.890518035727, 33.6190494669558], [-101.889754306039, 33.6196053482164], [-101.888859882257, 33.620561863073], [-101.888475115854, 33.6209522299922], [-101.888259591153, 33.6208603230081], [-101.888144293284, 33.6208100087495], [-101.887911700593, 33.6207450963482], [-101.887839502095, 33.6207249380065], [-101.887394847707, 33.6206008557845], [-101.887216681244, 33.6206025329061], [-101.887116366376, 33.6206034761935], [-101.887052244631, 33.6206040791194], [-101.887056959888, 33.6208934673725], [-101.887076499144, 33.6210174182656], [-101.887084760949, 33.6211002617965], [-101.887093022755, 33.62118310824], [-101.887505742933, 33.6212015108202], [-101.887510998975, 33.6212017457053], [-101.887566706201, 33.6212042292043], [-101.887841794596, 33.6211731862098], [-101.887840783991, 33.6209039362554], [-101.888094851808, 33.6209032652595], [-101.888407320898, 33.6210210148585], [-101.88831040256, 33.6211299613329], [-101.888213485121, 33.6212388799921], [-101.888082078663, 33.6213903051625], [-101.887996770152, 33.6214885990899], [-101.887916833566, 33.6215443280061], [-101.887733023886, 33.6216724707148], [-101.887675230772, 33.6217127637609], [-101.887347787665, 33.6217630438307], [-101.887020347252, 33.6218133238712], [-101.886345365724, 33.6217192627099], [-101.885372708562, 33.6213857772749], [-101.885171791365, 33.6213168782495], [-101.88446914532, 33.6210107576862], [-101.884089820013, 33.6207566027885], [-101.883935357395, 33.6205605517458], [-101.883834816152, 33.6203350473132]]]}, "properties": {"FeatClass": "Fee", "Category": "Fee", "Own_Type": "LOC", "Own_Name": "CITY", "Unit_Nm": "Lubbock Lake National Historic Landmark", "State_Nm": "TX", "GIS_Acres": 504}}, {"type": "Feature", "geometry": {"type": "Polygon", "coordinates": [[[-101.905170476988, 33.6359489159611], [-101.888328693158, 33.6358408401015], [-101.888328782091, 33.6358692361768], [-101.887868918327, 33.6358509047899], [-101.885656418088, 33.6358532300566], [-101.885656649854, 33.6355262598452], [-101.885666850224, 33.6295946622234], [-101.88595435603, 33.6295807769256], [-101.886446922962, 33.6295569870163], [-101.886601968587, 33.6279723986606], [-101.886942418401, 33.6277259730344], [-101.88712737523, 33.6273878591104], [-101.887825779431, 33.6273303799404], [-101.888282731755, 33.6272927478744], [-101.888285662957, 33.6272925062739], [-101.888528228745, 33.6271915067566], [-101.888675819251, 33.6265618607924], [-101.888726071907, 33.6258673906961], [-101.888702577369, 33.6233926502196], [-101.888667100203, 33.6229195618661], [-101.88859320928, 33.6226796393642], [-101.8883702079, 33.6222650948827], [-101.88816325133, 33.621754427192], [-101.888174615917, 33.6216569743625], [-101.888185978707, 33.6215594929974], [-101.888466405789, 33.6212363703126], [-101.888521659366, 33.6211727082109], [-101.889011797253, 33.6206754210864], [-101.889896133853, 33.6197296540442], [-101.891721228439, 33.6184011959849], [-101.892049103636, 33.6180697152511], [-101.892303244217, 33.6175972140852], [-101.899279657731, 33.6213900949633], [-101.894243899878, 33.6213186241769], [-101.894243816334, 33.6233474023052], [-101.894242052043, 33.6239454530445], [-101.894239860154, 33.6246866631918], [-101.892871434024, 33.6246838962968], [-101.892871375633, 33.6246987458226], [-101.892861051296, 33.6273387506812], [-101.892855961441, 33.6286400390501], [-101.890118961857, 33.6286490611518], [-101.890383282146, 33.6294218146402], [-101.901318689696, 33.6294253151421], [-101.901317382647, 33.6287382581367], [-101.90356561158, 33.6287337007162], [-101.90363744087, 33.6297746510532], [-101.905099173212, 33.6298637070029], [-101.905170476988, 33.6359489159611]]]}, "properties": {"FeatClass": "Fee", "Category": "Fee", "Own_Type": "LOC", "Own_Name": "CITY", "Unit_Nm": "Lubbock Lake National Historic Landmark", "State_Nm": "TX", "GIS_Acres": 504}}, {"type": "Feature", "geometry": {"type": "Polygon", "coordinates": [[[-96.5327731246622, 33.7486738357753], [-96.5328070890648, 33.7476522062864], [-96.5331460746254, 33.7476654533073], [-96.533210049945, 33.7477292451349], [-96.5338029389309, 33.7484489891032], [-96.5338828341939, 33.7485877187913], [-96.5342056150452, 33.7491684730747], [-96.5342055970789, 33.7493874612045], [-96.5343026483672, 33.7493911921058], [-96.5343334129708, 33.7494426710574], [-96.5345318499187, 33.7498759539343], [-96.5346361218653, 33.7503299832868], [-96.5327870997531, 33.7502815948736], [-96.5328221618969, 33.7493490541994], [-96.5325504475746, 33.7493419120781], [-96.5325587480078, 33.7491220790547], [-96.5325835873238, 33.7490752189254], [-96.532634922449, 33.7489762110671], [-96.5326827730092, 33.748875863099], [-96.5327287541754, 33.7487753051255], [-96.5327731246622, 33.7486738357753]]]}, "properties": {"FeatClass": "Fee", "Category": "Fee", "Own_Type": "STAT", "Own_Name": "OTHS", "Unit_Nm": "Eisenhower Birthplace State Historic Site", "State_Nm": "TX", "GIS_Acres": 9}}, {"type": "Feature", "geometry": {"type": "Polygon", "coordinates": [[[-95.5545379187338, 33.6541661103575], [-95.5545715875907, 33.6534614517758], [-95.5554994349898, 33.6534927171824], [-95.5554644833387, 33.6542131022964], [-95.5545379187338, 33.6541661103575]]]}, "properties": {"FeatClass": "Fee", "Category": "Fee", "Own_Type": "STAT", "Own_Name": "OTHS", "Unit_Nm": "Sam Bell Maxey House State Historic Site", "State_Nm": "TX", "GIS_Acres": 2}}, {"type": "Feature", "geometry": {"type": "Polygon", "coordinates": [[[-96.6648000230541, 33.1175307111075], [-96.6646584485653, 33.1171976836348], [-96.6645953787475, 33.1172177573509], [-96.6644101030168, 33.117267640666], [-96.664344112776, 33.1171665956995], [-96.6642786363716, 33.1171834138382], [-96.6642620453866, 33.1170012747211], [-96.6642579993746, 33.116956332202], [-96.6644553960734, 33.1169553826855], [-96.6645599689557, 33.1169542443189], [-96.6646067091982, 33.1169535980156], [-96.6645414537793, 33.1166047101621], [-96.6645414995934, 33.11634844086], [-96.6648209259524, 33.115546680021], [-96.6648341428652, 33.1155483729264], [-96.6648978585717, 33.1155461578537], [-96.664947894733, 33.1155405449317], [-96.665064459226, 33.1155373532405], [-96.6651810973808, 33.1155330968996], [-96.6652761589008, 33.1155295530838], [-96.6653155122967, 33.1155265848558], [-96.6653848909828, 33.1155355730563], [-96.6655195448506, 33.1155489929059], [-96.6656746659338, 33.1155565500349], [-96.6659347713277, 33.1155740057666], [-96.6663801569439, 33.1156277912181], [-96.6662852292729, 33.1161064039167], [-96.6662447898137, 33.1162677102885], [-96.6658865228138, 33.1176501950932], [-96.6656494376474, 33.1187746022586], [-96.6655819148808, 33.1191094760917], [-96.6655163926622, 33.1193502287405], [-96.6654559261622, 33.1189674161301], [-96.6653954569671, 33.1186733137512], [-96.665248174583, 33.1184504620716], [-96.6650017208865, 33.1181888419635], [-96.6649921340658, 33.118168811355], [-96.6648953953912, 33.1179647559011], [-96.6648000230541, 33.1175307111075]]]}, "properties": {"FeatClass": "Fee", "Category": "Fee", "Own_Type": "LOC", "Own_Name": "CITY", "Unit_Nm": "Historic Dam", "State_Nm": "TX", "GIS_Acres": 10}}, {"type": "Feature", "geometry": {"type": "Polygon", "coordinates": [[[-96.8858993707479, 33.0806285452589], [-96.8861787989035, 33.0805688612909], [-96.8862875624266, 33.080941724913], [-96.8862879918213, 33.0809479617739], [-96.8862871860325, 33.0809541730427], [-96.8862851621281, 33.0809601833404], [-96.8862819802954, 33.0809658278263], [-96.8862777258742, 33.0809709476811], [-96.8862725210355, 33.0809754006448], [-96.8862665104079, 33.0809790647804], [-96.8862598592815, 33.0809818347103], [-96.886252751811, 33.0809836351647], [-96.8857834081262, 33.0810801588842], [-96.8857734988103, 33.0810811419072], [-96.8857635293073, 33.0810807858813], [-96.885753752942, 33.081079102097], [-96.8857444176496, 33.0810761349634], [-96.8857357605852, 33.0810719589975], [-96.8857280009378, 33.0810666788241], [-96.8857213327434, 33.0810604299284], [-96.885715929377, 33.0810533696242], [-96.8857119237891, 33.0810456763006], [-96.8857094183878, 33.0810375449061], [-96.8857080691183, 33.0810333960356], [-96.8857059553824, 33.0810294812538], [-96.885703122096, 33.081025899917], [-96.8856996510057, 33.0810227461126], [-96.8856956238583, 33.0810200981211], [-96.8856911466549, 33.0810180236854], [-96.8858993707479, 33.0806285452589]]]}, "properties": {"FeatClass": "Fee", "Category": "Fee", "Own_Type": "LOC", "Own_Name": "CITY", "Unit_Nm": "Historical Park", "State_Nm": "TX", "GIS_Acres": 1}}, {"type": "Feature", "geometry": {"type": "Polygon", "coordinates": [[[-99.2320438261246, 32.9286147990979], [-99.2320455562799, 32.9280603822279], [-99.2304674471927, 32.9287154911597], [-99.2292290989123, 32.9276877872029], [-99.2295033698399, 32.9274169638917], [-99.2291875715933, 32.9272263168369], [-99.2288306637444, 32.9272098801406], [-99.2285855970467, 32.9273757240711], [-99.2280212062149, 32.9284621411964], [-99.2275990573202, 32.9281107481928], [-99.2269331065557, 32.927772256358], [-99.2267603973575, 32.9274127723512], [-99.225898995645, 32.9280911682181], [-99.2246221294019, 32.9269317550041], [-99.2245374389318, 32.9268240101197], [-99.2244593663505, 32.9267127657169], [-99.2243881101855, 32.926598314341], [-99.2243238572865, 32.9264809508006], [-99.2242667738418, 32.9263609812155], [-99.22421700987, 32.9262387147234], [-99.2241352227549, 32.9258510873631], [-99.2248980280768, 32.9252043819839], [-99.2259099541932, 32.92452622337], [-99.2256562133631, 32.9243276293323], [-99.2236257091056, 32.922738369344], [-99.2209437537905, 32.9249449648367], [-99.2185719202678, 32.9269024253658], [-99.2162678107343, 32.928797511856], [-99.2163580653692, 32.9285949198969], [-99.21640953614, 32.9283711867781], [-99.2164008170919, 32.9281441060717], [-99.2163424858872, 32.9279197158281], [-99.2163018631718, 32.9276954328384], [-99.2163108553078, 32.9274684567128], [-99.2163127606345, 32.9272414392884], [-99.2163465435774, 32.9270146128007], [-99.216376787158, 32.9267877638651], [-99.216368094161, 32.9265576962029], [-99.2162777847289, 32.9263450638776], [-99.2161306317022, 32.9261530022325], [-99.2159586106135, 32.9259697539354], [-99.2157936502829, 32.9257895349258], [-99.2156001531707, 32.9256330417025], [-99.2154102726759, 32.92546760922], [-99.2151775173891, 32.9253467266418], [-99.2149554852919, 32.9252139611632], [-99.214751290143, 32.9250663637202], [-99.2145040908448, 32.9249782552924], [-99.2142641256796, 32.9248722649225], [-99.2140671170529, 32.9247127607319], [-99.2138843260623, 32.9245473687547], [-99.2136801336083, 32.9243997701997], [-99.2134401477819, 32.9242967658748], [-99.2132356031883, 32.9241909873271], [-99.2132145053555, 32.9241729371809], [-99.2137780868052, 32.9237043341018], [-99.2147522279841, 32.9229179551354], [-99.2159225818824, 32.9218949600333], [-99.2180735466262, 32.920165644979], [-99.2201049761485, 32.9184905473466], [-99.222087949646, 32.9168414178692], [-99.2240677610737, 32.9152233067923], [-99.2259422800687, 32.9136523367952], [-99.2279733870958, 32.9119818903599], [-99.2305898453451, 32.9142173880767], [-99.2307361638369, 32.9143401259135], [-99.2315151612917, 32.9150472912042], [-99.2324351547203, 32.9175595721919], [-99.2338620602771, 32.9214919436345], [-99.2343581117736, 32.9242311398028], [-99.2349253053491, 32.9245188330783], [-99.2350070547349, 32.9249160130634], [-99.2345645437276, 32.9249731761424], [-99.2351082786978, 32.9277771649419], [-99.2353476419917, 32.9279601840479], [-99.23460548804, 32.929999110373], [-99.2334352167867, 32.9310246559811], [-99.2323236118098, 32.9300837560161], [-99.2320438261246, 32.9286147990979]]]}, "properties": {"FeatClass": "Fee", "Category": "Fee", "Own_Type": "STAT", "Own_Name": "OTHS", "Unit_Nm": "Fort Griffin", "State_Nm": "TX", "GIS_Acres": 514}}, {"type": "Feature", "geometry": {"type": "Polygon", "coordinates": [[[-98.1549675356603, 33.207089624868], [-98.1553263892601, 33.2068710790872], [-98.1553266291103, 33.2067064720775], [-98.1553934736489, 33.2061003518595], [-98.1554267014329, 33.205852535974], [-98.1554931938319, 33.2057718103461], [-98.1558208749931, 33.205167459767], [-98.1559832535655, 33.2049475780405], [-98.1566378855574, 33.2042326966677], [-98.1569000382119, 33.2039571172792], [-98.1570311796669, 33.2038475139568], [-98.1586585478727, 33.2056106016435], [-98.159178600557, 33.2061350040567], [-98.1594720918384, 33.2064391472831], [-98.1595043054245, 33.206576913637], [-98.1596019990083, 33.2068797339816], [-98.1596343662063, 33.2070716206253], [-98.1593398939646, 33.2072906138683], [-98.1589477793431, 33.2074818877975], [-98.1573815396957, 33.2074532528052], [-98.1570224902632, 33.2073425850635], [-98.1565660391993, 33.2070395866834], [-98.1561746108907, 33.2073684067975], [-98.1555859062575, 33.2077793189644], [-98.1555523766395, 33.2077790912262], [-98.1549675356603, 33.207089624868]]]}, "properties": {"FeatClass": "Fee", "Category": "Fee", "Own_Type": "STAT", "Own_Name": "SPR", "Unit_Nm": "Fort Richardson State Park & Historic Site", "State_Nm": "TX", "GIS_Acres": 382}}, {"type": "Feature", "geometry": {"type": "Polygon", "coordinates": [[[-98.160349082016, 33.20842037874], [-98.1602859097903, 33.207732201186], [-98.1606761271699, 33.2080911108609], [-98.1609039147731, 33.2083948068495], [-98.160349082016, 33.20842037874]]]}, "properties": {"FeatClass": "Fee", "Category": "Fee", "Own_Type": "STAT", "Own_Name": "SPR", "Unit_Nm": "Fort Richardson State Park & Historic Site", "State_Nm": "TX", "GIS_Acres": 382}}, {"type": "Feature", "geometry": {"type": "Polygon", "coordinates": [[[-98.1618196304243, 33.207514794201], [-98.1609401348454, 33.2064964066476], [-98.1605811420067, 33.2066608486957], [-98.159050889768, 33.2052547206503], [-98.1588873029615, 33.205391165996], [-98.1578124570459, 33.2042609448664], [-98.1562819874149, 33.2027465453391], [-98.1562177273294, 33.2025251271593], [-98.1559906377171, 33.2022214273431], [-98.1550458139558, 33.2011754957255], [-98.1560583419435, 33.2004066727075], [-98.155863963584, 33.2000490762781], [-98.154792173737, 33.1981228620627], [-98.1537197469845, 33.1959192793678], [-98.1667401371217, 33.1959417383003], [-98.1666635737101, 33.2008389251723], [-98.1666284163448, 33.2022141941273], [-98.1684232116549, 33.2022442409455], [-98.1684221148119, 33.2030695359831], [-98.1693348220052, 33.2033462223387], [-98.1693669107255, 33.2034276139092], [-98.1693669736075, 33.2037049703532], [-98.1693982206064, 33.2040885158611], [-98.169331812649, 33.2049426886502], [-98.1687760779833, 33.2049953527438], [-98.1687427513846, 33.2051867970478], [-98.1687428879285, 33.2052431718076], [-98.1687427711475, 33.2053266030482], [-98.168709484973, 33.2056556002168], [-98.1687095658214, 33.2059307007334], [-98.1687086809808, 33.2060953046921], [-98.1686429719127, 33.2065909486679], [-98.1686088970174, 33.2070033722304], [-98.1684758223878, 33.2082404373441], [-98.1683113381643, 33.2085437509993], [-98.1680834840858, 33.20859860235], [-98.1677568395805, 33.2088174008657], [-98.1672334801977, 33.2092017462231], [-98.1670377283141, 33.2094777908744], [-98.1670367958628, 33.2100009269861], [-98.1669380431653, 33.2103024262158], [-98.1660567060401, 33.2102469137819], [-98.1659589846085, 33.2099440990737], [-98.1655999136164, 33.2098334562774], [-98.1654707502516, 33.2098055300559], [-98.1650462217197, 33.2096673869733], [-98.1641649807142, 33.2093908806874], [-98.1634489857035, 33.2090861637239], [-98.1627310853661, 33.2087002537722], [-98.1621442276691, 33.2082859088296], [-98.1614594257583, 33.2077356052357], [-98.1618196304243, 33.207514794201]]]}, "properties": {"FeatClass": "Fee", "Category": "Fee", "Own_Type": "STAT", "Own_Name": "SPR", "Unit_Nm": "Fort Richardson State Park & Historic Site", "State_Nm": "TX", "GIS_Acres": 382}}, {"type": "Feature", "geometry": {"type": "Polygon", "coordinates": [[[-96.8915417672009, 32.9155970100569], [-96.8940708651872, 32.9153753623747], [-96.8947899809451, 32.917733669652], [-96.8945180600103, 32.9177659018132], [-96.8934055100057, 32.9177831682565], [-96.8915408122917, 32.917759100657], [-96.8915417672009, 32.9155970100569]]]}, "properties": {"FeatClass": "Fee", "Category": "Fee", "Own_Type": "LOC", "Own_Name": "CITY", "Unit_Nm": "Historical", "State_Nm": "TX", "GIS_Acres": 17}}, {"type": "Feature", "geometry": {"type": "Polygon", "coordinates": [[[-97.4463133203217, 32.7992727767433], [-97.446940957041, 32.7992727767433], [-97.4469355923021, 32.7995748917415], [-97.4469168193093, 32.7995748909864], [-97.4463052741117, 32.7995658743674], [-97.4463133203217, 32.7992727767433]]]}, "properties": {"FeatClass": "Fee", "Category": "Fee", "Own_Type": "LOC", "Own_Name": "CITY", "Unit_Nm": "Navajo Park", "State_Nm": "TX", "GIS_Acres": 0}}, {"type": "Feature", "geometry": {"type": "Polygon", "coordinates": [[[-96.9610697487327, 33.3962282049402], [-96.9610727338343, 33.3962297079185], [-96.9610756506641, 33.3962312498961], [-96.9610746463476, 33.396230700904], [-96.9610727338343, 33.3962297079185], [-96.9610714977525, 33.3962290666777], [-96.9610697487327, 33.3962282049402], [-96.9610751287429, 33.3962289219298], [-96.96107859085, 33.3962328803724], [-96.9611334231166, 33.3962955471897], [-96.9611479201287, 33.3963348953309], [-96.9611625716509, 33.3963746626975], [-96.9611204325793, 33.3964168007565], [-96.9611126028633, 33.3964246306259], [-96.9610897353494, 33.3964446410388], [-96.9610792906376, 33.3964537788833], [-96.9609918459329, 33.3964870918084], [-96.9609127304075, 33.3964621067408], [-96.960903417573, 33.3964549443634], [-96.9608585979285, 33.3964204666954], [-96.9608336139838, 33.3963246939904], [-96.9608627616198, 33.3962622341912], [-96.9609473092577, 33.3962139206458], [-96.9609502063245, 33.3962122661694], [-96.9609534240899, 33.3962126951633], [-96.9610697487327, 33.3962282049402]]]}, "properties": {"FeatClass": "Designation", "Category": "Designation", "Own_Type": "LOC", "Own_Name": "CITY", "Unit_Nm": "Pilot Point Commercial Historic District", "State_Nm": "TX", "GIS_Acres": 0}}, {"type": "Feature", "geometry": {"type": "Polygon", "coordinates": [[[-97.684029874821, 32.7855619141967], [-97.6841085187309, 32.7854879830089], [-97.6841973998417, 32.7855296067873], [-97.6841364913705, 32.785640878081], [-97.6839466854358, 32.7856386766271], [-97.684029874821, 32.7855619141967]]]}, "properties": {"FeatClass": "Fee", "Category": "Fee", "Own_Type": "LOC", "Own_Name": "CITY", "Unit_Nm": "Parker Memorial", "State_Nm": "TX", "GIS_Acres": 0}}, {"type": "Feature", "geometry": {"type": "Polygon", "coordinates": [[[-96.964385249885, 32.8321811773637], [-96.9643856783813, 32.8321564411414], [-96.9649342651523, 32.8321604620706], [-96.9649373939844, 32.8318855982661], [-96.9649405228166, 32.8316107358753], [-96.9649412809947, 32.8315200277255], [-96.9654468699046, 32.8317035763115], [-96.9654443321639, 32.8317090427499], [-96.9654417962198, 32.8317145091881], [-96.9654392593775, 32.8317199756259], [-96.9654375373071, 32.8317254526309], [-96.9654358134401, 32.8317309281259], [-96.9654340913697, 32.8317364058851], [-96.9654331822746, 32.8317418927017], [-96.9654322731795, 32.831747380273], [-96.9654313640845, 32.831752867089], [-96.9654312446085, 32.8317597382518], [-96.9654303364118, 32.8317652250671], [-96.9654302411903, 32.8317707209399], [-96.9654309598426, 32.8317762281348], [-96.9654308646212, 32.8317817247617], [-96.9654315823751, 32.8317872327107], [-96.9654323252818, 32.8317913653705], [-96.9654330448324, 32.8317968710544], [-96.9654345782565, 32.8318023888151], [-96.9654361098841, 32.8318079058207], [-96.96543764241, 32.831813422826], [-96.9654399888095, 32.8318189488887], [-96.9654415222337, 32.8318244666481], [-96.9654446816085, 32.8318300032777], [-96.9654470522626, 32.8318341570706], [-96.9654493986621, 32.8318396831321], [-96.9654525589353, 32.8318452212704], [-96.9654557192084, 32.8318507571439], [-96.9654597167115, 32.8318549298064], [-96.9654628769846, 32.831860467189], [-96.965466875386, 32.831864639851], [-96.965470872889, 32.8318688132677], [-96.9654756609094, 32.8318743680103], [-96.9654796593108, 32.8318785429362], [-96.9654844706874, 32.8318827261649], [-96.9654892820641, 32.8318869078838], [-96.9654940952374, 32.8318910911122], [-96.9654989299702, 32.831893899808], [-96.9655045561189, 32.8318980928487], [-96.9655102047254, 32.8319009121118], [-96.9655150170004, 32.8319050938298], [-96.9655214812771, 32.8319079229054], [-96.965525501238, 32.8319107210331], [-96.9654036492613, 32.8324136632482], [-96.9653255191878, 32.832412699345], [-96.9652115777755, 32.8324112938731], [-96.9649316106306, 32.8324078398239], [-96.9646776874425, 32.8324047058176], [-96.9643521442718, 32.8324006879187], [-96.9643532680642, 32.8323828341944], [-96.9643544143145, 32.8323636059415], [-96.9643571892104, 32.8323443973097], [-96.9643607537255, 32.8323265730121], [-96.9643651321142, 32.8323087577687], [-96.9643686256623, 32.8322950562876], [-96.9643712819806, 32.8322827180085], [-96.9643739374006, 32.8322703797278], [-96.9643765928206, 32.8322580429549], [-96.9643784586214, 32.8322443210859], [-96.9643803001677, 32.8322319722323], [-96.9643821417141, 32.8322196248866], [-96.9643831693868, 32.8322072669717], [-96.9643842222123, 32.8321935337726], [-96.964385249885, 32.8321811773637]]]}, "properties": {"FeatClass": "Fee", "Category": "Fee", "Own_Type": "LOC", "Own_Name": "CITY", "Unit_Nm": "Historical Hospital District Greenspace", "State_Nm": "TX", "GIS_Acres": 1}}, {"type": "Feature", "geometry": {"type": "Polygon", "coordinates": [[[-105.824161586192, 35.5471003146796], [-105.824134113016, 35.5435880842376], [-105.824134110321, 35.5435877670116], [-105.824107902871, 35.5398924820603], [-105.824103455312, 35.5392655157762], [-105.824905799082, 35.5392671319613], [-105.824957286921, 35.5392672357597], [-105.827707292314, 35.5392727363444], [-105.82780745357, 35.5392729359004], [-105.828196781617, 35.5392737107336], [-105.827890895382, 35.5398754680234], [-105.827767575558, 35.5401180690197], [-105.827648288271, 35.5403606751301], [-105.827261013772, 35.5411483091874], [-105.826795251671, 35.5420957218408], [-105.826044476587, 35.54362282778], [-105.824524643907, 35.5466982057386], [-105.824552096422, 35.5462222150277], [-105.82437644614, 35.5465952479194], [-105.824300562753, 35.5467617690408], [-105.824228926601, 35.5469301616639], [-105.824161586192, 35.5471003146796]]]}, "properties": {"FeatClass": "Fee", "Category": "Fee", "Own_Type": "FED", "Own_Name": "NPS", "Unit_Nm": "Pecos National Historical Park", "State_Nm": "NM", "GIS_Acres": 6451}}, {"type": "Feature", "geometry": {"type": "Polygon", "coordinates": [[[-105.825218684093, 35.546718976651], [-105.82676972694, 35.5436188873091], [-105.826407102213, 35.543620858641], [-105.827157326629, 35.5420954192279], [-105.827624492798, 35.5411454928077], [-105.828025295925, 35.5403304921274], [-105.82807588994, 35.540227608732], [-105.828128435994, 35.5401236097492], [-105.83120475082, 35.5401229241022], [-105.831135901242, 35.5403454717925], [-105.83089645171, 35.5411194436671], [-105.830894705385, 35.5420898048088], [-105.830894699995, 35.5420922052453], [-105.830891991574, 35.5435964022814], [-105.82969525236, 35.5436029441518], [-105.830689769126, 35.5444077429101], [-105.830889901195, 35.5447579523513], [-105.830889891313, 35.5447638852667], [-105.830887860222, 35.5458921157829], [-105.830887767696, 35.5459428368373], [-105.830886989755, 35.5459431840214], [-105.830060586406, 35.5463106128583], [-105.826992818151, 35.5471153332799], [-105.825981295378, 35.547693871043], [-105.825711186345, 35.5485427701392], [-105.825447625133, 35.5487208856878], [-105.825187047225, 35.548903335731], [-105.825029029973, 35.547856014006], [-105.825607536931, 35.5472543246356], [-105.825218684093, 35.546718976651]]]}, "properties": {"FeatClass": "Fee", "Category": "Fee", "Own_Type": "FED", "Own_Name": "NPS", "Unit_Nm": "Pecos National Historical Park", "State_Nm": "NM", "GIS_Acres": 6451}}, {"type": "Feature", "geometry": {"type": "Polygon", "coordinates": [[[-105.824367021914, 35.5487543830346], [-105.824428276237, 35.5484925499278], [-105.824384743878, 35.549154862755], [-105.824366809912, 35.5494277482919], [-105.824363390026, 35.5494861976448], [-105.82434855884, 35.549496691642], [-105.824345153327, 35.5494991020891], [-105.824307910972, 35.5495254547471], [-105.82430562476, 35.5495270721873], [-105.824182164799, 35.5496144380259], [-105.824181256602, 35.5496150797389], [-105.824180225336, 35.5494861976448], [-105.824180108555, 35.5494716662558], [-105.824188839281, 35.5494446842907], [-105.824212452397, 35.5493615361914], [-105.824367021914, 35.5487543830346]]]}, "properties": {"FeatClass": "Fee", "Category": "Fee", "Own_Type": "FED", "Own_Name": "NPS", "Unit_Nm": "Pecos National Historical Park", "State_Nm": "NM", "GIS_Acres": 6451}}, {"type": "Feature", "geometry": {"type": "Polygon", "coordinates": [[[-105.683211816406, 35.5660276258273], [-105.683209894011, 35.5659567039899], [-105.683197351733, 35.5659567741401], [-105.682154632267, 35.565962579801], [-105.682154613403, 35.5659569451313], [-105.682152812281, 35.5654076831325], [-105.678749648133, 35.5654200727677], [-105.678726936028, 35.5654201626483], [-105.678642083861, 35.5654205009792], [-105.6801401297, 35.5623543297608], [-105.680108709326, 35.5623544488754], [-105.679849566926, 35.562355426638], [-105.669876345776, 35.5624229178043], [-105.669956684807, 35.5623524290429], [-105.670962759298, 35.5614696930761], [-105.672704065323, 35.5595237111433], [-105.672696868021, 35.5594923697431], [-105.672135987805, 35.5570501531765], [-105.672054561813, 35.5551854148208], [-105.671380050103, 35.5537313612653], [-105.670457633919, 35.5522856562159], [-105.67047176891, 35.5522631619246], [-105.671091281265, 35.5512771847034], [-105.671090150287, 35.5512486290617], [-105.671019031564, 35.5494555539666], [-105.671021808256, 35.5494268039923], [-105.671141518649, 35.5481869171888], [-105.67114107039, 35.5481855730758], [-105.670689351651, 35.5468344920043], [-105.670697689814, 35.5468255018629], [-105.672129264813, 35.545282294811], [-105.672200707828, 35.5444241427373], [-105.672200328739, 35.5444233599137], [-105.671827971664, 35.5436537112411], [-105.671136945326, 35.5429996272253], [-105.669503349101, 35.5422664720651], [-105.666241848375, 35.5419829706929], [-105.664815174583, 35.5418589320402], [-105.664255889776, 35.542484725351], [-105.663920902616, 35.5448251476915], [-105.66391658172, 35.5448553319264], [-105.665233414908, 35.5464661680113], [-105.665242359434, 35.5464771082582], [-105.664519121307, 35.5480588506702], [-105.664274067186, 35.5495524951555], [-105.663350608955, 35.5514506692723], [-105.663334800403, 35.5514831649267], [-105.667598582033, 35.5561521168132], [-105.667602687334, 35.5561566128227], [-105.666989102961, 35.5594156929889], [-105.666753794662, 35.5603250447685], [-105.666744887866, 35.5603594690144], [-105.666869244346, 35.5623245306498], [-105.666874433913, 35.5624065348125], [-105.643109348562, 35.562468920824], [-105.643106835075, 35.5619940037045], [-105.643102362364, 35.5611360999257], [-105.643083254299, 35.5575077801634], [-105.643076682225, 35.5562726312683], [-105.643072874266, 35.5538806050912], [-105.643072864385, 35.553879250111], [-105.643067134031, 35.5502816822967], [-105.643067137625, 35.5502544067927], [-105.643067097201, 35.5502072609827], [-105.643060767671, 35.5466310967531], [-105.643054392327, 35.5430069746411], [-105.643054297106, 35.5429249659824], [-105.643048249648, 35.5393839299426], [-105.64304296396, 35.5362314329508], [-105.64304290018, 35.5357629599262], [-105.643040322914, 35.5321296056676], [-105.643038227144, 35.5289756509578], [-105.643037873208, 35.5284981462922], [-105.6430351046, 35.5248678590229], [-105.643032736641, 35.5217208549212], [-105.643034767732, 35.5212379237104], [-105.643055151404, 35.5176063860088], [-105.643075429973, 35.513975298223], [-105.643075429973, 35.5139752411891], [-105.643075430871, 35.5139751848862], [-105.643075779418, 35.5139079198336], [-105.647624551573, 35.5139005887643], [-105.651959498638, 35.5138938828753], [-105.652050259025, 35.513894023998], [-105.656475847001, 35.5139002816578], [-105.660821375323, 35.5139064530348], [-105.660901653268, 35.5139061027872], [-105.662673143585, 35.5138990758994], [-105.665327264601, 35.5138884990061], [-105.665373139766, 35.5138885158239], [-105.669690461886, 35.5138715328328], [-105.6697566264, 35.5138713449129], [-105.674185810333, 35.5138597099606], [-105.678545628156, 35.5138482132046], [-105.678615101165, 35.5138480011548], [-105.680992473699, 35.5138386022283], [-105.681558745603, 35.515075908717], [-105.683234564444, 35.5187373762183], [-105.683821877587, 35.5209122510736], [-105.6841989068, 35.520844199275], [-105.684555213676, 35.5216225918329], [-105.688181197743, 35.5295507088479], [-105.688410050748, 35.5300272203202], [-105.688657414438, 35.530497509881], [-105.688923036386, 35.5309611002636], [-105.689206644403, 35.5314175156732], [-105.689507951027, 35.5318662890961], [-105.689826647239, 35.5323069652236], [-105.689532063606, 35.5325263582466], [-105.706291900421, 35.5475587300951], [-105.70677612919, 35.5479808203247], [-105.706768527646, 35.5487510428752], [-105.706742633708, 35.5513746309097], [-105.702673824223, 35.5511150822786], [-105.701398529133, 35.5517663688722], [-105.700799537892, 35.5526327879791], [-105.701547611741, 35.5539397367267], [-105.701962600165, 35.5584131736515], [-105.699107214304, 35.5601960819671], [-105.696982900778, 35.5614145241303], [-105.694709791207, 35.5660617969831], [-105.689204575583, 35.5660483712712], [-105.689086739974, 35.5660481038238], [-105.684809649802, 35.5660383682996], [-105.683211943069, 35.5660322586602], [-105.683211816406, 35.5660276258273]]]}, "properties": {"FeatClass": "Fee", "Category": "Fee", "Own_Type": "FED", "Own_Name": "NPS", "Unit_Nm": "Pecos National Historical Park", "State_Nm": "NM", "GIS_Acres": 6451}}, {"type": "Feature", "geometry": {"type": "Polygon", "coordinates": [[[-105.754167024193, 35.5696651027838], [-105.752990723448, 35.5696521321696], [-105.752726861299, 35.5702715100812], [-105.75254457067, 35.5705217702631], [-105.751941854115, 35.5703003088427], [-105.751244470401, 35.5700185148594], [-105.750931977954, 35.5698933037037], [-105.750349002776, 35.5696240112629], [-105.750191309816, 35.5695513776591], [-105.750197795653, 35.5685088750923], [-105.749645064055, 35.5682522178293], [-105.749073516345, 35.569024071636], [-105.748885585195, 35.5689239542406], [-105.748626412252, 35.5687742627363], [-105.748401676226, 35.5686356506631], [-105.748079810758, 35.5684311510905], [-105.747336944442, 35.5679591490465], [-105.746633278809, 35.5675120470692], [-105.746464885117, 35.5674033060406], [-105.745790950126, 35.5669681007735], [-105.745369583664, 35.5666959917876], [-105.745380599704, 35.5659430546566], [-105.745374522601, 35.5656682450504], [-105.745374458821, 35.5656653761884], [-105.745370024737, 35.5654648858904], [-105.745356956944, 35.5648731491149], [-105.745490775379, 35.5648528352349], [-105.745453947147, 35.5646447453653], [-105.745377740367, 35.5642141492848], [-105.745342459034, 35.5642167470915], [-105.74534090405, 35.5641463169062], [-105.745325401823, 35.5634444669841], [-105.745607888743, 35.5634171221524], [-105.745326345953, 35.5627835839279], [-105.745310694606, 35.5627785102585], [-105.745308979722, 35.5627008296594], [-105.745307491213, 35.5626334052265], [-105.748959318015, 35.5638267923526], [-105.749473898162, 35.5640020547124], [-105.749982058949, 35.5641894039848], [-105.750483380861, 35.5643886807825], [-105.751057230953, 35.5646353399666], [-105.751620585129, 35.56489765379], [-105.752172805585, 35.5651753283418], [-105.752713267993, 35.5654680441309], [-105.753241356107, 35.5657754721625], [-105.753756469854, 35.5660972629782], [-105.754258025328, 35.5664330503108], [-105.754267903203, 35.5660822128589], [-105.754603953968, 35.5663139621692], [-105.754943716571, 35.5666802059409], [-105.755270059242, 35.5670545100882], [-105.755582697216, 35.5674365449444], [-105.755881355607, 35.5678259750012], [-105.755823657714, 35.5678545503124], [-105.756314022875, 35.5685155011535], [-105.757132450981, 35.5696186128661], [-105.757802266298, 35.5705233470916], [-105.758533082613, 35.5715104480928], [-105.759828196334, 35.5732597116407], [-105.760093231682, 35.5736194207755], [-105.762269972685, 35.5765631669396], [-105.760670060587, 35.5771944781185], [-105.760548669446, 35.5770603221146], [-105.760430673937, 35.5769241566498], [-105.760257748245, 35.5767160798655], [-105.760092754677, 35.5765037502437], [-105.759935848641, 35.5762873650228], [-105.759787182851, 35.5760671309407], [-105.759646895648, 35.5758432598516], [-105.759515120881, 35.575615962881], [-105.758915604125, 35.5745384978432], [-105.758829595827, 35.5743903767766], [-105.758737720631, 35.574244627145], [-105.758640080048, 35.5741014016687], [-105.758536775587, 35.5739608537993], [-105.758427917741, 35.5738231318752], [-105.758313622392, 35.5736883820429], [-105.758194009915, 35.5735567489884], [-105.758069208769, 35.5734283722841], [-105.757939351007, 35.5733033856569], [-105.757801285338, 35.5731814413261], [-105.757658438834, 35.5730632290547], [-105.757510963313, 35.5729488730729], [-105.757359013282, 35.5728384946881], [-105.757202751339, 35.5727322137466], [-105.757042340975, 35.5726301398653], [-105.75687795377, 35.572532382661], [-105.756709763097, 35.5724390422516], [-105.755365161187, 35.5717119323313], [-105.75521279883, 35.5716290769509], [-105.7550574891, 35.5715499596458], [-105.75489936944, 35.5714746498419], [-105.754738577293, 35.5714032140419], [-105.754124719832, 35.5711511649762], [-105.754167024193, 35.5696651027838]]]}, "properties": {"FeatClass": "Fee", "Category": "Fee", "Own_Type": "FED", "Own_Name": "NPS", "Unit_Nm": "Pecos National Historical Park", "State_Nm": "NM", "GIS_Acres": 6451}}, {"type": "Feature", "geometry": {"type": "MultiPolygon", "coordinates": [[[[-105.758331520426, 35.5780458762113], [-105.758363885827, 35.5769904760337], [-105.755542503895, 35.5770787602949], [-105.753947443598, 35.5771286396576], [-105.75396704933, 35.5764831331762], [-105.753986652366, 35.5758376236847], [-105.754004103038, 35.5752630299601], [-105.751815188067, 35.5752029138012], [-105.751864440897, 35.5733464941153], [-105.749667798618, 35.5732957553281], [-105.746921981171, 35.5732322810175], [-105.746953418613, 35.5714096323501], [-105.745301022445, 35.5713813856523], [-105.745327550594, 35.5695686002242], [-105.745296332341, 35.5695679762077], [-105.745256529787, 35.5695671797463], [-105.745266288186, 35.5689974469901], [-105.74527121814, 35.5687095236443], [-105.745307829878, 35.5686693442861], [-105.745341247207, 35.56863267084], [-105.7453666318, 35.5668977862685], [-105.746351303031, 35.5675240439839], [-105.746499947261, 35.5676185811871], [-105.747004025204, 35.5679376251568], [-105.747211323134, 35.5680688268244], [-105.747689886229, 35.568371715941], [-105.748290775611, 35.5687520193202], [-105.748549783263, 35.5689101139682], [-105.748752897739, 35.5690262900516], [-105.748959748308, 35.5691379779926], [-105.749170184951, 35.5692451032782], [-105.749420911035, 35.569364612331], [-105.749976626836, 35.5696200428421], [-105.750249704801, 35.5697675070643], [-105.750832681776, 35.5700367997534], [-105.750843141759, 35.5700413059445], [-105.751155634206, 35.5701665168689], [-105.751852411557, 35.5704480677424], [-105.751859100413, 35.5704506470796], [-105.752458965715, 35.570671061008], [-105.754036306743, 35.571299338065], [-105.754119524874, 35.5713337203319], [-105.754647574361, 35.571550553689], [-105.754804548669, 35.5716174182249], [-105.754959022965, 35.5716880690845], [-105.755110855316, 35.5717624412274], [-105.755259912771, 35.5718404681514], [-105.756604517377, 35.572567579097], [-105.756769729236, 35.5726609420075], [-105.756931114271, 35.5727586742121], [-105.757088499109, 35.5728606668255], [-105.757241713967, 35.5729668138844], [-105.757390596251, 35.5730769991965], [-105.757534984263, 35.5731911058385], [-105.757674725291, 35.5733090117727], [-105.757804173421, 35.5734267706701], [-105.757928862278, 35.5735479072458], [-105.758048659807, 35.57367229508], [-105.758163440246, 35.5737998011776], [-105.758273079627, 35.5739302940051], [-105.758307705189, 35.573973470808], [-105.758399178838, 35.5740927828366], [-105.758486386387, 35.5742142077449], [-105.758569255972, 35.574337646885], [-105.758647715728, 35.5744629921109], [-105.758721702771, 35.5745901396607], [-105.759324754398, 35.5756812202629], [-105.759448382344, 35.5758954626907], [-105.759579645071, 35.5761066548589], [-105.759718427596, 35.5763146126713], [-105.759868926847, 35.5765249919989], [-105.760027122864, 35.5767315678284], [-105.760192872814, 35.5769341531479], [-105.760336773041, 35.5771019819043], [-105.760485685867, 35.5772668680691], [-105.75987652929, 35.5778428363337], [-105.759570166048, 35.5781325022623], [-105.759569298276, 35.5781333227489], [-105.759456450113, 35.5782400217449], [-105.759401475913, 35.5782919979913], [-105.75945273019, 35.5788645352286], [-105.758751985878, 35.5789066361009], [-105.758290186245, 35.5793413973288], [-105.758331503358, 35.5780464526714], [-105.758331520426, 35.5780458762113]]], [[[-105.756899256418, 35.5737455029002], [-105.756633361382, 35.5733331317305], [-105.755358360042, 35.5733631488693], [-105.755336772627, 35.5740591090303], [-105.756687924154, 35.5740203439859], [-105.756660901034, 35.573966272362], [-105.756899256418, 35.5737455029002]]]]}, "properties": {"FeatClass": "Fee", "Category": "Fee", "Own_Type": "FED", "Own_Name": "NPS", "Unit_Nm": "Pecos National Historical Park", "State_Nm": "NM", "GIS_Acres": 6451}}, {"type": "Feature", "geometry": {"type": "Polygon", "coordinates": [[[-104.19254616911, 34.4052237399204], [-104.19311066235, 34.4050719001115], [-104.193263572679, 34.4056478220533], [-104.192706307284, 34.4057546182463], [-104.19254616911, 34.4052237399204]]]}, "properties": {"FeatClass": "Fee", "Category": "Fee", "Own_Type": "LOC", "Own_Name": "CITY", "Unit_Nm": "Old Fort Museum and Cemetery", "State_Nm": "NM", "GIS_Acres": 1}}, {"type": "Feature", "geometry": {"type": "Polygon", "coordinates": [[[-103.333830544211, 35.1138738700357], [-103.333875893862, 35.112695522053], [-103.335867545983, 35.1127034473228], [-103.335845150983, 35.1139038798055], [-103.333830544211, 35.1138738700357]]]}, "properties": {"FeatClass": "Fee", "Category": "Fee", "Own_Type": "LOC", "Own_Name": "CNTY", "Unit_Nm": "San Jon Cementery", "State_Nm": "NM", "GIS_Acres": 6}}, {"type": "Feature", "geometry": {"type": "Polygon", "coordinates": [[[-103.746340168292, 35.1720307902667], [-103.750727717108, 35.172026780219], [-103.750788057844, 35.1755768938794], [-103.74631577993, 35.1755392659784], [-103.746340168292, 35.1720307902667]]]}, "properties": {"FeatClass": "Fee", "Category": "Fee", "Own_Type": "LOC", "Own_Name": "CNTY", "Unit_Nm": "Tucumcari Cemetery", "State_Nm": "NM", "GIS_Acres": 39}}, {"type": "Feature", "geometry": {"type": "Polygon", "coordinates": [[[-106.120838702344, 35.4457990336514], [-106.120839121857, 35.4458317711295], [-106.120885482112, 35.4494462788699], [-106.120945079043, 35.449446130316], [-106.121210657872, 35.4494454673121], [-106.125308762316, 35.4494351541611], [-106.125262337383, 35.4458922601241], [-106.125261163284, 35.4458026320376], [-106.121163832289, 35.4457993051587], [-106.120838702344, 35.4457990336514], [-106.120799050707, 35.4427394177316], [-106.120792889162, 35.4422639406993], [-106.120791362925, 35.4421461759262], [-106.121560499573, 35.4421468067884], [-106.122615038173, 35.4421476652588], [-106.123658252611, 35.4421485047008], [-106.125204795797, 35.4421497327598], [-106.125279583239, 35.4421488457469], [-106.125316538134, 35.4421484088273], [-106.129556953686, 35.4420981008408], [-106.129568284136, 35.4420979661786], [-106.129567719096, 35.4421823707257], [-106.129567712808, 35.4421833338514], [-106.129544037708, 35.4457213313029], [-106.129721190872, 35.4457209851491], [-106.133832117869, 35.4457128933456], [-106.133831084807, 35.4457661571131], [-106.13376141327, 35.4493591501561], [-106.133938561044, 35.4493563327522], [-106.141657439327, 35.4492333189502], [-106.141657435734, 35.4492346200805], [-106.141684980776, 35.4492351147735], [-106.141671433283, 35.4535722140308], [-106.141662195907, 35.456529168721], [-106.141638555842, 35.4637641733632], [-106.138925861974, 35.4637748673369], [-106.133800506155, 35.4637949039005], [-106.129570572145, 35.4638112770288], [-106.127092805691, 35.4638207988743], [-106.127088317708, 35.4638208157025], [-106.125585169438, 35.4638265672946], [-106.125340639034, 35.4638275008949], [-106.125340610288, 35.4638202867111], [-106.125340610288, 35.4638201411104], [-106.125312467867, 35.4567385809492], [-106.125310734118, 35.4563022932119], [-106.125274228382, 35.4563028171307], [-106.121072965902, 35.4563630362957], [-106.120896095707, 35.4563655680797], [-106.120893683731, 35.4545991017839], [-106.120891966152, 35.4533407823142], [-106.12089138584, 35.4529161001741], [-106.120891372365, 35.4529055518408], [-106.116504210723, 35.4529420110897], [-106.116451565854, 35.4546620830979], [-106.116456457181, 35.4564285472792], [-106.112188355552, 35.4564890392847], [-106.107727235613, 35.4565521069267], [-106.107655869854, 35.4565531152475], [-106.107478570264, 35.4565556170247], [-106.107478617875, 35.4565210348323], [-106.107483228029, 35.4532041726823], [-106.107488392444, 35.4494903847175], [-106.10772048118, 35.4494873338766], [-106.107813931123, 35.4494869833482], [-106.107926366959, 35.449486558177], [-106.111975309303, 35.4494712249371], [-106.111951636, 35.4458181877196], [-106.116419561576, 35.4457983632991], [-106.120838702344, 35.4457990336514]]]}, "properties": {"FeatClass": "Fee", "Category": "Fee", "Own_Type": "LOC", "Own_Name": "CNTY", "Unit_Nm": "Cerrillos Hills Historic Park", "State_Nm": "NM", "GIS_Acres": 1096}}, {"type": "Feature", "geometry": {"type": "Polygon", "coordinates": [[[-106.125585084996, 35.4638203591456], [-106.125488365186, 35.4567360572259], [-106.129723286642, 35.4567791536867], [-106.133957981722, 35.4568221037794], [-106.133937529778, 35.449409532638], [-106.136797374876, 35.4493605069006], [-106.136806550268, 35.4493707842034], [-106.13720810259, 35.4496267452593], [-106.137603309212, 35.4498440838938], [-106.137918304365, 35.4500003089385], [-106.138334215359, 35.4501681639529], [-106.13920960923, 35.4508623981302], [-106.139179256953, 35.4512039481793], [-106.13918379075, 35.4514244482103], [-106.139195168812, 35.4516339651961], [-106.139253419168, 35.4518713218441], [-106.139345122785, 35.4521309272007], [-106.139484138872, 35.452374280667], [-106.139737762023, 35.4526072979682], [-106.139870980383, 35.4527569156893], [-106.139929616117, 35.4529556920849], [-106.140213290609, 35.4535526681239], [-106.140366332092, 35.4537409872626], [-106.141643012384, 35.453575888172], [-106.141640020096, 35.4604184350619], [-106.141452380897, 35.4603026102331], [-106.137907531768, 35.4631462669146], [-106.138925861974, 35.4637748673369], [-106.138950092233, 35.4637898247034], [-106.135474540941, 35.4638229016699], [-106.129747439645, 35.4638771828973], [-106.125586397435, 35.4639164518734], [-106.125585169438, 35.4638265672946], [-106.125585084996, 35.4638203591456]]]}, "properties": {"FeatClass": "Designation", "Category": "Designation", "Own_Type": "LOC", "Own_Name": "UNKL", "Unit_Nm": "Cerrillos Hills Historic Park - Evans", "State_Nm": "NM", "GIS_Acres": 378}}, {"type": "Feature", "geometry": {"type": "Polygon", "coordinates": [[[-106.125585084996, 35.4638203591456], [-106.125488365186, 35.4567360572259], [-106.129723286642, 35.4567791536867], [-106.133957981722, 35.4568221037794], [-106.133937529778, 35.449409532638], [-106.136797374876, 35.4493605069006], [-106.136806550268, 35.4493707842034], [-106.13720810259, 35.4496267452593], [-106.137603309212, 35.4498440838938], [-106.137918304365, 35.4500003089385], [-106.138334215359, 35.4501681639529], [-106.13920960923, 35.4508623981302], [-106.139179256953, 35.4512039481793], [-106.13918379075, 35.4514244482103], [-106.139195168812, 35.4516339651961], [-106.139253419168, 35.4518713218441], [-106.139345122785, 35.4521309272007], [-106.139484138872, 35.452374280667], [-106.139737762023, 35.4526072979682], [-106.139870980383, 35.4527569156893], [-106.139929616117, 35.4529556920849], [-106.140213290609, 35.4535526681239], [-106.140366332092, 35.4537409872626], [-106.141643012384, 35.453575888172], [-106.141640020096, 35.4604184350619], [-106.141452380897, 35.4603026102331], [-106.137907531768, 35.4631462669146], [-106.138925861974, 35.4637748673369], [-106.138950092233, 35.4637898247034], [-106.135474540941, 35.4638229016699], [-106.129747439645, 35.4638771828973], [-106.125586397435, 35.4639164518734], [-106.125585169438, 35.4638265672946], [-106.125585084996, 35.4638203591456]]]}, "properties": {"FeatClass": "Designation", "Category": "Designation", "Own_Type": "LOC", "Own_Name": "UNKL", "Unit_Nm": "Cerrillos Hills Historic Park - Evans", "State_Nm": "NM", "GIS_Acres": 378}}, {"type": "Feature", "geometry": {"type": "Polygon", "coordinates": [[[-96.9971579914238, 34.4931587162798], [-96.9970312912395, 34.4931505416787], [-96.9968837725985, 34.4931536113188], [-96.9965380173338, 34.491729911032], [-96.99863752029, 34.4917404942887], [-96.9987683051139, 34.4917486682877], [-96.9988909170653, 34.4917731910201], [-96.9989037827368, 34.4917790379445], [-96.9989544010065, 34.4918020458138], [-96.9989808339337, 34.4918140609908], [-96.9991075332197, 34.491908064809], [-96.99920971299, 34.49203476515], [-96.9992424089714, 34.492083809699], [-96.9992458863498, 34.4921369419398], [-96.999247106262, 34.4921383449883], [-96.9991729269791, 34.4922554679847], [-96.9988091766627, 34.4928726188312], [-96.9986783900421, 34.4930197560961], [-96.9984822096622, 34.4931301062829], [-96.9982288101919, 34.4932118478358], [-96.9980203678083, 34.4932363686571], [-96.997791491447, 34.4932363723591], [-96.9976157450448, 34.4932159347633], [-96.9973173875895, 34.4931791509281], [-96.9971579914238, 34.4931587162798]]]}, "properties": {"FeatClass": "Fee", "Category": "Fee", "Own_Type": "TRIB", "Own_Name": "TRIB", "Unit_Nm": "Chickasw Cultural Park", "State_Nm": "OK", "GIS_Acres": 8}}, {"type": "Feature", "geometry": {"type": "Polygon", "coordinates": [[[-99.6955663497393, 35.6190032069198], [-99.695573315276, 35.6171945967037], [-99.6977997870128, 35.6172060530826], [-99.6991611380118, 35.617213037325], [-99.7000262596478, 35.6172174678348], [-99.7012675993181, 35.6172238152864], [-99.7022527322829, 35.6172288409603], [-99.704469215652, 35.6172401213408], [-99.7044792067146, 35.6172401877948], [-99.7067056479086, 35.6172551801022], [-99.7089320908993, 35.6172701300515], [-99.7111585338899, 35.6172850376428], [-99.7133849777789, 35.6172999043366], [-99.7133918804335, 35.6190977249707], [-99.7133987821899, 35.6208955468135], [-99.7134056830479, 35.6226933691309], [-99.7134125857025, 35.6244911897291], [-99.7111791933448, 35.6244835679298], [-99.7089458018854, 35.6244759030482], [-99.7088210699099, 35.624475472962], [-99.7067124104261, 35.6244681958144], [-99.7044790171701, 35.6244604469587], [-99.7022456257107, 35.6244526572111], [-99.7000122342513, 35.6244448251112], [-99.6977788427919, 35.6244369499289], [-99.6955454558241, 35.6244290338548], [-99.695545543859, 35.6244062232021], [-99.6955524195642, 35.6226204251338], [-99.6955593833043, 35.6208118156674], [-99.6955663497393, 35.6190032069198]]]}, "properties": {"FeatClass": "Fee", "Category": "Fee", "Own_Type": "FED", "Own_Name": "NPS", "Unit_Nm": "Washita Battlefield National Historic Site", "State_Nm": "OK", "GIS_Acres": 320}}, {"type": "Feature", "geometry": {"type": "Polygon", "coordinates": [[[-106.301266059286, 35.8846030136531], [-106.301273055365, 35.8844653816638], [-106.301401841438, 35.8844096302431], [-106.302163319948, 35.8843009977948], [-106.302219741334, 35.8843727270475], [-106.30219664475, 35.88449491787], [-106.30217807837, 35.8844940008227], [-106.302154360151, 35.8847630940658], [-106.301266059286, 35.8846030136531]]]}, "properties": {"FeatClass": "Fee", "Category": "Fee", "Own_Type": "LOC", "Own_Name": "CNTY", "Unit_Nm": "Historical Site Tract #1", "State_Nm": "NM", "GIS_Acres": 1}}, {"type": "Feature", "geometry": {"type": "Polygon", "coordinates": [[[-106.301357207745, 35.8815585173318], [-106.301308908925, 35.882497969829], [-106.301371816148, 35.8825470512764], [-106.301294861969, 35.8840522659146], [-106.30129256318, 35.8840518066606], [-106.301369023285, 35.8825476320873], [-106.301306257997, 35.8824986882008], [-106.301354562206, 35.8815584227123], [-106.301357207745, 35.8815585173318]]]}, "properties": {"FeatClass": "Fee", "Category": "Fee", "Own_Type": "LOC", "Own_Name": "CNTY", "Unit_Nm": "Historical Site Tract #2", "State_Nm": "NM", "GIS_Acres": 6}}, {"type": "Feature", "geometry": {"type": "Polygon", "coordinates": [[[-106.301539957413, 35.8841010610938], [-106.301581903347, 35.883755084334], [-106.301599027931, 35.8834830938352], [-106.301629143951, 35.8830709868272], [-106.301677417617, 35.8826808501973], [-106.30168034343, 35.882636892045], [-106.30182967577, 35.8826440007836], [-106.301862693348, 35.8822515591776], [-106.301982704677, 35.8816976660985], [-106.301975084268, 35.8815827726724], [-106.301975394187, 35.8815827959633], [-106.301982115382, 35.8815833178261], [-106.30198883478, 35.881583857157], [-106.301995550585, 35.8815844132283], [-106.30200226639, 35.8815849860401], [-106.302008978602, 35.8815855741364], [-106.302015689916, 35.881586179701], [-106.302022396738, 35.8815868027338], [-106.302029102661, 35.8815874432348], [-106.30203580589, 35.8815880990204], [-106.30204250822, 35.8815887708186], [-106.302049206059, 35.881589460085], [-106.302055901203, 35.8815901660918], [-106.302062593652, 35.8815908888388], [-106.302069285202, 35.8815916268706], [-106.302075972261, 35.8815923830985], [-106.302082656625, 35.8815931560666], [-106.302089339193, 35.8815939450473], [-106.302096017268, 35.8815947507684], [-106.302102692649, 35.8815955732298], [-106.302109365335, 35.8815964117037], [-106.302116034428, 35.881597266918], [-106.302122699927, 35.8815981388726], [-106.30212936363, 35.8815990282954], [-106.302136022841, 35.8815999330029], [-106.302142679358, 35.8816008551786], [-106.302149332281, 35.881601792639], [-106.302155980712, 35.8816027482954], [-106.302162626448, 35.8816037192364], [-106.302169266795, 35.8816047069179], [-106.302175905345, 35.8816057113396], [-106.302182539403, 35.8816067317739], [-106.30218916897, 35.8816077689485], [-106.302195795842, 35.8816088228635], [-106.302202418222, 35.881609892791], [-106.302209036111, 35.8816109801866], [-106.302215650406, 35.881612082867], [-106.30222226021, 35.8816132022877], [-106.302228866421, 35.8816143391765], [-106.30223546814, 35.8816154920779], [-106.302242065367, 35.8816166602639], [-106.302248657205, 35.8816178451903], [-106.302255246348, 35.8816190483127], [-106.3022618301, 35.881620265264], [-106.302268409361, 35.8816214996836], [-106.302274983233, 35.8816227508435], [-106.302281552612, 35.8816240172881], [-106.302288118399, 35.8816253012008], [-106.302294677897, 35.8816265996703], [-106.302301232005, 35.8816279170637], [-106.302307781622, 35.8816292490139], [-106.302314327645, 35.8816305977045], [-106.302320867381, 35.8816319616797], [-106.302327402624, 35.8816333438509], [-106.30233393158, 35.8816347413067], [-106.302340456942, 35.8816361540472], [-106.302346976016, 35.881637584256], [-106.302353488802, 35.8816390297493], [-106.302359997096, 35.8816404927108], [-106.302366500001, 35.8816419709569], [-106.302372998413, 35.8816434659434], [-106.302379488741, 35.8816449762145], [-106.302385973679, 35.8816465039538], [-106.302392455024, 35.8816480469777], [-106.302398929182, 35.8816496052863], [-106.302405397052, 35.881651181063], [-106.302411858634, 35.8816527721244], [-106.302418315724, 35.8816543791982], [-106.302424765628, 35.8816560022845], [-106.303181829817, 35.8818475640851], [-106.302850741346, 35.882894336857], [-106.302241256884, 35.8841286789059], [-106.302180531669, 35.884144706927], [-106.301925652673, 35.8841435970038], [-106.301539957413, 35.8841010610938]]]}, "properties": {"FeatClass": "Fee", "Category": "Fee", "Own_Type": "LOC", "Own_Name": "CNTY", "Unit_Nm": "Historical Site Tract #2", "State_Nm": "NM", "GIS_Acres": 6}}, {"type": "Feature", "geometry": {"type": "Polygon", "coordinates": [[[-106.302439338997, 35.8803888777812], [-106.302449168363, 35.8802203898136], [-106.302976864812, 35.8801210143089], [-106.303895727261, 35.8805351091444], [-106.303363128706, 35.8812722098597], [-106.302929456223, 35.8814980248803], [-106.30281227818, 35.8815228858045], [-106.302811856871, 35.8815229760569], [-106.3025056158, 35.8814454862548], [-106.302476389113, 35.8814386241476], [-106.302441644972, 35.881430561826], [-106.30240965866, 35.8814238452862], [-106.302379274044, 35.8814184818071], [-106.302439338997, 35.8803888777812]]]}, "properties": {"FeatClass": "Fee", "Category": "Fee", "Own_Type": "LOC", "Own_Name": "CNTY", "Unit_Nm": "Historical Site Tract #3", "State_Nm": "NM", "GIS_Acres": 4}}, {"type": "Feature", "geometry": {"type": "Polygon", "coordinates": [[[-95.9926129391322, 36.1482213557601], [-95.9924460986277, 36.1479250757538], [-95.9927917433996, 36.1479253020744], [-95.9928107212083, 36.1479254616595], [-95.9928263447077, 36.1479255922291], [-95.9928484738064, 36.1479257772027], [-95.9928592464033, 36.1479258526429], [-95.9933098943504, 36.1479261507768], [-95.9933102339136, 36.1479261471499], [-95.9933333161248, 36.1479682217421], [-95.9929544300942, 36.1481014279402], [-95.9929389161892, 36.1481068908149], [-95.9929233995893, 36.1481123493369], [-95.9926129391322, 36.1482213557601]]]}, "properties": {"FeatClass": "Fee", "Category": "Fee", "Own_Type": "LOC", "Own_Name": "CITY", "Unit_Nm": "Plaza Of The Americas Park", "State_Nm": "OK", "GIS_Acres": 0}}, {"type": "Feature", "geometry": {"type": "Polygon", "coordinates": [[[-96.0285766941896, 36.1799357311158], [-96.0285861956703, 36.1790336016389], [-96.0285947179874, 36.1782283896978], [-96.0286147692829, 36.1763272009142], [-96.0286286563389, 36.175010765073], [-96.027113607188, 36.1750432497137], [-96.024433640743, 36.1749313981605], [-96.024194693369, 36.1748778772421], [-96.0238009689665, 36.17478969034], [-96.0235489349354, 36.1747521129467], [-96.0232160480372, 36.1746653421002], [-96.0231140712862, 36.1745484633345], [-96.0230031868408, 36.1743935760951], [-96.0224086907689, 36.1744403071207], [-96.022517502801, 36.1764136508662], [-96.0197262252108, 36.176453119308], [-96.0197445930634, 36.1729342747784], [-96.0216998768906, 36.172902840739], [-96.0216605648171, 36.1728144608982], [-96.0208553715903, 36.1728254426664], [-96.0208652629399, 36.1719189071637], [-96.0219832279891, 36.1719036671004], [-96.0219729836016, 36.1728101897266], [-96.0227361832838, 36.1727997510985], [-96.0227352400528, 36.1729487880357], [-96.022547596363, 36.1731640007483], [-96.0224949919182, 36.1733999666944], [-96.0230299126188, 36.1734167539387], [-96.0230319841338, 36.173107277069], [-96.0230340736152, 36.1727956742682], [-96.0260700145595, 36.1727540879759], [-96.0286528335964, 36.1727186401186], [-96.0331085699321, 36.1726573933074], [-96.0330590745566, 36.1762640259169], [-96.0375032702359, 36.1762006043261], [-96.0419877409825, 36.17627797006], [-96.0464721245927, 36.1763550739479], [-96.0464302307611, 36.1799617299575], [-96.0419362288892, 36.1798836608974], [-96.0418848129156, 36.1834892626475], [-96.0373813257327, 36.1834099732042], [-96.0352049907685, 36.1834431250412], [-96.0329600317033, 36.1834772846944], [-96.0329723889283, 36.1825755810107], [-96.0329884588904, 36.1814072370443], [-96.0330095612148, 36.1798706549388], [-96.0285766941896, 36.1799357311158]]]}, "properties": {"FeatClass": "Fee", "Category": "Fee", "Own_Type": "LOC", "Own_Name": "CITY", "Unit_Nm": "Gilcrease Museum Park", "State_Nm": "OK", "GIS_Acres": 336}}, {"type": "Feature", "geometry": {"type": "Polygon", "coordinates": [[[-95.9733482040466, 36.1284486161453], [-95.9755574973001, 36.1284597173161], [-95.9756586170584, 36.128460107671], [-95.9756569057678, 36.12903773207], [-95.9756567692239, 36.1290757427675], [-95.9755557518735, 36.1290752007735], [-95.9745442650333, 36.1290687628706], [-95.9745441248961, 36.1291319548583], [-95.9741362026205, 36.1291292956792], [-95.9741302458919, 36.1291280868954], [-95.9741266696987, 36.129127217674], [-95.9741231321331, 36.129126246874], [-95.974119638585, 36.1291251781233], [-95.9741161917493, 36.1291240092453], [-95.9741128006091, 36.1291227438678], [-95.9741094651644, 36.129121386344], [-95.9741061890086, 36.1291199308695], [-95.9741029766331, 36.1291183847], [-95.9740998343263, 36.129116750012], [-95.9740967638846, 36.1291150260799], [-95.9740937689015, 36.1291132150806], [-95.9740908538684, 36.1291113228185], [-95.9740880232769, 36.1291093478424], [-95.9740852789237, 36.1291072937802], [-95.9740826217071, 36.129105164985], [-95.9740800624068, 36.1291029621827], [-95.9740775956331, 36.1291006860987], [-95.9740752312672, 36.129098343263], [-95.9740729657161, 36.1290959336757], [-95.9740708070645, 36.1290934616901], [-95.9740687562107, 36.1290909316595], [-95.9740668149513, 36.1290883428584], [-95.9740649868798, 36.1290857032679], [-95.9740632728942, 36.1290830107115], [-95.9740616765879, 36.1290802709934], [-95.974060197961, 36.1290774906439], [-95.9740588406066, 36.1290746682117], [-95.9740576054231, 36.1290718109525], [-95.9740564942071, 36.1290689188662], [-95.9740555078569, 36.1290659977575], [-95.9740546481691, 36.1290630498028], [-95.9740539151439, 36.1290600793556], [-95.9740533087811, 36.1290570900438], [-95.9740528353689, 36.1290540862206], [-95.9735617812003, 36.1290515112039], [-95.9735622348495, 36.1287506893268], [-95.9733477602788, 36.1287495770373], [-95.9733482040466, 36.1284486161453]]]}, "properties": {"FeatClass": "Fee", "Category": "Fee", "Own_Type": "PVT", "Own_Name": "PVT", "Unit_Nm": "Tulsa Historical Society Park", "State_Nm": "OK", "GIS_Acres": 3}}, {"type": "Feature", "geometry": {"type": "Polygon", "coordinates": [[[-95.2561541553578, 35.804530561742], [-95.2574340767712, 35.8032725180511], [-95.2578388387736, 35.8035241269262], [-95.2581560851044, 35.8038085550059], [-95.2581123272686, 35.8047055948312], [-95.2576966246844, 35.8055151188529], [-95.2573246817326, 35.8054166631082], [-95.2561541553578, 35.804530561742]]]}, "properties": {"FeatClass": "Fee", "Category": "Fee", "Own_Type": "STAT", "Own_Name": "OTHS", "Unit_Nm": "Fort Gibson Historic Site", "State_Nm": "OK", "GIS_Acres": 7}}, {"type": "Feature", "geometry": {"type": "Polygon", "coordinates": [[[-94.9565738360233, 35.8562452483023], [-94.956449757123, 35.8527399892287], [-94.9607925572612, 35.852771008038], [-94.9607925572612, 35.856214228668], [-94.9565738360233, 35.8562452483023]]]}, "properties": {"FeatClass": "Fee", "Category": "Fee", "Own_Type": "STAT", "Own_Name": "OTHS", "Unit_Nm": "Murrel Home Park", "State_Nm": "OK", "GIS_Acres": 37}}, {"type": "Feature", "geometry": {"type": "Polygon", "coordinates": [[[-93.6609789759297, 32.0065019310907], [-93.6605317227161, 32.0062874647771], [-93.6605350096517, 32.0065496987965], [-93.658797994879, 32.0057495927255], [-93.6589147668828, 32.0055154169349], [-93.6589094910771, 32.0023683286695], [-93.6582427471002, 32.0023743971274], [-93.6582365514197, 32.0018790699293], [-93.6625111038508, 32.0018838113659], [-93.6678801995566, 32.0019075063562], [-93.6678688286818, 32.0037142998978], [-93.6668086630346, 32.0037094549533], [-93.6668143727266, 32.0055160918619], [-93.6668092280749, 32.0091732172744], [-93.6668103267145, 32.0106156481223], [-93.6645691064375, 32.0091645936342], [-93.6647568112127, 32.0091337508406], [-93.6625205756871, 32.0080760012758], [-93.66097249189, 32.0073470479538], [-93.6609789759297, 32.0065019310907]]]}, "properties": {"FeatClass": "Fee", "Category": "Fee", "Own_Type": "STAT", "Own_Name": "SPR", "Unit_Nm": "Mansfield State Historic Site", "State_Nm": "LA", "GIS_Acres": 177}}, {"type": "Feature", "geometry": {"type": "Polygon", "coordinates": [[[-93.6624341038579, 32.0135092881282], [-93.6623694548018, 32.0083665290116], [-93.6631112961399, 32.0087187988547], [-93.6656677702844, 32.0101226232219], [-93.6664218556598, 32.0106094118685], [-93.66635980004, 32.0106997327709], [-93.66701875742, 32.0111604598523], [-93.6662331762125, 32.0123525200986], [-93.6663607010502, 32.0124411170543], [-93.6663647910797, 32.0127642077088], [-93.6663630690093, 32.0134643781492], [-93.6624341038579, 32.0135092881282]]]}, "properties": {"FeatClass": "Fee", "Category": "Fee", "Own_Type": "STAT", "Own_Name": "SPR", "Unit_Nm": "Mansfield State Historic Site", "State_Nm": "LA", "GIS_Acres": 177}}, {"type": "Feature", "geometry": {"type": "Polygon", "coordinates": [[[-93.9707775741289, 32.7408530562675], [-93.9716209179075, 32.7406456540539], [-93.9719117843117, 32.7414903650202], [-93.9710684477196, 32.7416977818907], [-93.9707775741289, 32.7408530562675]]]}, "properties": {"FeatClass": "Fee", "Category": "Fee", "Own_Type": "STAT", "Own_Name": "SPR", "Unit_Nm": "Caddo Pine Island Oil-historical Museum", "State_Nm": "LA", "GIS_Acres": 2}}, {"type": "Feature", "geometry": {"type": "Polygon", "coordinates": [[[-94.370095525399, 32.5408711899659], [-94.371415747931, 32.5408693959531], [-94.3713397908822, 32.5414200478949], [-94.3700970561282, 32.5414218540132], [-94.370095525399, 32.5408711899659]]]}, "properties": {"FeatClass": "Fee", "Category": "Fee", "Own_Type": "STAT", "Own_Name": "OTHS", "Unit_Nm": "Starr Family Home State Historic Site", "State_Nm": "TX", "GIS_Acres": 4}}, {"type": "Feature", "geometry": {"type": "Polygon", "coordinates": [[[-94.3703525522664, 32.5426828193712], [-94.3703587290823, 32.5416914241416], [-94.3711393291316, 32.5416945532225], [-94.3711330301448, 32.5426859446312], [-94.3703525522664, 32.5426828193712]]]}, "properties": {"FeatClass": "Fee", "Category": "Fee", "Own_Type": "STAT", "Own_Name": "OTHS", "Unit_Nm": "Starr Family Home State Historic Site", "State_Nm": "TX", "GIS_Acres": 4}}, {"type": "Feature", "geometry": {"type": "Polygon", "coordinates": [[[-93.9942989456456, 29.9736221978485], [-93.9940972433216, 29.9734863960991], [-93.9940579231633, 29.9735292056452], [-93.9938494574235, 29.9733853310084], [-93.9938885314434, 29.9733413689264], [-93.9937449132874, 29.9732447509499], [-93.9940112143618, 29.9729451622553], [-93.9945735758993, 29.9733313141557], [-93.9942989456456, 29.9736221978485]]]}, "properties": {"FeatClass": "Fee", "Category": "Fee", "Own_Type": "LOC", "Own_Name": "CITY", "Unit_Nm": "\"Tex\" Ritter Historical Park", "State_Nm": "TX", "GIS_Acres": 1}}, {"type": "Feature", "geometry": {"type": "Polygon", "coordinates": [[[-93.5963733255737, 33.6672227013403], [-93.5965311254332, 33.6671843009373], [-93.596582892648, 33.6673404661077], [-93.5964251898067, 33.6673791632543], [-93.5963733255737, 33.6672227013403]]]}, "properties": {"FeatClass": "Fee", "Category": "Fee", "Own_Type": "FED", "Own_Name": "NPS", "Unit_Nm": "President William Jefferson Clinton Birthplace Home National Historic Site", "State_Nm": "AR", "GIS_Acres": 1}}, {"type": "Feature", "geometry": {"type": "Polygon", "coordinates": [[[-93.596600047775, 33.6673922207991], [-93.5966625830952, 33.6673770018248], [-93.5966249140404, 33.6674079062983], [-93.5966703220814, 33.6677028253004], [-93.5964752538157, 33.6677817107866], [-93.5963209268432, 33.6678405550521], [-93.5961628386246, 33.6678790351592], [-93.5960422200347, 33.6675269619855], [-93.596600047775, 33.6673922207991]]]}, "properties": {"FeatClass": "Fee", "Category": "Fee", "Own_Type": "FED", "Own_Name": "NPS", "Unit_Nm": "President William Jefferson Clinton Birthplace Home National Historic Site", "State_Nm": "AR", "GIS_Acres": 1}}, {"type": "Feature", "geometry": {"type": "Polygon", "coordinates": [[[-93.6832847921197, 33.7748446527811], [-93.683690641982, 33.7746136972423], [-93.6840001547165, 33.7749927541982], [-93.6835943039559, 33.7752237251425], [-93.6832847921197, 33.7748446527811]]]}, "properties": {"FeatClass": "Fee", "Category": "Fee", "Own_Type": "STAT", "Own_Name": "SPR", "Unit_Nm": "Old Washington Historic State Park", "State_Nm": "AR", "GIS_Acres": 1}}, {"type": "Feature", "geometry": {"type": "Polygon", "coordinates": [[[-94.4314113592333, 35.3879004339682], [-94.431401534359, 35.3879554167129], [-94.4313676822459, 35.3880923040089], [-94.4313279084383, 35.3882281196465], [-94.4312822587505, 35.3883626929942], [-94.4312307951662, 35.3884958482951], [-94.4312307511488, 35.3883062751251], [-94.4312493858011, 35.3877962063488], [-94.4312816119635, 35.3869141377705], [-94.4313046851916, 35.3862825636388], [-94.4313257857193, 35.386430324268], [-94.4314253756467, 35.3870175902285], [-94.4314385027279, 35.3871291548908], [-94.4314474418633, 35.3872409976946], [-94.4314521867646, 35.3873530117149], [-94.431452732042, 35.3874650936886], [-94.4314490767971, 35.3875771359595], [-94.4314412264199, 35.3876890330687], [-94.4314291871984, 35.3878006817552], [-94.4314113592333, 35.3879004339682]]]}, "properties": {"FeatClass": "Fee", "Category": "Fee", "Own_Type": "FED", "Own_Name": "NPS", "Unit_Nm": "Fort Smith National Historic Site", "State_Nm": "AR", "GIS_Acres": 32}}, {"type": "Feature", "geometry": {"type": "Polygon", "coordinates": [[[-94.4287460901247, 35.3876387481934], [-94.4288515433559, 35.3875329808258], [-94.4289392530636, 35.3874450066371], [-94.4291514944225, 35.3872321288434], [-94.4295169156053, 35.3874784181651], [-94.4296420850604, 35.3875627788793], [-94.4296464373979, 35.3875657141569], [-94.4298209800577, 35.3873873877941], [-94.4298604421498, 35.3873481986671], [-94.4304520941555, 35.3867606311834], [-94.4305502809143, 35.3866631222531], [-94.4306185834186, 35.3865952900435], [-94.4306233579644, 35.3865984670362], [-94.4309779050407, 35.3868343668187], [-94.4309748831081, 35.3869456351286], [-94.4309705397537, 35.3871055817275], [-94.4309595138319, 35.3875117542466], [-94.4309498811971, 35.3878665480509], [-94.4309484187398, 35.3879203568595], [-94.4308984221044, 35.3881194727206], [-94.4308146344412, 35.3884531708074], [-94.430812801878, 35.38845863631], [-94.4307810733822, 35.3885533301299], [-94.4307289737907, 35.3887088120996], [-94.4305023459125, 35.3892100460173], [-94.430501840161, 35.3892111643001], [-94.4304599032102, 35.3893942482929], [-94.4304614662788, 35.3894461307667], [-94.4304594064419, 35.3894499381898], [-94.4304572010779, 35.3894536921521], [-94.4304548555767, 35.3894573882595], [-94.4304523717349, 35.3894610221181], [-94.4303858550814, 35.3895651179626], [-94.4303152942124, 35.3896674106625], [-94.4302407618916, 35.3897677991626], [-94.4301623371707, 35.3898661780139], [-94.4300800999997, 35.3899624461617], [-94.4299941321253, 35.3900565047488], [-94.4299113371005, 35.3901422747013], [-94.4294762722286, 35.3898515796709], [-94.4291714226487, 35.3896478880581], [-94.4294688000421, 35.3893502750415], [-94.4292628271272, 35.3892125528162], [-94.4293064079949, 35.3891688108853], [-94.4292180667716, 35.3891097110162], [-94.4289634411009, 35.3889393669358], [-94.4289114762567, 35.3889046019117], [-94.4285522777038, 35.3886642972718], [-94.428849446688, 35.3883664272337], [-94.4288525198246, 35.3883386719947], [-94.4288773079365, 35.3881148149767], [-94.4287835399905, 35.3880516161034], [-94.4287263262901, 35.3880130549236], [-94.4287274402011, 35.3879819417343], [-94.4287297919905, 35.3879508761358], [-94.4287325318521, 35.3879269179959], [-94.4287361556559, 35.3879030389429], [-94.428740663402, 35.3878792602149], [-94.4287460479038, 35.3878556052475], [-94.4287523037715, 35.3878320938142], [-94.4287899638431, 35.3877002292891], [-94.4287412652733, 35.3876671151887], [-94.4287272892841, 35.387657606307], [-94.4287460901247, 35.3876387481934]]]}, "properties": {"FeatClass": "Fee", "Category": "Fee", "Own_Type": "FED", "Own_Name": "NPS", "Unit_Nm": "Fort Smith National Historic Site", "State_Nm": "AR", "GIS_Acres": 32}}, {"type": "Feature", "geometry": {"type": "Polygon", "coordinates": [[[-94.4313316651929, 35.3895428937432], [-94.4313316382434, 35.3894055241014], [-94.4313199421784, 35.3894078382893], [-94.4313083449281, 35.3894104651855], [-94.4312968590689, 35.3894134018605], [-94.4312854962788, 35.3894166446526], [-94.4312742691344, 35.3894201913648], [-94.431263190212, 35.3894240361384], [-94.4312522729864, 35.3894281789732], [-94.4312415237457, 35.3894326088842], [-94.4312309586596, 35.389437325139], [-94.431230874218, 35.3890049869672], [-94.4312656273414, 35.389133561883], [-94.4313424198234, 35.3890077559507], [-94.4314137128193, 35.3888797952699], [-94.4314794155992, 35.3887498453399], [-94.4315394500097, 35.3886180672672], [-94.4315867570891, 35.3885019582594], [-94.4316297028479, 35.3883847161433], [-94.4316682441669, 35.3882664529632], [-94.43170234691, 35.3881472792994], [-94.4317319778397, 35.3880273057329], [-94.4317571100064, 35.3879066457745], [-94.4317579616093, 35.3879022143149], [-94.4317586622952, 35.3878977630817], [-94.4317592093692, 35.3878932986658], [-94.4317616806345, 35.3878680149519], [-94.4317652514378, 35.3878428191123], [-94.4317699163891, 35.3878177426381], [-94.4317828278746, 35.3876982292318], [-94.4317908588133, 35.38757843003], [-94.4317939957303, 35.3874584783204], [-94.4317922422188, 35.3873385066587], [-94.4317855928891, 35.3872186497988], [-94.4317740603175, 35.3870990432275], [-94.4317576561821, 35.386979817306], [-94.4316580608648, 35.3863925232406], [-94.4316405715646, 35.3862810791323], [-94.4316449445634, 35.3861613268944], [-94.4317456843343, 35.3861619069294], [-94.4326123349029, 35.38616688776], [-94.4327071862172, 35.3861691507752], [-94.4327095928038, 35.3861692093646], [-94.4332839207992, 35.3868017240037], [-94.4334158330088, 35.3870684159721], [-94.4336122280861, 35.3874654730488], [-94.4337160005694, 35.3876752699473], [-94.4337714580635, 35.3877873858938], [-94.4337274010887, 35.3878978590198], [-94.4336793511025, 35.3880183498183], [-94.433254852215, 35.3890827828459], [-94.4324008409423, 35.3902090852561], [-94.4322139509391, 35.3904620391964], [-94.4320466217511, 35.3906885150897], [-94.4316110897553, 35.391277988752], [-94.4307819177985, 35.3907240050798], [-94.4312311239496, 35.3902731648966], [-94.4313317783806, 35.3902434513302], [-94.4313317208884, 35.3898176352544], [-94.431331693939, 35.3896802653481], [-94.4313316651929, 35.3895428937432]]]}, "properties": {"FeatClass": "Fee", "Category": "Fee", "Own_Type": "FED", "Own_Name": "NPS", "Unit_Nm": "Fort Smith National Historic Site", "State_Nm": "AR", "GIS_Acres": 32}}, {"type": "Feature", "geometry": {"type": "Polygon", "coordinates": [[[-94.4314113592333, 35.3879004339682], [-94.4315672546643, 35.3878998956897], [-94.431616043964, 35.3878997272488], [-94.4316884032602, 35.387864017775], [-94.4317699163891, 35.3878177426381], [-94.4317652514378, 35.3878428191123], [-94.4317616806345, 35.3878680149519], [-94.4317592093692, 35.3878932986658], [-94.431723037806, 35.3879110830925], [-94.4316348322282, 35.387954609662], [-94.4315675394303, 35.387954843282], [-94.431401534359, 35.3879554167129], [-94.4314113592333, 35.3879004339682]]]}, "properties": {"FeatClass": "Easement", "Category": "Easement", "Own_Type": "UNK", "Own_Name": "UNK", "Unit_Nm": "Fort Smith National Historic Site", "State_Nm": "AR", "GIS_Acres": 0}}, {"type": "Feature", "geometry": {"type": "Polygon", "coordinates": [[[-94.0510679512795, 36.4224457762926], [-94.0511759009288, 36.4221758118915], [-94.0513121681709, 36.4217661429855], [-94.0514345196109, 36.4212876038329], [-94.0515746397272, 36.4207798938139], [-94.0516203738567, 36.4203253402858], [-94.0517388212185, 36.4202150557404], [-94.0521938673172, 36.4200372210662], [-94.0523470103102, 36.4200346397262], [-94.0526477132667, 36.4200605138427], [-94.0530372191807, 36.4200642633263], [-94.0536015345539, 36.4199155221048], [-94.0542582263828, 36.4197803400885], [-94.0547024971898, 36.419680026696], [-94.0550501209502, 36.4195452483522], [-94.0559038330838, 36.4194792737435], [-94.0563567483787, 36.4194664732114], [-94.0569880601059, 36.4194403437248], [-94.0576523516821, 36.4195501211952], [-94.0578643469026, 36.4202399987531], [-94.0578960107197, 36.4204927731016], [-94.0578309232858, 36.4222860777497], [-94.0538698739057, 36.4221921119775], [-94.0538040130224, 36.4240041216815], [-94.0506293156043, 36.4239291256599], [-94.0507504839631, 36.4237625112655], [-94.050917468198, 36.4233059172953], [-94.0509755712306, 36.4228356850653], [-94.0510679512795, 36.4224457762926]]]}, "properties": {"FeatClass": "Fee", "Category": "Fee", "Own_Type": "FED", "Own_Name": "NPS", "Unit_Nm": "Pea Ridge National Military Park", "State_Nm": "AR", "GIS_Acres": 4256}}, {"type": "Feature", "geometry": {"type": "Polygon", "coordinates": [[[-94.0108329442013, 36.4468093452351], [-94.0108883001858, 36.4451587098535], [-94.0140539497723, 36.4452372761], [-94.0298736529299, 36.4405017368984], [-94.0301330001456, 36.440419462162], [-94.0303889652044, 36.440330532243], [-94.0306412768148, 36.4402350367303], [-94.0308896852454, 36.4401330789421], [-94.0311339335779, 36.4400247578594], [-94.031373772979, 36.4399101861932], [-94.0316089573103, 36.4397894788217], [-94.0318392476199, 36.4396627629077], [-94.0320644094475, 36.4395301641683], [-94.0336375921737, 36.4385722157008], [-94.0336415851851, 36.4384527817967], [-94.0352542398848, 36.4384879652518], [-94.0353993932617, 36.4384911313573], [-94.0353981733495, 36.4385276467123], [-94.034784961777, 36.4389010661261], [-94.0343508913402, 36.4390308113344], [-94.0338545595693, 36.4391791697697], [-94.0335860998433, 36.4393432332521], [-94.0333176392189, 36.4395072949423], [-94.0333381450619, 36.4395292022806], [-94.0329613565975, 36.4397594631067], [-94.032522207086, 36.4400275112543], [-94.032302768425, 36.4401555223282], [-94.0321896831071, 36.4401533810434], [-94.0318314259887, 36.4403466912094], [-94.0314016333292, 36.4405431871504], [-94.0309718388731, 36.4407396811485], [-94.0309566411751, 36.4407151111153], [-94.030503274926, 36.4408750803275], [-94.0300499050835, 36.4410350463192], [-94.0298853283336, 36.4410850989025], [-94.029720749787, 36.4411351543441], [-94.0297327261264, 36.4411608588288], [-94.027506848176, 36.4418377923191], [-94.0252809360897, 36.4425146837713], [-94.0252569888009, 36.4424632727997], [-94.0247955781384, 36.4426035779451], [-94.0243341656792, 36.4427438842821], [-94.0227798583538, 36.4432343051663], [-94.0212491749237, 36.4436997087155], [-94.0212731222126, 36.4437511217585], [-94.0202399769908, 36.4440652351563], [-94.0192068236842, 36.4443793400561], [-94.0191948518364, 36.444353633747], [-94.0185627361171, 36.4445458083086], [-94.0179306159062, 36.444737978781], [-94.017942587754, 36.4447636856853], [-94.016605141823, 36.4451702690104], [-94.0152408865707, 36.4455850107987], [-94.0152384081188, 36.4455857652182], [-94.0136526894028, 36.4460677763594], [-94.0120375769125, 36.4465586943491], [-94.0113754008688, 36.4466964752253], [-94.0109648977334, 36.44678188884], [-94.0108329442013, 36.4468093452351]]]}, "properties": {"FeatClass": "Fee", "Category": "Fee", "Own_Type": "FED", "Own_Name": "NPS", "Unit_Nm": "Pea Ridge National Military Park", "State_Nm": "AR", "GIS_Acres": 4256}}, {"type": "Feature", "geometry": {"type": "Polygon", "coordinates": [[[-94.0505036583641, 36.4718763490941], [-94.0460766223034, 36.4699466583524], [-94.0460946371181, 36.4694937039456], [-94.0349065882766, 36.4692029130367], [-94.0348643476953, 36.4706153777236], [-94.0338507498142, 36.4713964177179], [-94.0332198953295, 36.4718825182114], [-94.0308740527628, 36.4718379322419], [-94.0280548079229, 36.4699709359473], [-94.0280828847671, 36.4690648427245], [-94.0235728847984, 36.4689788908944], [-94.0237868617024, 36.4626378008807], [-94.0192648557499, 36.4625514546831], [-94.0192342339785, 36.4634574968818], [-94.0147121858051, 36.4633709832642], [-94.0146508030235, 36.465183997323], [-94.0135219746475, 36.4651623760918], [-94.0133991803381, 36.4687874660448], [-94.0054901421838, 36.4686356728292], [-94.0054815974088, 36.4689256307639], [-94.0035194729107, 36.4688878958462], [-94.0036272958977, 36.4652095240655], [-93.999142856592, 36.4651234877697], [-93.9994607613879, 36.4542033471518], [-93.9996638632871, 36.4470858047794], [-94.0062101176295, 36.4471032753212], [-94.0086644748858, 36.4471050182563], [-94.0086643733762, 36.4471324839308], [-94.0096837582044, 36.4471346076805], [-94.0096838444427, 36.4471071420067], [-94.0097819368785, 36.4471073457827], [-94.0107248103973, 36.4470269199849], [-94.0112001063192, 36.4469863742924], [-94.0113707026799, 36.446945785222], [-94.0116666822946, 36.4468753652662], [-94.0121332573717, 36.4467643560812], [-94.01369679309, 36.4462891136905], [-94.0152256610249, 36.4458243847046], [-94.0152317228565, 36.4458225420189], [-94.018038361638, 36.4449693420589], [-94.0180503352824, 36.4449950488866], [-94.018682454595, 36.4448028783283], [-94.0193145748059, 36.4446107022357], [-94.0193026011615, 36.4445849960032], [-94.0203357562647, 36.444270889768], [-94.0213689032831, 36.4439567757575], [-94.0213808760292, 36.4439824807528], [-94.0228398478484, 36.4435388810454], [-94.0248555757179, 36.442908154132], [-94.0253886997878, 36.4427460421165], [-94.0253767261434, 36.4427203352663], [-94.0276026436196, 36.4420434412722], [-94.0298285260615, 36.4413665059626], [-94.0298405006043, 36.4413922110934], [-94.0300050791509, 36.4413421572629], [-94.0301696576974, 36.4412921041228], [-94.0306391334346, 36.4411264541737], [-94.0311086082734, 36.4409608038711], [-94.0310934105755, 36.4409362339078], [-94.0318644552451, 36.4405495437643], [-94.0326364341626, 36.4401622721089], [-94.0327495033108, 36.440164425679], [-94.0335021603648, 36.4397044672682], [-94.0335226662078, 36.4397263731054], [-94.0341951989284, 36.4393153687902], [-94.0346507139477, 36.4390369859556], [-94.034622681121, 36.4398759428634], [-94.036476956581, 36.4398315892589], [-94.0370207768911, 36.4398242670888], [-94.0376462046531, 36.4396940021555], [-94.0380730517368, 36.4398301670293], [-94.0383198440982, 36.4398616699869], [-94.0387593798852, 36.4400899092266], [-94.0395104002088, 36.4399207936441], [-94.0397695075744, 36.4397083227596], [-94.040229322829, 36.4395869632168], [-94.0407101541697, 36.4395974297892], [-94.0407566976812, 36.4382012706502], [-94.0426065911593, 36.4382415210162], [-94.0425601662254, 36.4396376808765], [-94.047061279161, 36.4397354961997], [-94.0471558061834, 36.4368932593438], [-94.0538614108774, 36.4370386732347], [-94.0539972837591, 36.4334147718894], [-94.0541430533803, 36.4334179288063], [-94.054151543358, 36.4331914348742], [-94.0562259249273, 36.4332363408326], [-94.0562174403394, 36.4334628368018], [-94.0584375969197, 36.4335108583202], [-94.0582706180747, 36.4371339110624], [-94.0593728976407, 36.4371577392913], [-94.0592042191832, 36.4406155308206], [-94.0580809962946, 36.4406163033551], [-94.0574207462389, 36.4406069606726], [-94.0574159842696, 36.4408266579486], [-94.0580748329535, 36.4408359796473], [-94.0591941400857, 36.4408221448846], [-94.0651934129465, 36.4409516606861], [-94.0649304742662, 36.4481996467363], [-94.0604444745869, 36.4481028298781], [-94.0601810822574, 36.4553507829707], [-94.0599846602307, 36.460223439238], [-94.060932336143, 36.4602363313072], [-94.0608363781044, 36.4626172041179], [-94.0632924197019, 36.4626505820113], [-94.0630891776655, 36.4687969368116], [-94.0633480047567, 36.4693860733009], [-94.0615618413582, 36.4704349647334], [-94.0608308498721, 36.4710199372151], [-94.0611790467577, 36.4713833360727], [-94.0583781248546, 36.4700330801119], [-94.0568597321743, 36.4720408570337], [-94.0505036583641, 36.4718763490941]]]}, "properties": {"FeatClass": "Fee", "Category": "Fee", "Own_Type": "FED", "Own_Name": "NPS", "Unit_Nm": "Pea Ridge National Military Park", "State_Nm": "AR", "GIS_Acres": 4256}}, {"type": "Feature", "geometry": {"type": "Polygon", "coordinates": [[[-94.2951199893044, 35.9950868809715], [-94.295080010681, 35.9949287209323], [-94.2920910839654, 35.9957559200414], [-94.2907880246452, 35.9960974851146], [-94.2903585113618, 35.9962229068707], [-94.2900770404372, 35.9963104090864], [-94.2898056737629, 35.9964133088817], [-94.2897307389968, 35.9964851523109], [-94.2896364590111, 35.9965534148095], [-94.2894852653623, 35.9966501482593], [-94.2894333696883, 35.9966863238849], [-94.2893951885938, 35.9966988020189], [-94.2893472356256, 35.9967036562007], [-94.2893171393686, 35.9966611546633], [-94.2894746445807, 35.9964469699395], [-94.2902629728364, 35.9955753768461], [-94.2913046322903, 35.994476024115], [-94.291668901833, 35.9940857937714], [-94.2918161653525, 35.9940203796759], [-94.2935966846361, 35.9921716360881], [-94.2956622681055, 35.9900279726573], [-94.3000290191258, 35.9852452988551], [-94.3005643171187, 35.9847434717624], [-94.3009715036741, 35.984244025702], [-94.3015077386099, 35.9837719428859], [-94.3019204363295, 35.9834660888885], [-94.3025895006548, 35.9831553721481], [-94.3030601424052, 35.9829527369632], [-94.3037152549958, 35.9827912793166], [-94.3041536211764, 35.9827382816798], [-94.3053245050806, 35.9826712742338], [-94.3066441994033, 35.9826759351934], [-94.3084059214396, 35.9827615726438], [-94.3116167778444, 35.9828575931883], [-94.3134012506136, 35.9828759396746], [-94.3132783628794, 35.9864910366987], [-94.3163099496895, 35.986544167014], [-94.3163070777756, 35.9861038982554], [-94.3170200463621, 35.9861259983231], [-94.3169850794396, 35.986939737928], [-94.3183760532834, 35.9869636796564], [-94.3183775426902, 35.9865196567408], [-94.3187098070559, 35.9865289941963], [-94.3187275802238, 35.9877628013618], [-94.3198412773771, 35.9878353809881], [-94.3198380057128, 35.986560212807], [-94.3223496386533, 35.9866373117975], [-94.3223449027351, 35.9884602456832], [-94.3222496337043, 35.9914784932552], [-94.3221793306519, 35.9938591060293], [-94.3195885875759, 35.9938031693415], [-94.3161108228354, 35.9937405866634], [-94.3131344913984, 35.9936917980727], [-94.3130714359537, 35.9966672371108], [-94.3129762046521, 35.9995289922661], [-94.3112766101009, 35.999506741154], [-94.308679602174, 35.9994506427707], [-94.3042034219791, 35.9993207209712], [-94.3041904161704, 35.9985777303608], [-94.3012483770211, 35.9985280079609], [-94.2975206030522, 35.9984813837346], [-94.2975219469319, 35.9983601270405], [-94.2974744763591, 35.9982123351086], [-94.2974231106911, 35.9981038117356], [-94.2972652704075, 35.9979699289955], [-94.2971326817665, 35.9978746303587], [-94.2969803930713, 35.9977680063054], [-94.2968712890868, 35.9976565803127], [-94.2967037910155, 35.9975228959498], [-94.2965809293324, 35.997431282254], [-94.2964283909056, 35.9973168970763], [-94.2963385207497, 35.9972012217016], [-94.2961921196129, 35.9970615231942], [-94.2960834342433, 35.9969619056579], [-94.2959939943803, 35.9968657838134], [-94.2958848930908, 35.9967543558194], [-94.2958536631599, 35.9966689690348], [-94.2958165160263, 35.9965483840099], [-94.2958191759378, 35.9964739823557], [-94.2958308423584, 35.996379903638], [-94.2957800004083, 35.9962830979049], [-94.2956863402601, 35.9962065839567], [-94.2955780178099, 35.9961226479749], [-94.2955030453146, 35.9960223031905], [-94.2954376749114, 35.9959257383128], [-94.2953571130984, 35.9958020981756], [-94.2952750394208, 35.9956276470621], [-94.2952061332486, 35.9954021062724], [-94.2951199893044, 35.9950868809715]]]}, "properties": {"FeatClass": "Fee", "Category": "Fee", "Own_Type": "STAT", "Own_Name": "SPR", "Unit_Nm": "Prairie Grove Battlefield State Park", "State_Nm": "AR", "GIS_Acres": 839}}, {"type": "Feature", "geometry": {"type": "Polygon", "coordinates": [[[-94.3242290103474, 36.000370715171], [-94.324258031321, 35.9992465632164], [-94.3264529560216, 35.9993080412129], [-94.3264016756936, 36.000332108079], [-94.3242290103474, 36.000370715171]]]}, "properties": {"FeatClass": "Fee", "Category": "Fee", "Own_Type": "STAT", "Own_Name": "SPR", "Unit_Nm": "Prairie Grove Battlefield State Park", "State_Nm": "AR", "GIS_Acres": 839}}, {"type": "Feature", "geometry": {"type": "Polygon", "coordinates": [[[-96.5903142547406, 32.7719964559206], [-96.5903128201311, 32.7719162751716], [-96.5901247066224, 32.7719236018942], [-96.5900799417752, 32.7719250649727], [-96.5899809806685, 32.7719286739497], [-96.5897404908872, 32.771937435047], [-96.5896020667901, 32.7719424700905], [-96.5895419416498, 32.7719445789774], [-96.5894984703766, 32.7719461470467], [-96.5894253142748, 32.7719487831554], [-96.5893496294155, 32.7719515861923], [-96.5892536534105, 32.7719549398662], [-96.5892013319351, 32.7719568568985], [-96.5891665833033, 32.7719581228348], [-96.5891315957196, 32.7719593872604], [-96.5890972540246, 32.7719606033447], [-96.5890394761822, 32.7719626888161], [-96.5889933108614, 32.7719643822701], [-96.5889648612164, 32.7719653732654], [-96.5889336321838, 32.7719666089884], [-96.588934703874, 32.7719249501622], [-96.588935877972, 32.7718810313615], [-96.5889366523198, 32.7718509139814], [-96.5889370610533, 32.771834258136], [-96.5889378893, 32.7718029201216], [-96.5889385783078, 32.7717768996437], [-96.5889386250202, 32.7717747341027], [-96.5889497201123, 32.7713655901771], [-96.5889533609841, 32.7711269842082], [-96.5889434669396, 32.7711277070676], [-96.5889147091724, 32.7711297842497], [-96.5888862712054, 32.7711318659637], [-96.5888688223294, 32.7711331326671], [-96.5888354687811, 32.7711355671243], [-96.5887647560969, 32.7711407079606], [-96.5887333923171, 32.7711430192974], [-96.5887243696384, 32.7711437179858], [-96.5887102211727, 32.7711448570367], [-96.5886822251769, 32.771147018061], [-96.5886584009572, 32.7711488482469], [-96.588625531601, 32.7711514156434], [-96.5886046700251, 32.7711530600158], [-96.5885749142296, 32.7711553698416], [-96.5885288513168, 32.7711589577004], [-96.5885158769492, 32.771159650346], [-96.5884993048288, 32.7711605809233], [-96.5884930750123, 32.771160917049], [-96.5884898177211, 32.7711610937982], [-96.5884882753137, 32.771161204833], [-96.5884769340833, 32.7711620190881], [-96.5884022059297, 32.7711675232407], [-96.5880426022367, 32.7711940129619], [-96.5879961773028, 32.7711974686349], [-96.5876147238871, 32.7712205019198], [-96.5876148128203, 32.77121854786], [-96.5876148541428, 32.7712176837531], [-96.5876150095513, 32.7712141208228], [-96.5876151263323, 32.7712115783543], [-96.5876152287403, 32.7712092420931], [-96.5876153275549, 32.7712069058319], [-96.5876154128949, 32.7712049827406], [-96.587615641067, 32.7711999559641], [-96.5876160417156, 32.7711908737755], [-96.5876165447721, 32.771179506687], [-96.5876189037481, 32.771126021151], [-96.587621029162, 32.771077701349], [-96.5876218178828, 32.7710410923081], [-96.5876227988431, 32.7710243766393], [-96.5876248029845, 32.7709827173721], [-96.5876254039575, 32.7709722551546], [-96.5876259106073, 32.7709628723173], [-96.5876261450676, 32.7709558166828], [-96.58762619178, 32.7709548490918], [-96.5876309941735, 32.7707852606552], [-96.5876344679587, 32.7706625499987], [-96.5876394859479, 32.7704923370908], [-96.5876410553047, 32.7704509049333], [-96.5876432391091, 32.7703704047916], [-96.5876449701627, 32.7703070207171], [-96.5876450240616, 32.7703054820775], [-96.5878702299067, 32.770246491807], [-96.5880625457343, 32.7702022700394], [-96.5881781499282, 32.7701854182506], [-96.5883405958743, 32.7701635917426], [-96.5884937370707, 32.7701567467866], [-96.5885101223414, 32.7701560163659], [-96.5885248349492, 32.7701553289999], [-96.5887522138189, 32.770152664135], [-96.5888449370243, 32.7701515477317], [-96.588916286614, 32.7701507470637], [-96.5889614242621, 32.7701501533608], [-96.5889619246237, 32.7701501458073], [-96.5889627286159, 32.7701501367431], [-96.5891157117088, 32.7701481456478], [-96.5893725508283, 32.7701447956826], [-96.5895842361301, 32.7701420190259], [-96.5896639822728, 32.770140947188], [-96.5897152356513, 32.7701402749289], [-96.5897810399408, 32.7701394266739], [-96.5898148058157, 32.7701389840403], [-96.5898540666852, 32.7701384817344], [-96.5898748977183, 32.7701382098093], [-96.5898794539734, 32.7701381539136], [-96.5901897159029, 32.7701337517491], [-96.5903736881781, 32.7701311042565], [-96.5905830899625, 32.7701274952065], [-96.5906377740071, 32.7701263991974], [-96.5906566512044, 32.7701257677269], [-96.5906795816004, 32.7701250252204], [-96.5906955662225, 32.7701244957218], [-96.5907020376858, 32.7701242910227], [-96.590698810039, 32.770298099326], [-96.5906953892544, 32.7704871093525], [-96.5906927994115, 32.7706255933291], [-96.5906898888699, 32.7707848097161], [-96.5906898807851, 32.7707852606552], [-96.5906874508423, 32.7709144451683], [-96.5907130609127, 32.7709147797843], [-96.5907586504134, 32.7709153833016], [-96.5907920982847, 32.7709158191332], [-96.5908295948629, 32.7709163169027], [-96.5908676169556, 32.770916822981], [-96.5909369821669, 32.770917731656], [-96.5913217710273, 32.7709228490893], [-96.5913259401085, 32.7709228981864], [-96.5913258790231, 32.7709249066373], [-96.5913197776657, 32.7712656371403], [-96.5913181606982, 32.7713609841324], [-96.5913168249034, 32.771443034839], [-96.5913148216603, 32.7715797377587], [-96.5913138002758, 32.771648959663], [-96.5913122003763, 32.7717565018618], [-96.5913107828348, 32.7718549338625], [-96.5913075129671, 32.7719142803391], [-96.5912994658588, 32.7720619650488], [-96.591291907434, 32.7722007343558], [-96.5910498303296, 32.7722035608001], [-96.5909390204443, 32.7722048531693], [-96.5907320926203, 32.7722072483202], [-96.5906404761394, 32.7722082453555], [-96.5905822877669, 32.7722088488639], [-96.5905591390803, 32.7722091970709], [-96.5905302321928, 32.7722096570668], [-96.5903178390186, 32.7722119721525], [-96.5903176018634, 32.7721871950674], [-96.5903142547406, 32.7719964559206]]]}, "properties": {"FeatClass": "Fee", "Category": "Fee", "Own_Type": "LOC", "Own_Name": "CITY", "Unit_Nm": "Opal Lawrence Historical Park", "State_Nm": "TX", "GIS_Acres": 14}}]}